stem,model,perturbation,level,psnr,ssim,lpips,clip_cos,dinov2L_cos
20260505_122104_654322_a473e239,teacher_15b,clean,0.0,22.118239084163243,0.7986524105072021,0.12375231087207794,0.9814854264259338,0.9464238882064819
20260505_122104_654322_a473e239,student_l1b_c,clean,0.0,21.80071930619508,0.774803638458252,0.1425943523645401,0.9695598483085632,0.9273009300231934
20260505_122104_654322_a473e239,teacher_15b,exposure,0.8,24.165859698364414,0.8059611320495605,0.12146314233541489,0.9830057621002197,0.9396203756332397
20260505_122104_654322_a473e239,student_l1b_c,exposure,0.8,23.519224011913778,0.7761259078979492,0.14653868973255157,0.9707268476486206,0.9237312078475952
20260505_122104_654322_a473e239,teacher_15b,exposure,1.2,20.280435478844403,0.7851468324661255,0.12936308979988098,0.9806522130966187,0.9455063939094543
20260505_122104_654322_a473e239,student_l1b_c,exposure,1.2,19.776412892396653,0.7620062828063965,0.14963269233703613,0.9679922461509705,0.9322735071182251
20260505_122104_654322_a473e239,teacher_15b,gamma,0.8,21.788840935333358,0.7963985800743103,0.12656369805335999,0.9815284013748169,0.9437072277069092
20260505_122104_654322_a473e239,student_l1b_c,gamma,0.8,21.68111252758029,0.774347186088562,0.14512299001216888,0.9708577990531921,0.9247318506240845
20260505_122104_654322_a473e239,teacher_15b,gamma,1.2,22.47627046909625,0.7994277477264404,0.12178546190261841,0.9841828346252441,0.9482359886169434
20260505_122104_654322_a473e239,student_l1b_c,gamma,1.2,22.027635363758158,0.77374267578125,0.14199241995811462,0.9670170545578003,0.9284776449203491
20260505_122104_654322_a473e239,teacher_15b,blur,1.0,17.160153581260317,0.6616546511650085,0.36606186628341675,0.9326744079589844,0.8484702110290527
20260505_122104_654322_a473e239,student_l1b_c,blur,1.0,17.00930765687601,0.6508622169494629,0.4160202443599701,0.8533424735069275,0.864275336265564
20260505_122104_654322_a473e239,teacher_15b,blur,2.0,14.420580706009876,0.5683934092521667,0.625222384929657,0.670386791229248,0.5759145021438599
20260505_122104_654322_a473e239,student_l1b_c,blur,2.0,15.434250536432119,0.5623036623001099,0.6327542662620544,0.6798361539840698,0.6886386871337891
20260505_122104_654322_a473e239,teacher_15b,noise,0.01,23.665904637520825,0.786864697933197,0.1332317441701889,0.9783672094345093,0.9331530332565308
20260505_122104_654322_a473e239,student_l1b_c,noise,0.01,21.687836732819004,0.7527819871902466,0.1692502349615097,0.9691981673240662,0.9062902927398682
20260505_122104_654322_a473e239,teacher_15b,noise,0.03,20.334017367933285,0.6339887380599976,0.3056696653366089,0.8798971176147461,0.7156959772109985
20260505_122104_654322_a473e239,student_l1b_c,noise,0.03,17.16267363675708,0.5661789774894714,0.374897301197052,0.7788884043693542,0.7520042657852173
20260505_135001_493941_cf8c21ee,teacher_15b,clean,0.0,24.551209898747143,0.7800814509391785,0.084272600710392,0.9879767894744873,0.8571584224700928
20260505_135001_493941_cf8c21ee,student_l1b_c,clean,0.0,23.211504140553973,0.7483291625976562,0.10341513901948929,0.9770999550819397,0.8729047775268555
20260505_135001_493941_cf8c21ee,teacher_15b,exposure,0.8,24.95766740896012,0.7819918990135193,0.08646093308925629,0.9857962131500244,0.8611373901367188
20260505_135001_493941_cf8c21ee,student_l1b_c,exposure,0.8,23.23296314038254,0.7507902383804321,0.10857728868722916,0.9697111248970032,0.8641040325164795
20260505_135001_493941_cf8c21ee,teacher_15b,exposure,1.2,23.94299653260511,0.7725855708122253,0.08651396632194519,0.9891079068183899,0.8584071397781372
20260505_135001_493941_cf8c21ee,student_l1b_c,exposure,1.2,22.09786791000784,0.7339802980422974,0.10861150920391083,0.9725463390350342,0.7343088388442993
20260505_135001_493941_cf8c21ee,teacher_15b,gamma,0.8,24.51528133987402,0.7796530723571777,0.08566629141569138,0.9881799221038818,0.8483037948608398
20260505_135001_493941_cf8c21ee,student_l1b_c,gamma,0.8,22.968100880836566,0.7448060512542725,0.10662810504436493,0.9715232849121094,0.8650625944137573
20260505_135001_493941_cf8c21ee,teacher_15b,gamma,1.2,24.589150926472744,0.7805724143981934,0.08317940682172775,0.9867555499076843,0.8648108839988708
20260505_135001_493941_cf8c21ee,student_l1b_c,gamma,1.2,23.36540314231317,0.7512669563293457,0.10204172134399414,0.9782167673110962,0.8821090459823608
20260505_135001_493941_cf8c21ee,teacher_15b,blur,1.0,19.41796931066176,0.7325376868247986,0.2648913860321045,0.9479374289512634,0.6534853577613831
20260505_135001_493941_cf8c21ee,student_l1b_c,blur,1.0,13.643322104148885,0.623548150062561,0.41759636998176575,0.8415087461471558,0.40903255343437195
20260505_135001_493941_cf8c21ee,teacher_15b,blur,2.0,12.118365035428694,0.6028732061386108,0.5931111574172974,0.8193156719207764,0.36222049593925476
20260505_135001_493941_cf8c21ee,student_l1b_c,blur,2.0,12.698973274036803,0.5934258699417114,0.6258211731910706,0.7992305755615234,0.32214486598968506
20260505_135001_493941_cf8c21ee,teacher_15b,noise,0.01,23.782178087604883,0.761527419090271,0.10690712928771973,0.9742015600204468,0.835586667060852
20260505_135001_493941_cf8c21ee,student_l1b_c,noise,0.01,22.728565264828248,0.7129070162773132,0.16891096532344818,0.9312328696250916,0.8886614441871643
20260505_135001_493941_cf8c21ee,teacher_15b,noise,0.03,19.93069068707684,0.5908529162406921,0.2837521731853485,0.8999711871147156,0.745484471321106
20260505_135001_493941_cf8c21ee,student_l1b_c,noise,0.03,14.912455153527286,0.4055342674255371,0.6026440858840942,0.8055061101913452,0.6309572458267212
20260505_121817_357741_a473e239,teacher_15b,clean,0.0,23.338771714201933,0.7358644008636475,0.14194971323013306,0.9606581926345825,0.9271061420440674
20260505_121817_357741_a473e239,student_l1b_c,clean,0.0,20.324678073397706,0.6744074821472168,0.2333868145942688,0.9616206884384155,0.8848691582679749
20260505_121817_357741_a473e239,teacher_15b,exposure,0.8,22.50636793959255,0.7321407198905945,0.14528287947177887,0.9530347585678101,0.9247560501098633
20260505_121817_357741_a473e239,student_l1b_c,exposure,0.8,19.497362938560194,0.6676790118217468,0.23964963853359222,0.9563671946525574,0.8843725919723511
20260505_121817_357741_a473e239,teacher_15b,exposure,1.2,23.337094235478617,0.7317293882369995,0.14894796907901764,0.9591104984283447,0.9241553544998169
20260505_121817_357741_a473e239,student_l1b_c,exposure,1.2,19.863430202969994,0.6590248942375183,0.24138295650482178,0.9354981184005737,0.870830774307251
20260505_121817_357741_a473e239,teacher_15b,gamma,0.8,23.39173385709026,0.7362443804740906,0.14173926413059235,0.9634531736373901,0.9284301400184631
20260505_121817_357741_a473e239,student_l1b_c,gamma,0.8,20.354436064090315,0.6762028932571411,0.23457692563533783,0.9520403146743774,0.8842014074325562
20260505_121817_357741_a473e239,teacher_15b,gamma,1.2,23.260000265348488,0.7352825403213501,0.14213308691978455,0.9553526043891907,0.9267585277557373
20260505_121817_357741_a473e239,student_l1b_c,gamma,1.2,20.237616836775963,0.6714217066764832,0.23343470692634583,0.9505071640014648,0.8831527233123779
20260505_121817_357741_a473e239,teacher_15b,blur,1.0,19.444270305900496,0.6309812664985657,0.3810543119907379,0.935769259929657,0.8771539926528931
20260505_121817_357741_a473e239,student_l1b_c,blur,1.0,17.730258345423966,0.5712458491325378,0.4880062937736511,0.8853970170021057,0.751556932926178
20260505_121817_357741_a473e239,teacher_15b,blur,2.0,14.899329634047195,0.4434504508972168,0.7149019241333008,0.6890342831611633,0.32220345735549927
20260505_121817_357741_a473e239,student_l1b_c,blur,2.0,14.739871317859471,0.4485849142074585,0.7415795922279358,0.7497029304504395,0.4343206286430359
20260505_121817_357741_a473e239,teacher_15b,noise,0.01,22.70987303163547,0.7123016119003296,0.1602211594581604,0.9316325187683105,0.9175841212272644
20260505_121817_357741_a473e239,student_l1b_c,noise,0.01,19.617646469237094,0.6529769897460938,0.25101304054260254,0.9500550627708435,0.8722177147865295
20260505_121817_357741_a473e239,teacher_15b,noise,0.03,18.460548736119918,0.5878192782402039,0.3302173316478729,0.9002290964126587,0.8642539978027344
20260505_121817_357741_a473e239,student_l1b_c,noise,0.03,17.29725278266877,0.5257051587104797,0.36617201566696167,0.9163069725036621,0.7734781503677368
20260504_200224_1d2f5c44,teacher_15b,clean,0.0,21.35030495722301,0.7648688554763794,0.17307069897651672,0.8933779001235962,0.9539472460746765
20260504_200224_1d2f5c44,student_l1b_c,clean,0.0,16.837810999608777,0.6492776870727539,0.25852641463279724,0.8651596307754517,0.9286048412322998
20260504_200224_1d2f5c44,teacher_15b,exposure,0.8,21.691474107605956,0.7739794254302979,0.17677563428878784,0.8957202434539795,0.9412228465080261
20260504_200224_1d2f5c44,student_l1b_c,exposure,0.8,17.921035125148922,0.6672391891479492,0.25587305426597595,0.870387852191925,0.9285270571708679
20260504_200224_1d2f5c44,teacher_15b,exposure,1.2,20.343524312348855,0.7447288036346436,0.17499954998493195,0.8882626891136169,0.9629063606262207
20260504_200224_1d2f5c44,student_l1b_c,exposure,1.2,15.933327639348352,0.6285865306854248,0.2668759822845459,0.8561405539512634,0.9262735247612
20260504_200224_1d2f5c44,teacher_15b,gamma,0.8,21.396876694980897,0.7657238245010376,0.1720101535320282,0.8930034637451172,0.9546905755996704
20260504_200224_1d2f5c44,student_l1b_c,gamma,0.8,16.74789572660677,0.6471094489097595,0.25920456647872925,0.8668636679649353,0.9252831339836121
20260504_200224_1d2f5c44,teacher_15b,gamma,1.2,21.326157046238205,0.7643084526062012,0.17509329319000244,0.8968850374221802,0.9525366425514221
20260504_200224_1d2f5c44,student_l1b_c,gamma,1.2,17.02490009646856,0.6532645225524902,0.2581311762332916,0.8635735511779785,0.9306791424751282
20260504_200224_1d2f5c44,teacher_15b,blur,1.0,15.469420190214912,0.6047274470329285,0.4119113087654114,0.7906208634376526,0.8604630827903748
20260504_200224_1d2f5c44,student_l1b_c,blur,1.0,14.511349255082777,0.5774468183517456,0.4563788175582886,0.7710701823234558,0.849000096321106
20260504_200224_1d2f5c44,teacher_15b,blur,2.0,13.27472084558491,0.5197950601577759,0.5985367894172668,0.6912937164306641,0.697395920753479
20260504_200224_1d2f5c44,student_l1b_c,blur,2.0,13.852142739369196,0.5200521945953369,0.6133146286010742,0.6781765818595886,0.7888420224189758
20260504_200224_1d2f5c44,teacher_15b,noise,0.01,19.848499197191714,0.7162398099899292,0.19999244809150696,0.8793879747390747,0.9472496509552002
20260504_200224_1d2f5c44,student_l1b_c,noise,0.01,16.021761960419077,0.6260597705841064,0.2782006859779358,0.8447712063789368,0.906798243522644
20260504_200224_1d2f5c44,teacher_15b,noise,0.03,16.20993514823939,0.5866137742996216,0.36042895913124084,0.7655059099197388,0.9143859148025513
20260504_200224_1d2f5c44,student_l1b_c,noise,0.03,14.464640655568491,0.5372347831726074,0.40730705857276917,0.7515453696250916,0.9025912284851074
20260505_134310_585667_cf8c21ee,teacher_15b,clean,0.0,17.10482826395252,0.48090267181396484,0.16236017644405365,0.9139001369476318,0.8693965673446655
20260505_134310_585667_cf8c21ee,student_l1b_c,clean,0.0,15.825079013128214,0.4310074746608734,0.22540171444416046,0.9251879453659058,0.745313286781311
20260505_134310_585667_cf8c21ee,teacher_15b,exposure,0.8,17.325168715217362,0.4765952527523041,0.17552414536476135,0.9104871153831482,0.8520323038101196
20260505_134310_585667_cf8c21ee,student_l1b_c,exposure,0.8,16.148151490892488,0.43526729941368103,0.22751522064208984,0.9077287316322327,0.7574019432067871
20260505_134310_585667_cf8c21ee,teacher_15b,exposure,1.2,16.74935621863969,0.47738921642303467,0.1602703332901001,0.9187541007995605,0.8609840869903564
20260505_134310_585667_cf8c21ee,student_l1b_c,exposure,1.2,14.987665301093145,0.4150277376174927,0.2439778596162796,0.9170202612876892,0.7343756556510925
20260505_134310_585667_cf8c21ee,teacher_15b,gamma,0.8,17.10477260958148,0.48132210969924927,0.16161921620368958,0.9161058664321899,0.8705511689186096
20260505_134310_585667_cf8c21ee,student_l1b_c,gamma,0.8,15.908528677479449,0.4329363703727722,0.22030337154865265,0.9136713147163391,0.7624408006668091
20260505_134310_585667_cf8c21ee,teacher_15b,gamma,1.2,17.11868594850983,0.4798664450645447,0.16398018598556519,0.9186933636665344,0.8657487630844116
20260505_134310_585667_cf8c21ee,student_l1b_c,gamma,1.2,15.737568414404253,0.42852067947387695,0.2310338318347931,0.9294723868370056,0.7320554256439209
20260505_134310_585667_cf8c21ee,teacher_15b,blur,1.0,12.702253275820317,0.3309466540813446,0.5048114061355591,0.7565872073173523,0.5385099649429321
20260505_134310_585667_cf8c21ee,student_l1b_c,blur,1.0,12.038645632725608,0.32219812273979187,0.5327218174934387,0.7847304940223694,0.5780327320098877
20260505_134310_585667_cf8c21ee,teacher_15b,blur,2.0,11.326120543960387,0.2182653844356537,0.8180010318756104,0.6513238549232483,0.29676708579063416
20260505_134310_585667_cf8c21ee,student_l1b_c,blur,2.0,11.183759002960723,0.24618089199066162,0.796486496925354,0.6917718648910522,0.39054542779922485
20260505_134310_585667_cf8c21ee,teacher_15b,noise,0.01,16.166653839072087,0.42277225852012634,0.2153005748987198,0.8596770167350769,0.752514660358429
20260505_134310_585667_cf8c21ee,student_l1b_c,noise,0.01,12.607539617683909,0.3237541913986206,0.4085546135902405,0.9075601696968079,0.6670401096343994
20260505_134310_585667_cf8c21ee,teacher_15b,noise,0.03,10.9640642824111,0.250255286693573,0.5069201588630676,0.843593418598175,0.5741863250732422
20260505_134310_585667_cf8c21ee,student_l1b_c,noise,0.03,12.118143700907444,0.28356122970581055,0.5124846696853638,0.8021161556243896,0.5305770039558411
20260505_130402_976849_a473e239,teacher_15b,clean,0.0,26.478097708147533,0.794066846370697,0.10645484924316406,0.9765394330024719,0.9592597484588623
20260505_130402_976849_a473e239,student_l1b_c,clean,0.0,24.482453254425693,0.753217339515686,0.15053728222846985,0.9690695405006409,0.8763614892959595
20260505_130402_976849_a473e239,teacher_15b,exposure,0.8,25.994518688433867,0.7924540042877197,0.10834139585494995,0.9744291305541992,0.9583302736282349
20260505_130402_976849_a473e239,student_l1b_c,exposure,0.8,23.27692434846292,0.7498748302459717,0.15279045701026917,0.9677172899246216,0.8655884265899658
20260505_130402_976849_a473e239,teacher_15b,exposure,1.2,25.782526814558736,0.7916049361228943,0.10988160967826843,0.9725339412689209,0.9567722082138062
20260505_130402_976849_a473e239,student_l1b_c,exposure,1.2,23.432349342880006,0.7443035840988159,0.1568627804517746,0.9617652893066406,0.8817195892333984
20260505_130402_976849_a473e239,teacher_15b,gamma,0.8,26.37702140427625,0.7933656573295593,0.10710939764976501,0.977022647857666,0.9591572284698486
20260505_130402_976849_a473e239,student_l1b_c,gamma,0.8,24.528286219772298,0.7546395063400269,0.14867271482944489,0.9701521396636963,0.8771592378616333
20260505_130402_976849_a473e239,teacher_15b,gamma,1.2,26.54411833724433,0.7942080497741699,0.10579467564821243,0.9736406207084656,0.9587630033493042
20260505_130402_976849_a473e239,student_l1b_c,gamma,1.2,24.40662323001301,0.7514178156852722,0.1531217396259308,0.9688392877578735,0.8744980096817017
20260505_130402_976849_a473e239,teacher_15b,blur,1.0,23.032116770519742,0.675517737865448,0.2871948778629303,0.9617385864257812,0.8968527317047119
20260505_130402_976849_a473e239,student_l1b_c,blur,1.0,21.037356660106774,0.612285315990448,0.3892621397972107,0.9206377863883972,0.7640697360038757
20260505_130402_976849_a473e239,teacher_15b,blur,2.0,17.88509477140763,0.4827955663204193,0.6372275948524475,0.840646505355835,0.568992018699646
20260505_130402_976849_a473e239,student_l1b_c,blur,2.0,15.970966373938143,0.4539797008037567,0.6923969984054565,0.8023385405540466,0.7118754386901855
20260505_130402_976849_a473e239,teacher_15b,noise,0.01,26.044793807073752,0.7745735049247742,0.12565918266773224,0.9499431848526001,0.9350470304489136
20260505_130402_976849_a473e239,student_l1b_c,noise,0.01,23.591070492519506,0.7266926765441895,0.17397674918174744,0.9460744261741638,0.8585139513015747
20260505_130402_976849_a473e239,teacher_15b,noise,0.03,15.415680697649599,0.5448935031890869,0.3784489035606384,0.8614378571510315,0.7515320777893066
20260505_130402_976849_a473e239,student_l1b_c,noise,0.03,15.77373607647202,0.4944506883621216,0.3996220827102661,0.8756202459335327,0.7647157311439514
20260505_144114_748299_f00ca076,teacher_15b,clean,0.0,30.38983349812849,0.9017741680145264,0.04588281363248825,0.9791040420532227,0.9076238870620728
20260505_144114_748299_f00ca076,student_l1b_c,clean,0.0,29.733860524726715,0.8727158308029175,0.07341188192367554,0.9520736336708069,0.9314404129981995
20260505_144114_748299_f00ca076,teacher_15b,exposure,0.8,31.51780469162327,0.9005557894706726,0.04946235567331314,0.9802063703536987,0.9165070652961731
20260505_144114_748299_f00ca076,student_l1b_c,exposure,0.8,27.351091109262033,0.8657426238059998,0.07605485618114471,0.9466642141342163,0.9132171869277954
20260505_144114_748299_f00ca076,teacher_15b,exposure,1.2,27.228162740683462,0.8992237448692322,0.04769740253686905,0.9773929119110107,0.9149208068847656
20260505_144114_748299_f00ca076,student_l1b_c,exposure,1.2,24.55880982235865,0.8691176176071167,0.08285391330718994,0.9595893025398254,0.938704788684845
20260505_144114_748299_f00ca076,teacher_15b,gamma,0.8,30.138712807425286,0.9018806219100952,0.046309977769851685,0.9795587062835693,0.9096871614456177
20260505_144114_748299_f00ca076,student_l1b_c,gamma,0.8,29.00148735935027,0.8717752695083618,0.074859119951725,0.9527612924575806,0.9340130090713501
20260505_144114_748299_f00ca076,teacher_15b,gamma,1.2,30.579236415903146,0.9008468389511108,0.04616233706474304,0.9778778553009033,0.9061284065246582
20260505_144114_748299_f00ca076,student_l1b_c,gamma,1.2,30.343800165135562,0.8700246214866638,0.07479405403137207,0.9508558511734009,0.9275325536727905
20260505_144114_748299_f00ca076,teacher_15b,blur,1.0,28.344904628173428,0.8474327325820923,0.2324080914258957,0.9405035972595215,0.8987586498260498
20260505_144114_748299_f00ca076,student_l1b_c,blur,1.0,25.74626703738213,0.8147926330566406,0.27532896399497986,0.8955081701278687,0.8076022267341614
20260505_144114_748299_f00ca076,teacher_15b,blur,2.0,21.57803682488309,0.7440276145935059,0.4535363018512726,0.8200249075889587,0.5540074706077576
20260505_144114_748299_f00ca076,student_l1b_c,blur,2.0,22.37579853158863,0.7260362505912781,0.4941684901714325,0.815397322177887,0.4228782057762146
20260505_144114_748299_f00ca076,teacher_15b,noise,0.01,31.768360983725955,0.87469482421875,0.08446202427148819,0.9615004658699036,0.9378819465637207
20260505_144114_748299_f00ca076,student_l1b_c,noise,0.01,28.861900248402755,0.8276774883270264,0.13224461674690247,0.9410018920898438,0.9094631671905518
20260505_144114_748299_f00ca076,teacher_15b,noise,0.03,23.028293646195635,0.6368319988250732,0.3910561203956604,0.8907233476638794,0.7100119590759277
20260505_144114_748299_f00ca076,student_l1b_c,noise,0.03,14.477112560658922,0.45615148544311523,0.5529302954673767,0.7949818968772888,0.5628591775894165
20260505_124008_796946_a473e239,teacher_15b,clean,0.0,25.98717027164669,0.7713191509246826,0.0815625935792923,0.9627040028572083,0.9321346282958984
20260505_124008_796946_a473e239,student_l1b_c,clean,0.0,21.658595332657566,0.7033075094223022,0.21051660180091858,0.9071890115737915,0.900658369064331
20260505_124008_796946_a473e239,teacher_15b,exposure,0.8,24.52026101153542,0.7697269916534424,0.08274389058351517,0.959229588508606,0.92451012134552
20260505_124008_796946_a473e239,student_l1b_c,exposure,0.8,21.152943080670283,0.6909286379814148,0.21735447645187378,0.8904119729995728,0.8988596200942993
20260505_124008_796946_a473e239,teacher_15b,exposure,1.2,26.67302930789277,0.7683796286582947,0.0852891281247139,0.9581650495529175,0.931990385055542
20260505_124008_796946_a473e239,student_l1b_c,exposure,1.2,21.061750918618944,0.7063719630241394,0.211465984582901,0.9169410467147827,0.9001139402389526
20260505_124008_796946_a473e239,teacher_15b,gamma,0.8,26.27739869221578,0.7719327807426453,0.07943764328956604,0.9646397829055786,0.9310051202774048
20260505_124008_796946_a473e239,student_l1b_c,gamma,0.8,21.44281018575693,0.7080512046813965,0.2062268704175949,0.9025864601135254,0.9010254144668579
20260505_124008_796946_a473e239,teacher_15b,gamma,1.2,25.61729342415893,0.7702364921569824,0.08405520766973495,0.9587477445602417,0.9335743188858032
20260505_124008_796946_a473e239,student_l1b_c,gamma,1.2,21.774751246924367,0.6956140398979187,0.21700769662857056,0.9049076437950134,0.9008668661117554
20260505_124008_796946_a473e239,teacher_15b,blur,1.0,25.372601224732826,0.6898922920227051,0.3017752170562744,0.9287388324737549,0.907958984375
20260505_124008_796946_a473e239,student_l1b_c,blur,1.0,22.187383595201457,0.6481106281280518,0.3763672411441803,0.8978467583656311,0.865906834602356
20260505_124008_796946_a473e239,teacher_15b,blur,2.0,16.795402407124914,0.5258535742759705,0.6153699159622192,0.82752525806427,0.7289820313453674
20260505_124008_796946_a473e239,student_l1b_c,blur,2.0,18.590925309681545,0.5316729545593262,0.635820209980011,0.826904296875,0.7465483546257019
20260505_124008_796946_a473e239,teacher_15b,noise,0.01,24.65130833273355,0.7470662593841553,0.11143898218870163,0.9189101457595825,0.8992248773574829
20260505_124008_796946_a473e239,student_l1b_c,noise,0.01,22.41875530777395,0.6864701509475708,0.22126369178295135,0.9124447703361511,0.8914743661880493
20260505_124008_796946_a473e239,teacher_15b,noise,0.03,21.04656849003252,0.5832807421684265,0.3052264153957367,0.9156730771064758,0.7764625549316406
20260505_124008_796946_a473e239,student_l1b_c,noise,0.03,22.89043685831958,0.5938573479652405,0.3285590410232544,0.8298240303993225,0.828116774559021
20260505_154005_0c4eecad,teacher_15b,clean,0.0,23.626051553265878,0.7993283271789551,0.10466928780078888,0.9296857118606567,0.9604036808013916
20260505_154005_0c4eecad,student_l1b_c,clean,0.0,22.040584366559465,0.7564992904663086,0.1486237645149231,0.862774133682251,0.9097120761871338
20260505_154005_0c4eecad,teacher_15b,exposure,0.8,22.745261289158137,0.7848497629165649,0.11154445260763168,0.9263705015182495,0.9536164402961731
20260505_154005_0c4eecad,student_l1b_c,exposure,0.8,20.91135385047354,0.7400112152099609,0.155714750289917,0.8426414132118225,0.8709558844566345
20260505_154005_0c4eecad,teacher_15b,exposure,1.2,23.197827473298936,0.7991137504577637,0.1081627756357193,0.9246886968612671,0.9588037729263306
20260505_154005_0c4eecad,student_l1b_c,exposure,1.2,21.510863054203245,0.7560691833496094,0.15390536189079285,0.8794938325881958,0.9166072607040405
20260505_154005_0c4eecad,teacher_15b,gamma,0.8,23.57817050272925,0.7986088991165161,0.10463378578424454,0.9303805828094482,0.9592828750610352
20260505_154005_0c4eecad,student_l1b_c,gamma,0.8,21.988863353417827,0.7548724412918091,0.1490294188261032,0.8602930903434753,0.9002987742424011
20260505_154005_0c4eecad,teacher_15b,gamma,1.2,23.63449251952328,0.7989804744720459,0.10508172959089279,0.9287328720092773,0.9608536958694458
20260505_154005_0c4eecad,student_l1b_c,gamma,1.2,21.960172666699705,0.7557634115219116,0.15024876594543457,0.8630595803260803,0.9126052856445312
20260505_154005_0c4eecad,teacher_15b,blur,1.0,20.24886671269771,0.6483492255210876,0.36450982093811035,0.836516261100769,0.7987226843833923
20260505_154005_0c4eecad,student_l1b_c,blur,1.0,18.464583296563514,0.6121372580528259,0.41175538301467896,0.8125918507575989,0.7813916206359863
20260505_154005_0c4eecad,teacher_15b,blur,2.0,14.866649396557944,0.4759138226509094,0.631085991859436,0.6870900392532349,0.5530151128768921
20260505_154005_0c4eecad,student_l1b_c,blur,2.0,15.672881440889912,0.4481756091117859,0.6638330221176147,0.7320883274078369,0.4880339205265045
20260505_154005_0c4eecad,teacher_15b,noise,0.01,22.859621058015268,0.7754220962524414,0.10723374783992767,0.8787097334861755,0.9448480010032654
20260505_154005_0c4eecad,student_l1b_c,noise,0.01,21.10759344446231,0.7359474897384644,0.15462101995944977,0.8514094352722168,0.912506103515625
20260505_154005_0c4eecad,teacher_15b,noise,0.03,17.459012472968602,0.6619080901145935,0.18912485241889954,0.8376321792602539,0.8752548694610596
20260505_154005_0c4eecad,student_l1b_c,noise,0.03,17.14874055801545,0.6266518831253052,0.2548578083515167,0.7675776481628418,0.8202967643737793
20260505_161139_0c4eecad,teacher_15b,clean,0.0,21.673990747559053,0.7550300359725952,0.12110446393489838,0.9754725694656372,0.9663997888565063
20260505_161139_0c4eecad,student_l1b_c,clean,0.0,20.77588665351047,0.7291502952575684,0.17341327667236328,0.9619196653366089,0.9484373331069946
20260505_161139_0c4eecad,teacher_15b,exposure,0.8,21.0090325708553,0.7466475367546082,0.12454400956630707,0.9803043603897095,0.964392900466919
20260505_161139_0c4eecad,student_l1b_c,exposure,0.8,19.12044468589691,0.7036494016647339,0.18472018837928772,0.9644781351089478,0.9372872114181519
20260505_161139_0c4eecad,teacher_15b,exposure,1.2,21.74746302309216,0.7540938258171082,0.12538963556289673,0.9756263494491577,0.9665716886520386
20260505_161139_0c4eecad,student_l1b_c,exposure,1.2,20.638947733758258,0.7271789908409119,0.17561984062194824,0.9553807973861694,0.9512020349502563
20260505_161139_0c4eecad,teacher_15b,gamma,0.8,21.687868948215826,0.7543455958366394,0.12203361093997955,0.9746944904327393,0.9662682414054871
20260505_161139_0c4eecad,student_l1b_c,gamma,0.8,20.82773887614492,0.7274645566940308,0.17105334997177124,0.9631479978561401,0.945753812789917
20260505_161139_0c4eecad,teacher_15b,gamma,1.2,21.620012174130242,0.7548472285270691,0.1208898052573204,0.9778502583503723,0.966478705406189
20260505_161139_0c4eecad,student_l1b_c,gamma,1.2,20.542822883846856,0.7276004552841187,0.17733629047870636,0.9615453481674194,0.9486854076385498
20260505_161139_0c4eecad,teacher_15b,blur,1.0,21.078736750479816,0.658865213394165,0.30340197682380676,0.9487369060516357,0.9541979432106018
20260505_161139_0c4eecad,student_l1b_c,blur,1.0,17.74165194963195,0.6096755862236023,0.3907451331615448,0.9132971167564392,0.9061349630355835
20260505_161139_0c4eecad,teacher_15b,blur,2.0,12.815158621243889,0.43715542554855347,0.6700727939605713,0.7198094129562378,0.6331526637077332
20260505_161139_0c4eecad,student_l1b_c,blur,2.0,13.49241367489022,0.4360271096229553,0.6833351254463196,0.667188286781311,0.7022484540939331
20260505_161139_0c4eecad,teacher_15b,noise,0.01,20.985729073798293,0.7307381629943848,0.1508331000804901,0.9622511863708496,0.966862678527832
20260505_161139_0c4eecad,student_l1b_c,noise,0.01,20.746490081822184,0.7111673355102539,0.19308818876743317,0.9439051151275635,0.9428911805152893
20260505_161139_0c4eecad,teacher_15b,noise,0.03,18.74978688531971,0.6222777962684631,0.2721381187438965,0.9371886253356934,0.9212920069694519
20260505_161139_0c4eecad,student_l1b_c,noise,0.03,19.839803735117236,0.6095037460327148,0.32232826948165894,0.8545681834220886,0.8495761156082153
20260505_143834_672236_f00ca076,teacher_15b,clean,0.0,32.868164550953935,0.8704239726066589,0.04195765405893326,0.9792587757110596,0.9405730366706848
20260505_143834_672236_f00ca076,student_l1b_c,clean,0.0,31.118062766464693,0.8597550392150879,0.05928047001361847,0.958236575126648,0.9417802095413208
20260505_143834_672236_f00ca076,teacher_15b,exposure,0.8,31.66359421579593,0.8658973574638367,0.04916027560830116,0.9825594425201416,0.9386904239654541
20260505_143834_672236_f00ca076,student_l1b_c,exposure,0.8,28.24129633002368,0.8491747379302979,0.07461996376514435,0.9622926712036133,0.9435640573501587
20260505_143834_672236_f00ca076,teacher_15b,exposure,1.2,31.34299048919846,0.8678387403488159,0.0414009764790535,0.9783334732055664,0.9387252330780029
20260505_143834_672236_f00ca076,student_l1b_c,exposure,1.2,28.875922539568194,0.8564562797546387,0.05727623403072357,0.9550274014472961,0.940667986869812
20260505_143834_672236_f00ca076,teacher_15b,gamma,0.8,32.762684366761874,0.870013415813446,0.04230726510286331,0.9800780415534973,0.9359498620033264
20260505_143834_672236_f00ca076,student_l1b_c,gamma,0.8,31.324172988575395,0.8586602210998535,0.062368087470531464,0.9560993313789368,0.9340717196464539
20260505_143834_672236_f00ca076,teacher_15b,gamma,1.2,32.90644484157876,0.8703975677490234,0.04218904674053192,0.9813257455825806,0.9442884922027588
20260505_143834_672236_f00ca076,student_l1b_c,gamma,1.2,30.58743015713267,0.859176516532898,0.05880621448159218,0.9574297666549683,0.9504172801971436
20260505_143834_672236_f00ca076,teacher_15b,blur,1.0,28.87523100188828,0.7224590182304382,0.37464240193367004,0.9600377082824707,0.9386131167411804
20260505_143834_672236_f00ca076,student_l1b_c,blur,1.0,27.938659352135097,0.7086950540542603,0.40358784794807434,0.9493106007575989,0.947702944278717
20260505_143834_672236_f00ca076,teacher_15b,blur,2.0,22.286910605102026,0.6245197057723999,0.6261745691299438,0.8727609515190125,0.4607188105583191
20260505_143834_672236_f00ca076,student_l1b_c,blur,2.0,23.39462508305608,0.6017398834228516,0.6888372898101807,0.8164246678352356,0.5771952271461487
20260505_143834_672236_f00ca076,teacher_15b,noise,0.01,32.32976274811857,0.8476120233535767,0.04780815169215202,0.9671415090560913,0.8997955918312073
20260505_143834_672236_f00ca076,student_l1b_c,noise,0.01,30.629058069102427,0.8370645046234131,0.06113947555422783,0.9487622380256653,0.9047433733940125
20260505_143834_672236_f00ca076,teacher_15b,noise,0.03,29.089849882562618,0.7214722633361816,0.10998084396123886,0.9243635535240173,0.9084738492965698
20260505_143834_672236_f00ca076,student_l1b_c,noise,0.03,25.902922235755717,0.695517897605896,0.1471346616744995,0.9084447622299194,0.9107722640037537
20260505_123722_527543_a473e239,teacher_15b,clean,0.0,24.98326123669704,0.8229663372039795,0.10322244465351105,0.9557623863220215,0.9427804946899414
20260505_123722_527543_a473e239,student_l1b_c,clean,0.0,21.294607570792085,0.7805157899856567,0.15912862122058868,0.9356935620307922,0.9349358081817627
20260505_123722_527543_a473e239,teacher_15b,exposure,0.8,24.52353258197379,0.8221258521080017,0.10401580482721329,0.9485002160072327,0.9532507658004761
20260505_123722_527543_a473e239,student_l1b_c,exposure,0.8,21.63442930182002,0.7737049460411072,0.16224834322929382,0.9453166127204895,0.9264050126075745
20260505_123722_527543_a473e239,teacher_15b,exposure,1.2,23.83319555849971,0.8141498565673828,0.11161627620458603,0.9567342400550842,0.9368566274642944
20260505_123722_527543_a473e239,student_l1b_c,exposure,1.2,20.29938624777072,0.7768371105194092,0.16283883154392242,0.9295191764831543,0.9291679263114929
20260505_123722_527543_a473e239,teacher_15b,gamma,0.8,25.048123559452836,0.8227434158325195,0.10354359447956085,0.9591008424758911,0.9410281181335449
20260505_123722_527543_a473e239,student_l1b_c,gamma,0.8,21.12921069323701,0.7786024808883667,0.16168904304504395,0.9379985332489014,0.9329675436019897
20260505_123722_527543_a473e239,teacher_15b,gamma,1.2,24.905541876109897,0.8232810497283936,0.10307691246271133,0.9428243041038513,0.9440000057220459
20260505_123722_527543_a473e239,student_l1b_c,gamma,1.2,21.428185387706186,0.7800137996673584,0.15802298486232758,0.9401822686195374,0.9329712986946106
20260505_123722_527543_a473e239,teacher_15b,blur,1.0,21.649997277215938,0.6758823394775391,0.38518595695495605,0.8398553729057312,0.8588664531707764
20260505_123722_527543_a473e239,student_l1b_c,blur,1.0,20.006049490965854,0.6422080397605896,0.4660005569458008,0.8597484827041626,0.8493552803993225
20260505_123722_527543_a473e239,teacher_15b,blur,2.0,19.45769192879147,0.5416399836540222,0.6534684896469116,0.8171193599700928,0.4906800389289856
20260505_123722_527543_a473e239,student_l1b_c,blur,2.0,19.418264691702877,0.5387165546417236,0.6677519679069519,0.8109748959541321,0.5680361986160278
20260505_123722_527543_a473e239,teacher_15b,noise,0.01,24.133637313006183,0.7892600893974304,0.1273590624332428,0.9553166031837463,0.9247057437896729
20260505_123722_527543_a473e239,student_l1b_c,noise,0.01,21.380725126921327,0.758169412612915,0.16809745132923126,0.9228931665420532,0.9163322448730469
20260505_123722_527543_a473e239,teacher_15b,noise,0.03,20.338334258372996,0.6129274368286133,0.2762467563152313,0.8644505739212036,0.7771884202957153
20260505_123722_527543_a473e239,student_l1b_c,noise,0.03,20.98349248008352,0.6416271924972534,0.2514634132385254,0.8678392171859741,0.7330265045166016
20260505_160044_0c4eecad,teacher_15b,clean,0.0,32.26755750365167,0.8883587121963501,0.03691808879375458,0.9910711646080017,0.948136568069458
20260505_160044_0c4eecad,student_l1b_c,clean,0.0,30.58544557514913,0.8623967170715332,0.057998958975076675,0.9879892468452454,0.9252629280090332
20260505_160044_0c4eecad,teacher_15b,exposure,0.8,29.967917353629932,0.8853044509887695,0.04229537397623062,0.9882806539535522,0.9452532529830933
20260505_160044_0c4eecad,student_l1b_c,exposure,0.8,27.810096700252352,0.8534629344940186,0.06614486128091812,0.9839646816253662,0.915282666683197
20260505_160044_0c4eecad,teacher_15b,exposure,1.2,32.222464696347515,0.8880287408828735,0.036146968603134155,0.9905632734298706,0.9510847330093384
20260505_160044_0c4eecad,student_l1b_c,exposure,1.2,29.84599655077979,0.8641263842582703,0.059814441949129105,0.9877361059188843,0.9274752736091614
20260505_160044_0c4eecad,teacher_15b,gamma,0.8,32.26468094573213,0.8881463408470154,0.0372353196144104,0.9901300668716431,0.9482262134552002
20260505_160044_0c4eecad,student_l1b_c,gamma,0.8,30.42400833314939,0.8607951402664185,0.0579107291996479,0.9874087572097778,0.9230877757072449
20260505_160044_0c4eecad,teacher_15b,gamma,1.2,32.20046145212023,0.8882302045822144,0.03715440630912781,0.9908397197723389,0.9475491642951965
20260505_160044_0c4eecad,student_l1b_c,gamma,1.2,30.48436357116151,0.8621482849121094,0.06001292169094086,0.9870612621307373,0.9198051691055298
20260505_160044_0c4eecad,teacher_15b,blur,1.0,27.559178169774007,0.7993522882461548,0.27094101905822754,0.974553108215332,0.9170621633529663
20260505_160044_0c4eecad,student_l1b_c,blur,1.0,27.06288885021161,0.7725356817245483,0.29017114639282227,0.9632214903831482,0.7631857395172119
20260505_160044_0c4eecad,teacher_15b,blur,2.0,20.228130224068913,0.5588315725326538,0.6458497643470764,0.8454602956771851,0.43784287571907043
20260505_160044_0c4eecad,student_l1b_c,blur,2.0,13.821502422615257,0.44076383113861084,0.7801457643508911,0.841446042060852,0.49838584661483765
20260505_160044_0c4eecad,teacher_15b,noise,0.01,30.60166357790386,0.8746511340141296,0.05202432721853256,0.9794359803199768,0.9500504732131958
20260505_160044_0c4eecad,student_l1b_c,noise,0.01,29.794134069263706,0.8409930467605591,0.10378120839595795,0.9545121192932129,0.8660378456115723
20260505_160044_0c4eecad,teacher_15b,noise,0.03,14.74956389514712,0.6120980978012085,0.327268123626709,0.9368553757667542,0.6204574108123779
20260505_160044_0c4eecad,student_l1b_c,noise,0.03,12.907134607935207,0.4713912904262543,0.47132647037506104,0.8829852342605591,0.5848432779312134
20260505_133936_506082_cf8c21ee,teacher_15b,clean,0.0,16.096779611505905,0.6447044610977173,0.22340768575668335,0.923209547996521,0.8220847845077515
20260505_133936_506082_cf8c21ee,student_l1b_c,clean,0.0,16.4617659370558,0.5965664386749268,0.255124032497406,0.8694336414337158,0.8258504867553711
20260505_133936_506082_cf8c21ee,teacher_15b,exposure,0.8,16.171623765743945,0.6240464448928833,0.23416584730148315,0.89210444688797,0.7617555856704712
20260505_133936_506082_cf8c21ee,student_l1b_c,exposure,0.8,16.578136688325536,0.5977839231491089,0.2502327859401703,0.8537311553955078,0.7953827381134033
20260505_133936_506082_cf8c21ee,teacher_15b,exposure,1.2,15.78847353254718,0.6433877944946289,0.23554325103759766,0.938488781452179,0.8345475196838379
20260505_133936_506082_cf8c21ee,student_l1b_c,exposure,1.2,15.482469182259187,0.5748525261878967,0.2801280915737152,0.8837673664093018,0.8283509612083435
20260505_133936_506082_cf8c21ee,teacher_15b,gamma,0.8,16.116051481659753,0.6421765089035034,0.22419488430023193,0.9282609820365906,0.8156348466873169
20260505_133936_506082_cf8c21ee,student_l1b_c,gamma,0.8,16.521209019661924,0.5940369367599487,0.25692933797836304,0.8630568981170654,0.8026667833328247
20260505_133936_506082_cf8c21ee,teacher_15b,gamma,1.2,16.125450741633088,0.6460856795310974,0.22154022753238678,0.9340270757675171,0.8189210891723633
20260505_133936_506082_cf8c21ee,student_l1b_c,gamma,1.2,16.41481755183189,0.5984000563621521,0.2530427873134613,0.8718937635421753,0.8308688402175903
20260505_133936_506082_cf8c21ee,teacher_15b,blur,1.0,11.082864608650722,0.36827120184898376,0.5618560910224915,0.7746024131774902,0.48138388991355896
20260505_133936_506082_cf8c21ee,student_l1b_c,blur,1.0,11.608423208720403,0.393498957157135,0.5519840717315674,0.7876530289649963,0.5872724652290344
20260505_133936_506082_cf8c21ee,teacher_15b,blur,2.0,9.941518473153431,0.2427891194820404,0.8826183080673218,0.6279892325401306,0.030381763353943825
20260505_133936_506082_cf8c21ee,student_l1b_c,blur,2.0,8.854163088658723,0.1825091540813446,0.9331372976303101,0.6950344443321228,0.157477468252182
20260505_133936_506082_cf8c21ee,teacher_15b,noise,0.01,14.6996097143339,0.6116442680358887,0.2603209912776947,0.9201955795288086,0.7858084440231323
20260505_133936_506082_cf8c21ee,student_l1b_c,noise,0.01,14.43623910940593,0.5479823350906372,0.29992589354515076,0.8943682909011841,0.7339184284210205
20260505_133936_506082_cf8c21ee,teacher_15b,noise,0.03,11.519464302381008,0.4605160653591156,0.4104038178920746,0.8364625573158264,0.6239334940910339
20260505_133936_506082_cf8c21ee,student_l1b_c,noise,0.03,11.454341151209864,0.39221927523612976,0.44531723856925964,0.8123019337654114,0.5439438819885254
20260505_155407_0c4eecad,teacher_15b,clean,0.0,30.357718127067088,0.8457218408584595,0.06534124910831451,0.9751060605049133,0.8504945039749146
20260505_155407_0c4eecad,student_l1b_c,clean,0.0,29.2808872194249,0.8175572156906128,0.08950208127498627,0.9648493528366089,0.8292975425720215
20260505_155407_0c4eecad,teacher_15b,exposure,0.8,29.34742011034455,0.8421415090560913,0.06829378753900528,0.9702309966087341,0.8530113697052002
20260505_155407_0c4eecad,student_l1b_c,exposure,0.8,27.37659360263696,0.8092800378799438,0.09861956536769867,0.9630569219589233,0.8297053575515747
20260505_155407_0c4eecad,teacher_15b,exposure,1.2,29.949229553214778,0.8454140424728394,0.06682806462049484,0.9794960618019104,0.8362944722175598
20260505_155407_0c4eecad,student_l1b_c,exposure,1.2,27.45001784727267,0.8185850381851196,0.09190146625041962,0.9638309478759766,0.8302820920944214
20260505_155407_0c4eecad,teacher_15b,gamma,0.8,30.311215523907123,0.8447350263595581,0.06599854677915573,0.9736391305923462,0.8468163013458252
20260505_155407_0c4eecad,student_l1b_c,gamma,0.8,29.154543715743873,0.8142857551574707,0.09162750095129013,0.9651047587394714,0.8254624605178833
20260505_155407_0c4eecad,teacher_15b,gamma,1.2,30.376008386247246,0.8461241722106934,0.0651705339550972,0.9756342172622681,0.8541709184646606
20260505_155407_0c4eecad,student_l1b_c,gamma,1.2,29.318340800613992,0.8190404176712036,0.08956354856491089,0.9655238389968872,0.8351254463195801
20260505_155407_0c4eecad,teacher_15b,blur,1.0,26.67019828831041,0.7367403507232666,0.30164834856987,0.9422321319580078,0.7750544548034668
20260505_155407_0c4eecad,student_l1b_c,blur,1.0,25.411022427580964,0.6858941316604614,0.3633202016353607,0.9380582571029663,0.6725895404815674
20260505_155407_0c4eecad,teacher_15b,blur,2.0,19.741835966585032,0.49340367317199707,0.6955541968345642,0.7914602160453796,0.3222208023071289
20260505_155407_0c4eecad,student_l1b_c,blur,2.0,12.617200893506062,0.34449276328086853,0.850622296333313,0.7725899815559387,0.3925687074661255
20260505_155407_0c4eecad,teacher_15b,noise,0.01,29.49344422532544,0.8336989879608154,0.07115201652050018,0.964772641658783,0.8537396788597107
20260505_155407_0c4eecad,student_l1b_c,noise,0.01,28.762956122393227,0.7995288372039795,0.10565576702356339,0.9485845565795898,0.8259405493736267
20260505_155407_0c4eecad,teacher_15b,noise,0.03,16.0417102785544,0.6264585256576538,0.274659126996994,0.8897917866706848,0.6863072514533997
20260505_155407_0c4eecad,student_l1b_c,noise,0.03,13.851807703746477,0.5179054737091064,0.3646739721298218,0.8636007308959961,0.541594386100769
20260505_153922_0c4eecad,teacher_15b,clean,0.0,23.164436968985804,0.7629513740539551,0.15328571200370789,0.9421805739402771,0.8807486891746521
20260505_153922_0c4eecad,student_l1b_c,clean,0.0,21.27837461502722,0.6948009729385376,0.19800522923469543,0.7909370064735413,0.7764390707015991
20260505_153922_0c4eecad,teacher_15b,exposure,0.8,21.94997211632248,0.7478301525115967,0.161659836769104,0.9423257112503052,0.8588529825210571
20260505_153922_0c4eecad,student_l1b_c,exposure,0.8,20.543193678780042,0.6892431974411011,0.2037898302078247,0.7799656391143799,0.7700732350349426
20260505_153922_0c4eecad,teacher_15b,exposure,1.2,22.553784377415596,0.7588742971420288,0.15234461426734924,0.9398399591445923,0.8889755010604858
20260505_153922_0c4eecad,student_l1b_c,exposure,1.2,20.52825770450397,0.6863487958908081,0.21024835109710693,0.7760289907455444,0.7768633365631104
20260505_153922_0c4eecad,teacher_15b,gamma,0.8,23.118051472206034,0.7624174952507019,0.15337863564491272,0.9420934915542603,0.88591068983078
20260505_153922_0c4eecad,student_l1b_c,gamma,0.8,21.14672050248287,0.6945945620536804,0.1963522881269455,0.795384407043457,0.7867914438247681
20260505_153922_0c4eecad,teacher_15b,gamma,1.2,23.165898131700263,0.7627547979354858,0.15369689464569092,0.9438688158988953,0.8801083564758301
20260505_153922_0c4eecad,student_l1b_c,gamma,1.2,21.33999537746812,0.694054126739502,0.20132344961166382,0.7795312404632568,0.7660109996795654
20260505_153922_0c4eecad,teacher_15b,blur,1.0,16.67632454162932,0.583014190196991,0.4284731447696686,0.8390301465988159,0.8753634095191956
20260505_153922_0c4eecad,student_l1b_c,blur,1.0,15.018271600277407,0.5234020352363586,0.5129414200782776,0.6849390268325806,0.747269868850708
20260505_153922_0c4eecad,teacher_15b,blur,2.0,13.245240605772748,0.42320680618286133,0.7096655964851379,0.6622729301452637,0.6087930798530579
20260505_153922_0c4eecad,student_l1b_c,blur,2.0,14.197506771482974,0.44223111867904663,0.723447322845459,0.6804146766662598,0.5948236584663391
20260505_153922_0c4eecad,teacher_15b,noise,0.01,22.719335428006872,0.7501904368400574,0.15544994175434113,0.9381535053253174,0.9071455001831055
20260505_153922_0c4eecad,student_l1b_c,noise,0.01,20.85237618848929,0.6812973022460938,0.20868375897407532,0.7840876579284668,0.7488206624984741
20260505_153922_0c4eecad,teacher_15b,noise,0.03,16.550192543710548,0.6046092510223389,0.3084637522697449,0.8578633069992065,0.801615834236145
20260505_153922_0c4eecad,student_l1b_c,noise,0.03,16.023040934106913,0.5552223920822144,0.3829488456249237,0.7410138845443726,0.7266164422035217
20260505_132249_811451_36673bd5,teacher_15b,clean,0.0,19.967989020424543,0.7323557734489441,0.12633009254932404,0.9873614311218262,0.9510284662246704
20260505_132249_811451_36673bd5,student_l1b_c,clean,0.0,19.4305231948896,0.6976445913314819,0.14929348230361938,0.9789489507675171,0.8993258476257324
20260505_132249_811451_36673bd5,teacher_15b,exposure,0.8,19.395011676016193,0.7178215980529785,0.13858039677143097,0.9839469194412231,0.9518011808395386
20260505_132249_811451_36673bd5,student_l1b_c,exposure,0.8,18.6306871729872,0.6760038137435913,0.1609792560338974,0.9643518924713135,0.9309228658676147
20260505_132249_811451_36673bd5,teacher_15b,exposure,1.2,20.10649702964755,0.7364656925201416,0.12205100804567337,0.9866834878921509,0.9428490400314331
20260505_132249_811451_36673bd5,student_l1b_c,exposure,1.2,19.39832687838972,0.702056884765625,0.15173307061195374,0.9800414443016052,0.8723106384277344
20260505_132249_811451_36673bd5,teacher_15b,gamma,0.8,19.99880748392798,0.7317835092544556,0.1280849725008011,0.9858330488204956,0.9499058127403259
20260505_132249_811451_36673bd5,student_l1b_c,gamma,0.8,19.38427384213506,0.6934456825256348,0.15379279851913452,0.9723801612854004,0.9025663733482361
20260505_132249_811451_36673bd5,teacher_15b,gamma,1.2,19.88039777201928,0.7313775420188904,0.12688815593719482,0.985771894454956,0.951680600643158
20260505_132249_811451_36673bd5,student_l1b_c,gamma,1.2,19.409576508377054,0.6987639665603638,0.14771324396133423,0.9802660346031189,0.9023313522338867
20260505_132249_811451_36673bd5,teacher_15b,blur,1.0,17.220664691686327,0.532569408416748,0.358552485704422,0.9597173929214478,0.8326073884963989
20260505_132249_811451_36673bd5,student_l1b_c,blur,1.0,17.231774160914387,0.5304402112960815,0.37411680817604065,0.9541476964950562,0.666256844997406
20260505_132249_811451_36673bd5,teacher_15b,blur,2.0,15.163579875789768,0.31866857409477234,0.7785601019859314,0.8667666912078857,0.43391239643096924
20260505_132249_811451_36673bd5,student_l1b_c,blur,2.0,11.980961968578738,0.20654913783073425,0.8600730299949646,0.8753736615180969,0.43775907158851624
20260505_132249_811451_36673bd5,teacher_15b,noise,0.01,19.979349797756818,0.7271408438682556,0.12826211750507355,0.9868943691253662,0.9482825994491577
20260505_132249_811451_36673bd5,student_l1b_c,noise,0.01,19.4193540608391,0.6943899989128113,0.14836445450782776,0.978554368019104,0.9187312126159668
20260505_132249_811451_36673bd5,teacher_15b,noise,0.03,19.724405913189848,0.691323459148407,0.14197367429733276,0.9837847948074341,0.9483357667922974
20260505_132249_811451_36673bd5,student_l1b_c,noise,0.03,19.242796177259773,0.6587128043174744,0.16437190771102905,0.9790945649147034,0.9119948148727417
20260505_122427_282393_a473e239,teacher_15b,clean,0.0,26.27770808847157,0.7886521816253662,0.09357965737581253,0.969110369682312,0.9658020734786987
20260505_122427_282393_a473e239,student_l1b_c,clean,0.0,23.961121549200215,0.7398092746734619,0.1705746054649353,0.9478384852409363,0.9333040118217468
20260505_122427_282393_a473e239,teacher_15b,exposure,0.8,26.005331912758614,0.7837249636650085,0.10045460611581802,0.9706461429595947,0.9670381546020508
20260505_122427_282393_a473e239,student_l1b_c,exposure,0.8,23.852941940997958,0.7341110706329346,0.17833858728408813,0.9418206214904785,0.9413769841194153
20260505_122427_282393_a473e239,teacher_15b,exposure,1.2,26.071664668898116,0.7874033451080322,0.09558393061161041,0.9715243577957153,0.9646923542022705
20260505_122427_282393_a473e239,student_l1b_c,exposure,1.2,23.322772663604944,0.7356327772140503,0.17191976308822632,0.9403348565101624,0.9237980842590332
20260505_122427_282393_a473e239,teacher_15b,gamma,0.8,26.303753067373957,0.7878028750419617,0.09458553791046143,0.970460057258606,0.9652543663978577
20260505_122427_282393_a473e239,student_l1b_c,gamma,0.8,23.97366376036469,0.7379741668701172,0.17443178594112396,0.952614963054657,0.9324932098388672
20260505_122427_282393_a473e239,teacher_15b,gamma,1.2,26.25411486395484,0.789060115814209,0.09324005991220474,0.9712587594985962,0.9661780595779419
20260505_122427_282393_a473e239,student_l1b_c,gamma,1.2,23.939839080538317,0.740553617477417,0.16861411929130554,0.9465880990028381,0.9339447617530823
20260505_122427_282393_a473e239,teacher_15b,blur,1.0,24.061599946519742,0.6509295701980591,0.39162153005599976,0.9504499435424805,0.937659740447998
20260505_122427_282393_a473e239,student_l1b_c,blur,1.0,19.58692815492033,0.5867540836334229,0.5032449960708618,0.9025043249130249,0.886894166469574
20260505_122427_282393_a473e239,teacher_15b,blur,2.0,17.078803910575232,0.4970357418060303,0.7092548608779907,0.6502251029014587,0.6439187526702881
20260505_122427_282393_a473e239,student_l1b_c,blur,2.0,18.4175131506006,0.49714231491088867,0.7256161570549011,0.7602415084838867,0.6561602354049683
20260505_122427_282393_a473e239,teacher_15b,noise,0.01,25.9506855843747,0.7679612636566162,0.10126648843288422,0.9713166952133179,0.9625617861747742
20260505_122427_282393_a473e239,student_l1b_c,noise,0.01,23.847644990157132,0.7218809127807617,0.18442031741142273,0.9470381140708923,0.9189804792404175
20260505_122427_282393_a473e239,teacher_15b,noise,0.03,23.01202545355338,0.6474809646606445,0.22977560758590698,0.9057254195213318,0.9350049495697021
20260505_122427_282393_a473e239,student_l1b_c,noise,0.03,20.939420070074082,0.5939675569534302,0.3270711600780487,0.8862909078598022,0.9120842814445496
20260505_153535_0c4eecad,teacher_15b,clean,0.0,21.427184657837874,0.794803261756897,0.17219719290733337,0.9052244424819946,0.8771936297416687
20260505_153535_0c4eecad,student_l1b_c,clean,0.0,20.454768091260238,0.7730216979980469,0.20786093175411224,0.9316020011901855,0.8770201802253723
20260505_153535_0c4eecad,teacher_15b,exposure,0.8,21.15376782221427,0.7886697053909302,0.16997425258159637,0.9072932600975037,0.8630568981170654
20260505_153535_0c4eecad,student_l1b_c,exposure,0.8,20.12810059039996,0.7630738019943237,0.21445012092590332,0.9298698902130127,0.8891541957855225
20260505_153535_0c4eecad,teacher_15b,exposure,1.2,21.06771372258916,0.7925994396209717,0.17762908339500427,0.9092282056808472,0.8816288709640503
20260505_153535_0c4eecad,student_l1b_c,exposure,1.2,19.721950222621583,0.7700823545455933,0.20721624791622162,0.92445307970047,0.8682760000228882
20260505_153535_0c4eecad,teacher_15b,gamma,0.8,21.525419710825084,0.7953552603721619,0.17236240208148956,0.9028385281562805,0.87861168384552
20260505_153535_0c4eecad,student_l1b_c,gamma,0.8,20.527452013513088,0.7722660303115845,0.21062178909778595,0.9216125011444092,0.8811083436012268
20260505_153535_0c4eecad,teacher_15b,gamma,1.2,21.33622333915412,0.793867826461792,0.17209288477897644,0.9086365699768066,0.8743245601654053
20260505_153535_0c4eecad,student_l1b_c,gamma,1.2,20.401530676723127,0.7725938558578491,0.20697185397148132,0.9333806037902832,0.8750184178352356
20260505_153535_0c4eecad,teacher_15b,blur,1.0,20.338249435035586,0.6921929121017456,0.39199256896972656,0.8774825930595398,0.8435590863227844
20260505_153535_0c4eecad,student_l1b_c,blur,1.0,19.897226087626947,0.6762496829032898,0.4012174904346466,0.9150700569152832,0.8767678737640381
20260505_153535_0c4eecad,teacher_15b,blur,2.0,18.336101848120386,0.5711384415626526,0.5959219336509705,0.7303726673126221,0.7651188373565674
20260505_153535_0c4eecad,student_l1b_c,blur,2.0,19.16867329366103,0.5768172740936279,0.6011606454849243,0.8442459106445312,0.7853981256484985
20260505_153535_0c4eecad,teacher_15b,noise,0.01,20.2988394143126,0.7597464323043823,0.1956804096698761,0.895879328250885,0.90529865026474
20260505_153535_0c4eecad,student_l1b_c,noise,0.01,20.035381102249627,0.7543865442276001,0.2097167819738388,0.9193736910820007,0.8893336653709412
20260505_153535_0c4eecad,teacher_15b,noise,0.03,18.96489192587691,0.6604449152946472,0.27502307295799255,0.8676340579986572,0.8462975025177002
20260505_153535_0c4eecad,student_l1b_c,noise,0.03,19.193628156615343,0.6634948253631592,0.28574323654174805,0.8121546506881714,0.830987811088562
20260505_121530_184701_6cb98e30,teacher_15b,clean,0.0,25.59580759557757,0.4770588278770447,0.17309187352657318,0.9448963403701782,0.8770937323570251
20260505_121530_184701_6cb98e30,student_l1b_c,clean,0.0,24.106072576150694,0.4342297911643982,0.23929230868816376,0.8744319677352905,0.8850688934326172
20260505_121530_184701_6cb98e30,teacher_15b,exposure,0.8,25.131139502573333,0.47743505239486694,0.17885138094425201,0.944648265838623,0.8624469041824341
20260505_121530_184701_6cb98e30,student_l1b_c,exposure,0.8,23.969947135251623,0.4324066638946533,0.24180805683135986,0.8709366917610168,0.8134855628013611
20260505_121530_184701_6cb98e30,teacher_15b,exposure,1.2,25.617305587932876,0.4762609004974365,0.17051231861114502,0.9430356025695801,0.876675009727478
20260505_121530_184701_6cb98e30,student_l1b_c,exposure,1.2,23.607778733908905,0.43403908610343933,0.24350279569625854,0.869014322757721,0.8966557383537292
20260505_121530_184701_6cb98e30,teacher_15b,gamma,0.8,25.588547030037848,0.477058470249176,0.17312505841255188,0.9442611932754517,0.8684973120689392
20260505_121530_184701_6cb98e30,student_l1b_c,gamma,0.8,24.132369486371882,0.4322128891944885,0.2387983351945877,0.8613033890724182,0.8676722049713135
20260505_121530_184701_6cb98e30,teacher_15b,gamma,1.2,25.58018450971896,0.47737640142440796,0.17358623445034027,0.9420329928398132,0.876147985458374
20260505_121530_184701_6cb98e30,student_l1b_c,gamma,1.2,24.100056854363242,0.4352653920650482,0.23955228924751282,0.8704997897148132,0.8923006057739258
20260505_121530_184701_6cb98e30,teacher_15b,blur,1.0,25.470106685298003,0.46552085876464844,0.2907954156398773,0.9364502429962158,0.7979742288589478
20260505_121530_184701_6cb98e30,student_l1b_c,blur,1.0,17.091578167325693,0.4088664948940277,0.7475106716156006,0.8191018104553223,0.5041065216064453
20260505_121530_184701_6cb98e30,teacher_15b,blur,2.0,11.141232841121614,0.3402504324913025,0.9205834865570068,0.8014640212059021,0.3872030973434448
20260505_121530_184701_6cb98e30,student_l1b_c,blur,2.0,13.605534354980048,0.35219019651412964,0.9084416627883911,0.8137785792350769,0.40233153104782104
20260505_121530_184701_6cb98e30,teacher_15b,noise,0.01,25.41042772843308,0.4640800952911377,0.1757299304008484,0.9185041785240173,0.8809479475021362
20260505_121530_184701_6cb98e30,student_l1b_c,noise,0.01,20.32220785592684,0.41815435886383057,0.3099677860736847,0.8171935081481934,0.6802782416343689
20260505_121530_184701_6cb98e30,teacher_15b,noise,0.03,16.633525287279078,0.343637079000473,0.49483662843704224,0.6912325024604797,0.5158779621124268
20260505_121530_184701_6cb98e30,student_l1b_c,noise,0.03,12.732426444828402,0.2805856764316559,0.6022304892539978,0.6631954908370972,0.3340257406234741
20260505_151218_0e5f0f67,teacher_15b,clean,0.0,24.785882683624255,0.7814435958862305,0.13504092395305634,0.9547533392906189,0.9511387944221497
20260505_151218_0e5f0f67,student_l1b_c,clean,0.0,21.326991742185,0.7065373659133911,0.1801178902387619,0.8995820879936218,0.9161905646324158
20260505_151218_0e5f0f67,teacher_15b,exposure,0.8,24.704126894484723,0.7773224711418152,0.14400380849838257,0.9552890658378601,0.947852373123169
20260505_151218_0e5f0f67,student_l1b_c,exposure,0.8,21.412647572641394,0.7057538032531738,0.18434125185012817,0.8840491771697998,0.9220191836357117
20260505_151218_0e5f0f67,teacher_15b,exposure,1.2,23.97563641787307,0.7760016322135925,0.1346329152584076,0.9489508271217346,0.9478670358657837
20260505_151218_0e5f0f67,student_l1b_c,exposure,1.2,20.493593636399293,0.6939038038253784,0.18586349487304688,0.9259904026985168,0.8988478183746338
20260505_151218_0e5f0f67,teacher_15b,gamma,0.8,24.60972295261669,0.7798859477043152,0.13702990114688873,0.9538136720657349,0.9501928091049194
20260505_151218_0e5f0f67,student_l1b_c,gamma,0.8,20.97671211070449,0.701221227645874,0.18395841121673584,0.8919634222984314,0.9222237467765808
20260505_151218_0e5f0f67,teacher_15b,gamma,1.2,24.967401944068595,0.7825168967247009,0.13411042094230652,0.9519686698913574,0.9520554542541504
20260505_151218_0e5f0f67,student_l1b_c,gamma,1.2,21.70227495493037,0.7114112377166748,0.17640984058380127,0.8951261043548584,0.9086750149726868
20260505_151218_0e5f0f67,teacher_15b,blur,1.0,20.28545525067116,0.6704357862472534,0.3468577265739441,0.9256726503372192,0.8832926750183105
20260505_151218_0e5f0f67,student_l1b_c,blur,1.0,19.41439237330828,0.6118061542510986,0.439172625541687,0.8763084411621094,0.7429642081260681
20260505_151218_0e5f0f67,teacher_15b,blur,2.0,14.874843031531743,0.4674471318721771,0.7271281480789185,0.7004250288009644,0.44495469331741333
20260505_151218_0e5f0f67,student_l1b_c,blur,2.0,12.66536306283195,0.4299047589302063,0.7472891807556152,0.6865406036376953,0.453503280878067
20260505_151218_0e5f0f67,teacher_15b,noise,0.01,24.74767169261328,0.7659186124801636,0.148431658744812,0.9313226342201233,0.9452337622642517
20260505_151218_0e5f0f67,student_l1b_c,noise,0.01,21.643974163157278,0.6956435441970825,0.1907075047492981,0.9125754833221436,0.9238120913505554
20260505_151218_0e5f0f67,teacher_15b,noise,0.03,20.921130457277258,0.6470482349395752,0.26158908009529114,0.8897297382354736,0.8710813522338867
20260505_151218_0e5f0f67,student_l1b_c,noise,0.03,17.04357440476437,0.5597090125083923,0.3656606078147888,0.8325434923171997,0.7706984281539917
20260505_145249_17c16bd0,teacher_15b,clean,0.0,19.198484370183863,0.8035247325897217,0.13632237911224365,0.8076927661895752,0.9082621335983276
20260505_145249_17c16bd0,student_l1b_c,clean,0.0,19.57507747748067,0.8184325098991394,0.12885983288288116,0.8353464007377625,0.7507872581481934
20260505_145249_17c16bd0,teacher_15b,exposure,0.8,17.757206999034924,0.7737383246421814,0.15647011995315552,0.8116003274917603,0.9189571738243103
20260505_145249_17c16bd0,student_l1b_c,exposure,0.8,17.275284447957386,0.780463695526123,0.1550023853778839,0.8028882741928101,0.7410474419593811
20260505_145249_17c16bd0,teacher_15b,exposure,1.2,20.46781616038068,0.8203737735748291,0.12849128246307373,0.7683804035186768,0.9042832851409912
20260505_145249_17c16bd0,student_l1b_c,exposure,1.2,20.017189997974075,0.827014148235321,0.1268957406282425,0.8501361012458801,0.8462451100349426
20260505_145249_17c16bd0,teacher_15b,gamma,0.8,19.581697192288807,0.8110209703445435,0.13252466917037964,0.8079608082771301,0.9135457277297974
20260505_145249_17c16bd0,student_l1b_c,gamma,0.8,20.081902676203818,0.8292538523674011,0.12365062534809113,0.813453197479248,0.6862906217575073
20260505_145249_17c16bd0,teacher_15b,gamma,1.2,18.70768820961558,0.7927570343017578,0.1428796797990799,0.814346194267273,0.9000570774078369
20260505_145249_17c16bd0,student_l1b_c,gamma,1.2,18.6934788560558,0.7995880842208862,0.13950128853321075,0.819199800491333,0.7963541150093079
20260505_145249_17c16bd0,teacher_15b,blur,1.0,18.383488632193544,0.8017572164535522,0.1916535347700119,0.7671790719032288,0.8670276403427124
20260505_145249_17c16bd0,student_l1b_c,blur,1.0,15.825164389105733,0.7168447375297546,0.24579018354415894,0.7717828750610352,0.8108843564987183
20260505_145249_17c16bd0,teacher_15b,blur,2.0,14.918922092793368,0.6469154357910156,0.40987953543663025,0.735462486743927,0.7556662559509277
20260505_145249_17c16bd0,student_l1b_c,blur,2.0,14.57017144723582,0.6084697246551514,0.5325242280960083,0.7572501301765442,0.5262731909751892
20260505_145249_17c16bd0,teacher_15b,noise,0.01,19.32098650074739,0.7864248156547546,0.20494209229946136,0.796302855014801,0.7359510660171509
20260505_145249_17c16bd0,student_l1b_c,noise,0.01,19.76431834184805,0.7676515579223633,0.2550702691078186,0.8228700757026672,0.8021109104156494
20260505_145249_17c16bd0,teacher_15b,noise,0.03,18.176593264135107,0.6340879201889038,0.48620134592056274,0.7719977498054504,0.7370867133140564
20260505_145249_17c16bd0,student_l1b_c,noise,0.03,19.281837588368155,0.5970920920372009,0.5628671050071716,0.8067335486412048,0.7014223337173462
20260505_153811_0c4eecad,teacher_15b,clean,0.0,21.641833527620022,0.7473103404045105,0.14779236912727356,0.9063888192176819,0.9294763803482056
20260505_153811_0c4eecad,student_l1b_c,clean,0.0,19.342946648590186,0.6547185778617859,0.22632591426372528,0.8345867395401001,0.825295627117157
20260505_153811_0c4eecad,teacher_15b,exposure,0.8,21.73316912094434,0.7419980764389038,0.15088112652301788,0.9110490083694458,0.9244004487991333
20260505_153811_0c4eecad,student_l1b_c,exposure,0.8,20.01430297107845,0.6582987308502197,0.2279626429080963,0.8368916511535645,0.8369174003601074
20260505_153811_0c4eecad,teacher_15b,exposure,1.2,20.694750736862986,0.7374559640884399,0.15470942854881287,0.9021856784820557,0.932600736618042
20260505_153811_0c4eecad,student_l1b_c,exposure,1.2,18.38001386263589,0.6404609680175781,0.2340545803308487,0.8213514685630798,0.8336584568023682
20260505_153811_0c4eecad,teacher_15b,gamma,0.8,21.585231830821805,0.7467848658561707,0.14750830829143524,0.9059194326400757,0.9303667545318604
20260505_153811_0c4eecad,student_l1b_c,gamma,0.8,19.192554324964206,0.6509562730789185,0.22697490453720093,0.8313758969306946,0.8302333354949951
20260505_153811_0c4eecad,teacher_15b,gamma,1.2,21.70629348968597,0.7474920749664307,0.14818885922431946,0.9090081453323364,0.9290784597396851
20260505_153811_0c4eecad,student_l1b_c,gamma,1.2,19.535297840826857,0.6573988199234009,0.226509228348732,0.8272428512573242,0.8240387439727783
20260505_153811_0c4eecad,teacher_15b,blur,1.0,18.272778741407855,0.6006410121917725,0.4094941020011902,0.7836015820503235,0.7692792415618896
20260505_153811_0c4eecad,student_l1b_c,blur,1.0,17.818321385904547,0.549802303314209,0.48229798674583435,0.7776850461959839,0.7570931911468506
20260505_153811_0c4eecad,teacher_15b,blur,2.0,14.092734020718636,0.4431397318840027,0.6775933504104614,0.6388891935348511,0.3858846127986908
20260505_153811_0c4eecad,student_l1b_c,blur,2.0,16.734682197126155,0.47155511379241943,0.6767532229423523,0.6485139727592468,0.5073357820510864
20260505_153811_0c4eecad,teacher_15b,noise,0.01,21.749908722348472,0.7333524227142334,0.15028148889541626,0.9005990624427795,0.9273884296417236
20260505_153811_0c4eecad,student_l1b_c,noise,0.01,19.284685312523898,0.6424415111541748,0.2252626270055771,0.8240535259246826,0.8469709157943726
20260505_153811_0c4eecad,teacher_15b,noise,0.03,17.820906678821927,0.6066557168960571,0.25244957208633423,0.8306796550750732,0.8821734189987183
20260505_153811_0c4eecad,student_l1b_c,noise,0.03,15.588984328635519,0.5228998064994812,0.35232120752334595,0.7120968103408813,0.8194970488548279
20260505_134754_132029_cf8c21ee,teacher_15b,clean,0.0,22.23799421339436,0.647803544998169,0.18796032667160034,0.9406865835189819,0.9480185508728027
20260505_134754_132029_cf8c21ee,student_l1b_c,clean,0.0,19.464448539235768,0.5846214294433594,0.23330636322498322,0.9390578269958496,0.9003034234046936
20260505_134754_132029_cf8c21ee,teacher_15b,exposure,0.8,21.876203002022052,0.6350494623184204,0.19786295294761658,0.9369205236434937,0.9390737414360046
20260505_134754_132029_cf8c21ee,student_l1b_c,exposure,0.8,19.576210206732657,0.579819917678833,0.24760445952415466,0.9297981262207031,0.8798799514770508
20260505_134754_132029_cf8c21ee,teacher_15b,exposure,1.2,21.926171473292516,0.644542396068573,0.19109128415584564,0.9378772974014282,0.9474244117736816
20260505_134754_132029_cf8c21ee,student_l1b_c,exposure,1.2,18.384690540734894,0.5643731951713562,0.23744547367095947,0.9420287013053894,0.9019806981086731
20260505_134754_132029_cf8c21ee,teacher_15b,gamma,0.8,22.21257680830474,0.6458238959312439,0.188186913728714,0.9428101778030396,0.9482026100158691
20260505_134754_132029_cf8c21ee,student_l1b_c,gamma,0.8,19.455624746270196,0.5828160047531128,0.23839731514453888,0.9367316961288452,0.907006025314331
20260505_134754_132029_cf8c21ee,teacher_15b,gamma,1.2,22.246607612677938,0.6488619446754456,0.18849560618400574,0.9374139308929443,0.9468043446540833
20260505_134754_132029_cf8c21ee,student_l1b_c,gamma,1.2,19.47886142287818,0.5859219431877136,0.23350965976715088,0.9376230239868164,0.8910363912582397
20260505_134754_132029_cf8c21ee,teacher_15b,blur,1.0,15.97262792033012,0.46595191955566406,0.5225629210472107,0.919983983039856,0.7279742956161499
20260505_134754_132029_cf8c21ee,student_l1b_c,blur,1.0,14.06541691529985,0.4133762717247009,0.5719243288040161,0.8619850873947144,0.5116134285926819
20260505_134754_132029_cf8c21ee,teacher_15b,blur,2.0,11.369693481936448,0.27843695878982544,0.9475067853927612,0.6742525100708008,0.2899169325828552
20260505_134754_132029_cf8c21ee,student_l1b_c,blur,2.0,9.983256204909921,0.24212461709976196,0.9581599235534668,0.7133321762084961,0.43270373344421387
20260505_134754_132029_cf8c21ee,teacher_15b,noise,0.01,20.562979196280047,0.6223644614219666,0.21861308813095093,0.9213652610778809,0.9355396032333374
20260505_134754_132029_cf8c21ee,student_l1b_c,noise,0.01,16.154190281083935,0.5272770524024963,0.30466142296791077,0.9268456101417542,0.8292372226715088
20260505_134754_132029_cf8c21ee,teacher_15b,noise,0.03,15.210548521132377,0.5122999548912048,0.3692231774330139,0.8243531584739685,0.784108579158783
20260505_134754_132029_cf8c21ee,student_l1b_c,noise,0.03,13.567002050033569,0.4152471423149109,0.43280917406082153,0.8720533847808838,0.8037651777267456
20260505_140409_015968_f00ca076,teacher_15b,clean,0.0,15.478459772479356,0.5351647138595581,0.3265921473503113,0.8119024634361267,0.6890314817428589
20260505_140409_015968_f00ca076,student_l1b_c,clean,0.0,15.27572972298254,0.5572248697280884,0.3655700981616974,0.8408832550048828,0.739631175994873
20260505_140409_015968_f00ca076,teacher_15b,exposure,0.8,15.56757063202461,0.5465430021286011,0.32768601179122925,0.8286629915237427,0.6784257292747498
20260505_140409_015968_f00ca076,student_l1b_c,exposure,0.8,15.719487772012792,0.571449339389801,0.36649447679519653,0.8443090915679932,0.7476088404655457
20260505_140409_015968_f00ca076,teacher_15b,exposure,1.2,15.321247730621552,0.5204558372497559,0.331775426864624,0.8126604557037354,0.6572781801223755
20260505_140409_015968_f00ca076,student_l1b_c,exposure,1.2,14.755718603391216,0.5389587879180908,0.3699507713317871,0.8358362913131714,0.7208386659622192
20260505_140409_015968_f00ca076,teacher_15b,gamma,0.8,15.546840780401855,0.5306723117828369,0.32728856801986694,0.8096282482147217,0.6921781897544861
20260505_140409_015968_f00ca076,student_l1b_c,gamma,0.8,15.360885959843245,0.5480600595474243,0.36406630277633667,0.8323270678520203,0.7359572649002075
20260505_140409_015968_f00ca076,teacher_15b,gamma,1.2,15.399936675562284,0.5415758490562439,0.3276677429676056,0.8241742849349976,0.6836169958114624
20260505_140409_015968_f00ca076,student_l1b_c,gamma,1.2,15.220124665627011,0.5659377574920654,0.37135839462280273,0.844313383102417,0.7376611232757568
20260505_140409_015968_f00ca076,teacher_15b,blur,1.0,15.452504344243394,0.550025224685669,0.3915565609931946,0.8701354265213013,0.7291378974914551
20260505_140409_015968_f00ca076,student_l1b_c,blur,1.0,15.553905772419936,0.5676944255828857,0.44300782680511475,0.8408123254776001,0.7332828640937805
20260505_140409_015968_f00ca076,teacher_15b,blur,2.0,15.640599385739955,0.5347794890403748,0.5635600090026855,0.8106685280799866,0.5989898443222046
20260505_140409_015968_f00ca076,student_l1b_c,blur,2.0,13.39991493240376,0.43126940727233887,0.6962999105453491,0.8010420203208923,0.4901313781738281
20260505_140409_015968_f00ca076,teacher_15b,noise,0.01,15.413030595798833,0.536249577999115,0.3716258406639099,0.8383383750915527,0.6242806315422058
20260505_140409_015968_f00ca076,student_l1b_c,noise,0.01,15.292921812602305,0.5381647348403931,0.4286080598831177,0.8366270661354065,0.7252824306488037
20260505_140409_015968_f00ca076,teacher_15b,noise,0.03,15.359178427806565,0.5091856718063354,0.5396000146865845,0.8087136745452881,0.5816458463668823
20260505_140409_015968_f00ca076,student_l1b_c,noise,0.03,15.049485286714235,0.4704764485359192,0.5881267786026001,0.8224464058876038,0.7069082260131836
20260505_151027_0e5f0f67,teacher_15b,clean,0.0,18.250052990588856,0.6343278288841248,0.21850773692131042,0.9403046369552612,0.9599641561508179
20260505_151027_0e5f0f67,student_l1b_c,clean,0.0,19.61013496861908,0.6348986625671387,0.24296517670154572,0.9157373309135437,0.9516013264656067
20260505_151027_0e5f0f67,teacher_15b,exposure,0.8,18.173618463201926,0.6235453486442566,0.22686977684497833,0.9465053677558899,0.9612791538238525
20260505_151027_0e5f0f67,student_l1b_c,exposure,0.8,19.062063834954056,0.617938220500946,0.2572249174118042,0.9187712669372559,0.9491639137268066
20260505_151027_0e5f0f67,teacher_15b,exposure,1.2,18.268862481478592,0.6403645277023315,0.21314099431037903,0.9477880001068115,0.9582895040512085
20260505_151027_0e5f0f67,student_l1b_c,exposure,1.2,19.57677301304748,0.6392368674278259,0.2365926057100296,0.9176205396652222,0.9523114562034607
20260505_151027_0e5f0f67,teacher_15b,gamma,0.8,18.33779327083776,0.6357147097587585,0.2181379199028015,0.9346452355384827,0.9600450992584229
20260505_151027_0e5f0f67,student_l1b_c,gamma,0.8,19.50823055508356,0.6316024661064148,0.24766826629638672,0.9164403676986694,0.9531221389770508
20260505_151027_0e5f0f67,teacher_15b,gamma,1.2,18.156293518320513,0.6321454048156738,0.21997293829917908,0.9422416687011719,0.9597520232200623
20260505_151027_0e5f0f67,student_l1b_c,gamma,1.2,19.631714460159323,0.6350792646408081,0.2409663200378418,0.9165620803833008,0.9490572810173035
20260505_151027_0e5f0f67,teacher_15b,blur,1.0,18.069152657505906,0.5492208003997803,0.411743700504303,0.9108049869537354,0.9131397008895874
20260505_151027_0e5f0f67,student_l1b_c,blur,1.0,16.78336613536506,0.49015840888023376,0.48366186022758484,0.8726974129676819,0.8953455686569214
20260505_151027_0e5f0f67,teacher_15b,blur,2.0,14.964471458060933,0.3952455520629883,0.7459154725074768,0.7145458459854126,0.6329991221427917
20260505_151027_0e5f0f67,student_l1b_c,blur,2.0,14.66835370870734,0.38968536257743835,0.7695310115814209,0.7544377446174622,0.6540259718894958
20260505_151027_0e5f0f67,teacher_15b,noise,0.01,16.510797416840354,0.5857212543487549,0.2409716695547104,0.9295212626457214,0.9406800270080566
20260505_151027_0e5f0f67,student_l1b_c,noise,0.01,16.732244580100147,0.5746339559555054,0.27356773614883423,0.8899486660957336,0.9331692457199097
20260505_151027_0e5f0f67,teacher_15b,noise,0.03,15.375855014486364,0.49738192558288574,0.3729242980480194,0.8742069005966187,0.87713623046875
20260505_151027_0e5f0f67,student_l1b_c,noise,0.03,14.224898491109855,0.46307095885276794,0.42441102862358093,0.8010254502296448,0.900617778301239
20260505_155119_0c4eecad,teacher_15b,clean,0.0,23.639515988317385,0.7411160469055176,0.11705682426691055,0.9648544788360596,0.9044647812843323
20260505_155119_0c4eecad,student_l1b_c,clean,0.0,20.81860270417383,0.7060388922691345,0.15756000578403473,0.9351767897605896,0.9065264463424683
20260505_155119_0c4eecad,teacher_15b,exposure,0.8,22.738592044359525,0.7372931241989136,0.12625746428966522,0.9631829261779785,0.8979488611221313
20260505_155119_0c4eecad,student_l1b_c,exposure,0.8,20.23978506500734,0.7025098204612732,0.17297683656215668,0.9274064302444458,0.8734664916992188
20260505_155119_0c4eecad,teacher_15b,exposure,1.2,23.692640605670746,0.7406806349754333,0.11589080095291138,0.9617608785629272,0.901543378829956
20260505_155119_0c4eecad,student_l1b_c,exposure,1.2,20.73849718042592,0.6953518390655518,0.16180410981178284,0.9405068159103394,0.8880960941314697
20260505_155119_0c4eecad,teacher_15b,gamma,0.8,23.70499088993833,0.741625189781189,0.1165604367852211,0.9622095823287964,0.9037104845046997
20260505_155119_0c4eecad,student_l1b_c,gamma,0.8,20.70291024861963,0.7053884863853455,0.15924735367298126,0.9356981515884399,0.9041261076927185
20260505_155119_0c4eecad,teacher_15b,gamma,1.2,23.56045707330841,0.740502119064331,0.1177474707365036,0.9619821310043335,0.9061747789382935
20260505_155119_0c4eecad,student_l1b_c,gamma,1.2,20.903852775586888,0.7062934637069702,0.1577054262161255,0.9306476712226868,0.90375816822052
20260505_155119_0c4eecad,teacher_15b,blur,1.0,19.9509659902684,0.6197033524513245,0.38551226258277893,0.8654425144195557,0.7709082365036011
20260505_155119_0c4eecad,student_l1b_c,blur,1.0,14.875591702755548,0.523775041103363,0.5396255254745483,0.835166871547699,0.7086780667304993
20260505_155119_0c4eecad,teacher_15b,blur,2.0,13.777196302487688,0.44569334387779236,0.6859501004219055,0.7486429214477539,0.4392527937889099
20260505_155119_0c4eecad,student_l1b_c,blur,2.0,14.15400877430254,0.4566582441329956,0.701176643371582,0.7876899242401123,0.4504775404930115
20260505_155119_0c4eecad,teacher_15b,noise,0.01,22.947586005967455,0.7104508280754089,0.12798957526683807,0.9702869653701782,0.9013351202011108
20260505_155119_0c4eecad,student_l1b_c,noise,0.01,20.175577236527836,0.6744424104690552,0.17541302740573883,0.9400601983070374,0.895636796951294
20260505_155119_0c4eecad,teacher_15b,noise,0.03,18.159215438117272,0.559953510761261,0.265064001083374,0.9071469306945801,0.8169746398925781
20260505_155119_0c4eecad,student_l1b_c,noise,0.03,14.7569128584631,0.49590742588043213,0.33529144525527954,0.8799982070922852,0.8143365383148193
20260505_135110_603728_cf8c21ee,teacher_15b,clean,0.0,28.345186804829456,0.8515869379043579,0.06869727373123169,0.9681615233421326,0.9316403865814209
20260505_135110_603728_cf8c21ee,student_l1b_c,clean,0.0,25.302561262015224,0.817980945110321,0.09645970165729523,0.9714584946632385,0.9409592747688293
20260505_135110_603728_cf8c21ee,teacher_15b,exposure,0.8,28.664744394776545,0.8534194827079773,0.07319808751344681,0.9594074487686157,0.9261199831962585
20260505_135110_603728_cf8c21ee,student_l1b_c,exposure,0.8,25.147041982142543,0.8217114210128784,0.10510290414094925,0.9678119421005249,0.932366132736206
20260505_135110_603728_cf8c21ee,teacher_15b,exposure,1.2,27.377122838242272,0.8448429107666016,0.06884509325027466,0.9711399078369141,0.9294869303703308
20260505_135110_603728_cf8c21ee,student_l1b_c,exposure,1.2,23.729472740341695,0.799197793006897,0.09888486564159393,0.969659686088562,0.9357979893684387
20260505_135110_603728_cf8c21ee,teacher_15b,gamma,0.8,28.33159410045321,0.8516336679458618,0.06927718967199326,0.9702808856964111,0.9261921644210815
20260505_135110_603728_cf8c21ee,student_l1b_c,gamma,0.8,24.707802475646833,0.8152393698692322,0.09974395483732224,0.9730944037437439,0.9399402141571045
20260505_135110_603728_cf8c21ee,teacher_15b,gamma,1.2,28.361547750149825,0.8516696691513062,0.06878609955310822,0.966205358505249,0.9370580315589905
20260505_135110_603728_cf8c21ee,student_l1b_c,gamma,1.2,25.81681508140734,0.8207987546920776,0.09466700255870819,0.9706956148147583,0.9386397004127502
20260505_135110_603728_cf8c21ee,teacher_15b,blur,1.0,15.671323818144549,0.7485717535018921,0.290343701839447,0.9069610834121704,0.7288535833358765
20260505_135110_603728_cf8c21ee,student_l1b_c,blur,1.0,12.425200898540538,0.6161484718322754,0.41985946893692017,0.8602930307388306,0.6610716581344604
20260505_135110_603728_cf8c21ee,teacher_15b,blur,2.0,13.213776842493246,0.5499784350395203,0.7013038396835327,0.7660008668899536,0.37341004610061646
20260505_135110_603728_cf8c21ee,student_l1b_c,blur,2.0,12.035159138241962,0.5578820705413818,0.6746459007263184,0.7586303949356079,0.3845006823539734
20260505_135110_603728_cf8c21ee,teacher_15b,noise,0.01,26.990845138777644,0.8303026556968689,0.08592908084392548,0.932652473449707,0.9227895140647888
20260505_135110_603728_cf8c21ee,student_l1b_c,noise,0.01,21.221657125458005,0.7481186389923096,0.19930246472358704,0.9016507267951965,0.8664412498474121
20260505_135110_603728_cf8c21ee,teacher_15b,noise,0.03,17.902825874972063,0.6153340339660645,0.35981202125549316,0.90068519115448,0.79150390625
20260505_135110_603728_cf8c21ee,student_l1b_c,noise,0.03,14.535358495829414,0.4664042890071869,0.5789944529533386,0.832937479019165,0.7693586349487305
20260505_122742_601570_a473e239,teacher_15b,clean,0.0,25.3774641982683,0.7833845615386963,0.10082971304655075,0.9693164825439453,0.9722491502761841
20260505_122742_601570_a473e239,student_l1b_c,clean,0.0,22.91773360938744,0.7248191237449646,0.15589676797389984,0.9614235162734985,0.968039870262146
20260505_122742_601570_a473e239,teacher_15b,exposure,0.8,25.1481492169276,0.7789401412010193,0.10297724604606628,0.9749079942703247,0.9759384393692017
20260505_122742_601570_a473e239,student_l1b_c,exposure,0.8,22.19473206307871,0.7156866788864136,0.169583261013031,0.9628261923789978,0.9686324000358582
20260505_122742_601570_a473e239,teacher_15b,exposure,1.2,24.880193507865908,0.7806692123413086,0.10226286947727203,0.9664697647094727,0.969968318939209
20260505_122742_601570_a473e239,student_l1b_c,exposure,1.2,22.561742739873964,0.7221402525901794,0.154679074883461,0.9583572149276733,0.9627630710601807
20260505_122742_601570_a473e239,teacher_15b,gamma,0.8,25.53285139032571,0.7833733558654785,0.10122126340866089,0.9753419160842896,0.9738143086433411
20260505_122742_601570_a473e239,student_l1b_c,gamma,0.8,22.889238157922,0.7234443426132202,0.1578870266675949,0.9603912234306335,0.9699154496192932
20260505_122742_601570_a473e239,teacher_15b,gamma,1.2,25.26996237336093,0.7830526232719421,0.10063742101192474,0.9663139581680298,0.9700695276260376
20260505_122742_601570_a473e239,student_l1b_c,gamma,1.2,22.88597380006518,0.7251667976379395,0.15613645315170288,0.9578773975372314,0.9662579298019409
20260505_122742_601570_a473e239,teacher_15b,blur,1.0,23.002718849943943,0.6808804273605347,0.31793734431266785,0.9642656445503235,0.9514925479888916
20260505_122742_601570_a473e239,student_l1b_c,blur,1.0,20.411364589316385,0.6127449870109558,0.42205366492271423,0.9001343250274658,0.9462242722511292
20260505_122742_601570_a473e239,teacher_15b,blur,2.0,15.709535877031158,0.4880441427230835,0.6963768601417542,0.7965224981307983,0.7458394765853882
20260505_122742_601570_a473e239,student_l1b_c,blur,2.0,16.487189796661493,0.48923182487487793,0.7013183832168579,0.8093380331993103,0.8234466314315796
20260505_122742_601570_a473e239,teacher_15b,noise,0.01,24.64390786909537,0.7548996210098267,0.11411432921886444,0.9666852951049805,0.9642922878265381
20260505_122742_601570_a473e239,student_l1b_c,noise,0.01,22.50315797094065,0.7002571821212769,0.17131096124649048,0.9694322943687439,0.9622699022293091
20260505_122742_601570_a473e239,teacher_15b,noise,0.03,22.374261049379797,0.6113255023956299,0.27296963334083557,0.9573582410812378,0.9192702174186707
20260505_122742_601570_a473e239,student_l1b_c,noise,0.03,19.943650685818756,0.5673128366470337,0.3645450472831726,0.9288142919540405,0.9337816834449768
20260505_154429_0c4eecad,teacher_15b,clean,0.0,28.43469048884519,0.9220494031906128,0.047288019210100174,0.9718040823936462,0.9306208491325378
20260505_154429_0c4eecad,student_l1b_c,clean,0.0,23.20259888192215,0.8558851480484009,0.06964946538209915,0.9573408961296082,0.9134674072265625
20260505_154429_0c4eecad,teacher_15b,exposure,0.8,27.514924624252256,0.9168822765350342,0.05325250327587128,0.9701248407363892,0.9361091256141663
20260505_154429_0c4eecad,student_l1b_c,exposure,0.8,24.28597528472469,0.8537149429321289,0.07163666933774948,0.9525421261787415,0.9165242910385132
20260505_154429_0c4eecad,teacher_15b,exposure,1.2,25.883576265216565,0.9157880544662476,0.04766315594315529,0.9737827777862549,0.9232383966445923
20260505_154429_0c4eecad,student_l1b_c,exposure,1.2,20.729065340625496,0.8402786254882812,0.07843904197216034,0.9624892473220825,0.9011507630348206
20260505_154429_0c4eecad,teacher_15b,gamma,0.8,28.228331061634503,0.9200196266174316,0.047035444527864456,0.971806526184082,0.9338772296905518
20260505_154429_0c4eecad,student_l1b_c,gamma,0.8,22.7106049390602,0.8468294143676758,0.0751478523015976,0.9582414627075195,0.9105192422866821
20260505_154429_0c4eecad,teacher_15b,gamma,1.2,28.567716000331586,0.9226147532463074,0.04856176674365997,0.9727070331573486,0.9269852638244629
20260505_154429_0c4eecad,student_l1b_c,gamma,1.2,23.771573578543293,0.8610019683837891,0.067052461206913,0.9528815150260925,0.916234016418457
20260505_154429_0c4eecad,teacher_15b,blur,1.0,20.799498427196227,0.7934041023254395,0.2218179702758789,0.9098117351531982,0.9077246189117432
20260505_154429_0c4eecad,student_l1b_c,blur,1.0,20.009703606835497,0.735073983669281,0.26551729440689087,0.8707566261291504,0.9012327194213867
20260505_154429_0c4eecad,teacher_15b,blur,2.0,20.04278693153931,0.6678282618522644,0.4425947666168213,0.8514899015426636,0.734159529209137
20260505_154429_0c4eecad,student_l1b_c,blur,2.0,20.84177188499321,0.6500517129898071,0.472292959690094,0.8552546501159668,0.8215897083282471
20260505_154429_0c4eecad,teacher_15b,noise,0.01,27.454218325144527,0.90330970287323,0.06121985241770744,0.956099808216095,0.9258159399032593
20260505_154429_0c4eecad,student_l1b_c,noise,0.01,23.556299686202237,0.83708655834198,0.08513685315847397,0.9499378204345703,0.8993312120437622
20260505_154429_0c4eecad,teacher_15b,noise,0.03,25.159149218324302,0.8111574053764343,0.15562258660793304,0.8970392942428589,0.9057198762893677
20260505_154429_0c4eecad,student_l1b_c,noise,0.03,23.139207946849076,0.7464000582695007,0.20735184848308563,0.8909119367599487,0.8747388124465942
20260505_141441_686079_f00ca076,teacher_15b,clean,0.0,20.26662826252374,0.7479215860366821,0.23241554200649261,0.872377872467041,0.8260630965232849
20260505_141441_686079_f00ca076,student_l1b_c,clean,0.0,20.603042987982462,0.7367919683456421,0.24880348145961761,0.8866993188858032,0.8204296231269836
20260505_141441_686079_f00ca076,teacher_15b,exposure,0.8,19.2294236995209,0.72261643409729,0.24681012332439423,0.8884648680686951,0.8267364501953125
20260505_141441_686079_f00ca076,student_l1b_c,exposure,0.8,19.310937917482565,0.7295827269554138,0.2606840133666992,0.8802441954612732,0.785426139831543
20260505_141441_686079_f00ca076,teacher_15b,exposure,1.2,20.977489108633748,0.7649369239807129,0.22991107404232025,0.8509526252746582,0.8180572986602783
20260505_141441_686079_f00ca076,student_l1b_c,exposure,1.2,20.849360677626198,0.7333797812461853,0.24790430068969727,0.8848615884780884,0.8469027876853943
20260505_141441_686079_f00ca076,teacher_15b,gamma,0.8,20.242033063029034,0.7532994747161865,0.23179936408996582,0.885456919670105,0.8313634991645813
20260505_141441_686079_f00ca076,student_l1b_c,gamma,0.8,20.74046284928512,0.7290618419647217,0.24986247718334198,0.8818951845169067,0.8366146087646484
20260505_141441_686079_f00ca076,teacher_15b,gamma,1.2,20.26140853282846,0.7416768074035645,0.23438051342964172,0.8732923269271851,0.8235093355178833
20260505_141441_686079_f00ca076,student_l1b_c,gamma,1.2,20.328572967850555,0.7357749342918396,0.25334620475769043,0.8919227123260498,0.8045140504837036
20260505_141441_686079_f00ca076,teacher_15b,blur,1.0,20.021633077408914,0.7337582111358643,0.363216757774353,0.8552257418632507,0.7975538969039917
20260505_141441_686079_f00ca076,student_l1b_c,blur,1.0,19.729123093381677,0.6457690596580505,0.3936576247215271,0.8776176571846008,0.6911295652389526
20260505_141441_686079_f00ca076,teacher_15b,blur,2.0,19.46191536499468,0.68657386302948,0.48534178733825684,0.7955836653709412,0.5993251800537109
20260505_141441_686079_f00ca076,student_l1b_c,blur,2.0,17.524241234386004,0.544018030166626,0.572138786315918,0.7898757457733154,0.5165771245956421
20260505_141441_686079_f00ca076,teacher_15b,noise,0.01,19.315067592535595,0.7113485336303711,0.25896739959716797,0.8161608576774597,0.7819117903709412
20260505_141441_686079_f00ca076,student_l1b_c,noise,0.01,20.61561690186351,0.7020407915115356,0.28497081995010376,0.8504825830459595,0.8058146238327026
20260505_141441_686079_f00ca076,teacher_15b,noise,0.03,20.112591687364976,0.6319519281387329,0.387816846370697,0.7902228832244873,0.639466404914856
20260505_141441_686079_f00ca076,student_l1b_c,noise,0.03,19.59006085295527,0.5299817323684692,0.49675923585891724,0.7288930416107178,0.7003096342086792
20260505_153713_0c4eecad,teacher_15b,clean,0.0,24.923783526072057,0.8085957765579224,0.08005756139755249,0.9025532007217407,0.9123616218566895
20260505_153713_0c4eecad,student_l1b_c,clean,0.0,22.24146768052527,0.7566508054733276,0.1440451592206955,0.8961766958236694,0.8790485262870789
20260505_153713_0c4eecad,teacher_15b,exposure,0.8,24.098749422455775,0.8030741214752197,0.08430685847997665,0.9076899886131287,0.9120094776153564
20260505_153713_0c4eecad,student_l1b_c,exposure,0.8,21.489124131997215,0.7528274059295654,0.14846044778823853,0.9051181077957153,0.8819734454154968
20260505_153713_0c4eecad,teacher_15b,exposure,1.2,24.149864141098796,0.8037525415420532,0.08357065916061401,0.9070885181427002,0.9152783155441284
20260505_153713_0c4eecad,student_l1b_c,exposure,1.2,21.606362843244142,0.7460717558860779,0.1470843255519867,0.8928470611572266,0.8717806339263916
20260505_153713_0c4eecad,teacher_15b,gamma,0.8,24.946857800821533,0.8087934255599976,0.07893271744251251,0.9094787836074829,0.9155786037445068
20260505_153713_0c4eecad,student_l1b_c,gamma,0.8,22.264586498470052,0.7569975256919861,0.14428147673606873,0.9015547037124634,0.8781765103340149
20260505_153713_0c4eecad,teacher_15b,gamma,1.2,24.911218422507933,0.8082394003868103,0.08135785162448883,0.9015170931816101,0.9092700481414795
20260505_153713_0c4eecad,student_l1b_c,gamma,1.2,22.168604123929313,0.7561296224594116,0.14425666630268097,0.8961174488067627,0.8797785043716431
20260505_153713_0c4eecad,teacher_15b,blur,1.0,21.19812846429475,0.6761759519577026,0.30182909965515137,0.9229557514190674,0.865074872970581
20260505_153713_0c4eecad,student_l1b_c,blur,1.0,20.62870458802373,0.6606543064117432,0.3253738284111023,0.8884857892990112,0.9082800149917603
20260505_153713_0c4eecad,teacher_15b,blur,2.0,16.268237171151377,0.5265458822250366,0.5596826076507568,0.8535251617431641,0.6952438354492188
20260505_153713_0c4eecad,student_l1b_c,blur,2.0,18.151960175351114,0.5323381423950195,0.5536808371543884,0.8435379266738892,0.7470690011978149
20260505_153713_0c4eecad,teacher_15b,noise,0.01,24.648828509800662,0.7902836799621582,0.0912148579955101,0.8842401504516602,0.912816047668457
20260505_153713_0c4eecad,student_l1b_c,noise,0.01,21.771138957316452,0.7408465147018433,0.15536245703697205,0.890378475189209,0.8787410259246826
20260505_153713_0c4eecad,teacher_15b,noise,0.03,20.81805479298037,0.6680676937103271,0.22022169828414917,0.9079782962799072,0.869156002998352
20260505_153713_0c4eecad,student_l1b_c,noise,0.03,18.01360188259048,0.6279273629188538,0.292520135641098,0.8519032001495361,0.7767806053161621
20260505_135354_674926_cf8c21ee,teacher_15b,clean,0.0,24.816066230049536,0.8253416419029236,0.11539037525653839,0.9636043310165405,0.9284316301345825
20260505_135354_674926_cf8c21ee,student_l1b_c,clean,0.0,21.689667125213067,0.7713479399681091,0.15996304154396057,0.9124718904495239,0.891029953956604
20260505_135354_674926_cf8c21ee,teacher_15b,exposure,0.8,23.914300156433978,0.8248815536499023,0.11767908930778503,0.9573333263397217,0.9271277785301208
20260505_135354_674926_cf8c21ee,student_l1b_c,exposure,0.8,21.46279844583024,0.7789626121520996,0.16048136353492737,0.9056608080863953,0.8948460817337036
20260505_135354_674926_cf8c21ee,teacher_15b,exposure,1.2,24.125855485856857,0.8111879229545593,0.119843490421772,0.9671487808227539,0.7704020142555237
20260505_135354_674926_cf8c21ee,student_l1b_c,exposure,1.2,20.692844073108244,0.7473839521408081,0.16968753933906555,0.9130159616470337,0.8212646245956421
20260505_135354_674926_cf8c21ee,teacher_15b,gamma,0.8,24.78390620079416,0.824316680431366,0.11543204635381699,0.9629385471343994,0.9257068634033203
20260505_135354_674926_cf8c21ee,student_l1b_c,gamma,0.8,21.511679883137322,0.7649009227752686,0.1605074256658554,0.9122289419174194,0.8922538757324219
20260505_135354_674926_cf8c21ee,teacher_15b,gamma,1.2,24.824704334245403,0.8261206150054932,0.11590461432933807,0.9592484831809998,0.9301148653030396
20260505_135354_674926_cf8c21ee,student_l1b_c,gamma,1.2,21.833926683300795,0.7770647406578064,0.16035877168178558,0.9153661727905273,0.8871599435806274
20260505_135354_674926_cf8c21ee,teacher_15b,blur,1.0,21.17110434045989,0.7579703330993652,0.23115700483322144,0.9090470671653748,0.846915066242218
20260505_135354_674926_cf8c21ee,student_l1b_c,blur,1.0,20.350531070067994,0.7159862518310547,0.2950071096420288,0.9029226899147034,0.8237879872322083
20260505_135354_674926_cf8c21ee,teacher_15b,blur,2.0,16.179382829046858,0.6236906051635742,0.5275740623474121,0.7767773866653442,0.6526131629943848
20260505_135354_674926_cf8c21ee,student_l1b_c,blur,2.0,15.633354771284573,0.5877573490142822,0.6182711124420166,0.8012723922729492,0.723408579826355
20260505_135354_674926_cf8c21ee,teacher_15b,noise,0.01,23.63529721064377,0.7997509837150574,0.12930725514888763,0.9137068390846252,0.8768162131309509
20260505_135354_674926_cf8c21ee,student_l1b_c,noise,0.01,17.654470724135443,0.6763038039207458,0.2841673791408539,0.9087623357772827,0.8479916453361511
20260505_135354_674926_cf8c21ee,teacher_15b,noise,0.03,15.829129415130279,0.5776710510253906,0.4559997320175171,0.8399991393089294,0.705952525138855
20260505_135354_674926_cf8c21ee,student_l1b_c,noise,0.03,15.801203223675875,0.5013464689254761,0.5422534346580505,0.8072333931922913,0.6998796463012695
20260505_161248_0c4eecad,teacher_15b,clean,0.0,25.964396329331933,0.8684089183807373,0.07460546493530273,0.9727222323417664,0.9466726779937744
20260505_161248_0c4eecad,student_l1b_c,clean,0.0,22.60991559502003,0.8374341726303101,0.13746683299541473,0.8882896900177002,0.8577477931976318
20260505_161248_0c4eecad,teacher_15b,exposure,0.8,25.5837499638537,0.8623115420341492,0.07998274266719818,0.9716814160346985,0.9528310894966125
20260505_161248_0c4eecad,student_l1b_c,exposure,0.8,22.456030710240917,0.8291113376617432,0.14328184723854065,0.8952822685241699,0.8673102855682373
20260505_161248_0c4eecad,teacher_15b,exposure,1.2,25.053910047265347,0.864506721496582,0.07571780681610107,0.9676045179367065,0.9331770539283752
20260505_161248_0c4eecad,student_l1b_c,exposure,1.2,21.451458419714612,0.8305662870407104,0.14088961482048035,0.8872711658477783,0.8502975106239319
20260505_161248_0c4eecad,teacher_15b,gamma,0.8,25.857164667472166,0.8679346442222595,0.07474890351295471,0.9706050157546997,0.9502114057540894
20260505_161248_0c4eecad,student_l1b_c,gamma,0.8,22.700923094085542,0.8386296629905701,0.13708683848381042,0.8913924694061279,0.8621078729629517
20260505_161248_0c4eecad,teacher_15b,gamma,1.2,26.046615109168396,0.868482232093811,0.07512899488210678,0.9732275009155273,0.944467306137085
20260505_161248_0c4eecad,student_l1b_c,gamma,1.2,22.53061605272409,0.8354989886283875,0.13831090927124023,0.8962992429733276,0.8570543527603149
20260505_161248_0c4eecad,teacher_15b,blur,1.0,21.270762195782428,0.7183153033256531,0.329569548368454,0.9499163031578064,0.9113649725914001
20260505_161248_0c4eecad,student_l1b_c,blur,1.0,20.323912761448696,0.6913797855377197,0.3968081474304199,0.8779098987579346,0.8550092577934265
20260505_161248_0c4eecad,teacher_15b,blur,2.0,18.59314987169411,0.5702769756317139,0.6083091497421265,0.773383378982544,0.7370920181274414
20260505_161248_0c4eecad,student_l1b_c,blur,2.0,18.996244145438542,0.5492767095565796,0.6280838251113892,0.7480615377426147,0.7526994943618774
20260505_161248_0c4eecad,teacher_15b,noise,0.01,25.799732442425505,0.8498460054397583,0.08475557714700699,0.9685026407241821,0.9472968578338623
20260505_161248_0c4eecad,student_l1b_c,noise,0.01,22.082806595481678,0.8194088935852051,0.13998380303382874,0.8896169662475586,0.8558332920074463
20260505_161248_0c4eecad,teacher_15b,noise,0.03,22.970369828810952,0.748170018196106,0.16679784655570984,0.9161215424537659,0.9247225522994995
20260505_161248_0c4eecad,student_l1b_c,noise,0.03,19.517518124765672,0.7101148366928101,0.21701675653457642,0.8670518398284912,0.8273880481719971
20260505_144824_283947_f00ca076,teacher_15b,clean,0.0,24.37773729155324,0.8613533973693848,0.14023049175739288,0.9170879125595093,0.9615323543548584
20260505_144824_283947_f00ca076,student_l1b_c,clean,0.0,21.222587743507827,0.8206262588500977,0.16552941501140594,0.9020701050758362,0.9467496871948242
20260505_144824_283947_f00ca076,teacher_15b,exposure,0.8,24.19330822247831,0.8677868843078613,0.13793718814849854,0.9376717805862427,0.9590110778808594
20260505_144824_283947_f00ca076,student_l1b_c,exposure,0.8,22.223965726995107,0.8341314196586609,0.1644522249698639,0.8977625370025635,0.9498220682144165
20260505_144824_283947_f00ca076,teacher_15b,exposure,1.2,21.296428309848597,0.8228662014007568,0.15329810976982117,0.9190657138824463,0.9564762711524963
20260505_144824_283947_f00ca076,student_l1b_c,exposure,1.2,19.169108856821207,0.7859495878219604,0.1728021502494812,0.8857319355010986,0.9398906230926514
20260505_144824_283947_f00ca076,teacher_15b,gamma,0.8,24.16895482211799,0.8584407567977905,0.1436161994934082,0.9237053394317627,0.9600120782852173
20260505_144824_283947_f00ca076,student_l1b_c,gamma,0.8,20.820854162890292,0.812773585319519,0.16815610229969025,0.8957149386405945,0.9484052658081055
20260505_144824_283947_f00ca076,teacher_15b,gamma,1.2,24.629395985277792,0.8641741275787354,0.1368720829486847,0.9174837470054626,0.9627225399017334
20260505_144824_283947_f00ca076,student_l1b_c,gamma,1.2,21.757087092112787,0.8277965784072876,0.16447313129901886,0.908190131187439,0.9458491802215576
20260505_144824_283947_f00ca076,teacher_15b,blur,1.0,21.097271539019488,0.7501429319381714,0.3296821415424347,0.8268219232559204,0.8388779163360596
20260505_144824_283947_f00ca076,student_l1b_c,blur,1.0,19.812642335430716,0.7196911573410034,0.3268931210041046,0.8145738840103149,0.9140387773513794
20260505_144824_283947_f00ca076,teacher_15b,blur,2.0,18.326553387174283,0.636408805847168,0.4915637671947479,0.6585538387298584,0.6274193525314331
20260505_144824_283947_f00ca076,student_l1b_c,blur,2.0,19.21068378816948,0.603893518447876,0.5179147720336914,0.6500278115272522,0.8395960330963135
20260505_144824_283947_f00ca076,teacher_15b,noise,0.01,24.12646970553492,0.84525465965271,0.16646912693977356,0.8660165071487427,0.9425586462020874
20260505_144824_283947_f00ca076,student_l1b_c,noise,0.01,21.67219399556529,0.7991822957992554,0.2019716501235962,0.8927561044692993,0.9341810941696167
20260505_144824_283947_f00ca076,teacher_15b,noise,0.03,21.619008828707663,0.7446926832199097,0.2843930125236511,0.700676679611206,0.9172862768173218
20260505_144824_283947_f00ca076,student_l1b_c,noise,0.03,18.737147643406377,0.6612368822097778,0.33421820402145386,0.7879678010940552,0.941821277141571
20260505_122612_423224_a473e239,teacher_15b,clean,0.0,25.370661389714453,0.7258655428886414,0.14094454050064087,0.9663784503936768,0.930424153804779
20260505_122612_423224_a473e239,student_l1b_c,clean,0.0,24.440305060874877,0.7109893560409546,0.17652660608291626,0.9711192846298218,0.8887252807617188
20260505_122612_423224_a473e239,teacher_15b,exposure,0.8,24.903813867491124,0.7210100889205933,0.15242835879325867,0.9654312133789062,0.9268801212310791
20260505_122612_423224_a473e239,student_l1b_c,exposure,0.8,23.548332853688624,0.6999844908714294,0.19275319576263428,0.961940586566925,0.8766176104545593
20260505_122612_423224_a473e239,teacher_15b,exposure,1.2,25.103900379395846,0.7262678146362305,0.1371346265077591,0.9595544338226318,0.9178556799888611
20260505_122612_423224_a473e239,student_l1b_c,exposure,1.2,24.43690316205551,0.7131586074829102,0.17319801449775696,0.9677382707595825,0.8907665014266968
20260505_122612_423224_a473e239,teacher_15b,gamma,0.8,25.486364770839415,0.7257781028747559,0.14149664342403412,0.9649115204811096,0.9306273460388184
20260505_122612_423224_a473e239,student_l1b_c,gamma,0.8,24.735357320567772,0.7097744345664978,0.17676189541816711,0.9685512185096741,0.8824719786643982
20260505_122612_423224_a473e239,teacher_15b,gamma,1.2,25.272826670140283,0.7254877090454102,0.141748309135437,0.9662138223648071,0.9303284883499146
20260505_122612_423224_a473e239,student_l1b_c,gamma,1.2,24.131776162752008,0.710732638835907,0.17843884229660034,0.9697325229644775,0.8934638500213623
20260505_122612_423224_a473e239,teacher_15b,blur,1.0,23.84157859103111,0.5988744497299194,0.4859749972820282,0.9068180322647095,0.8673269748687744
20260505_122612_423224_a473e239,student_l1b_c,blur,1.0,15.226502635714269,0.5454299449920654,0.6192526817321777,0.8526915907859802,0.7984808683395386
20260505_122612_423224_a473e239,teacher_15b,blur,2.0,14.544680760743194,0.4783436954021454,0.8110219836235046,0.7720320820808411,0.6110571622848511
20260505_122612_423224_a473e239,student_l1b_c,blur,2.0,15.141091768481376,0.46609050035476685,0.8411591649055481,0.765476405620575,0.39584484696388245
20260505_122612_423224_a473e239,teacher_15b,noise,0.01,25.146604723662985,0.7056612372398376,0.1355731189250946,0.9576247930526733,0.9219264984130859
20260505_122612_423224_a473e239,student_l1b_c,noise,0.01,24.281423378317317,0.6915405988693237,0.16526129841804504,0.9638954401016235,0.8688793182373047
20260505_122612_423224_a473e239,teacher_15b,noise,0.03,23.39272050075463,0.606480598449707,0.1679113358259201,0.9452611804008484,0.8446930050849915
20260505_122612_423224_a473e239,student_l1b_c,noise,0.03,23.209347462016687,0.5794925689697266,0.20712488889694214,0.9371856451034546,0.7780083417892456
20260505_130046_271607_a473e239,teacher_15b,clean,0.0,24.402100871039863,0.720561683177948,0.08847157657146454,0.9514288902282715,0.947028636932373
20260505_130046_271607_a473e239,student_l1b_c,clean,0.0,22.44786022713862,0.636920154094696,0.1356765329837799,0.9244018793106079,0.9129698276519775
20260505_130046_271607_a473e239,teacher_15b,exposure,0.8,24.289682315759634,0.7185248136520386,0.0951925590634346,0.9563260078430176,0.9488809108734131
20260505_130046_271607_a473e239,student_l1b_c,exposure,0.8,22.27216106240061,0.6370711326599121,0.14642652869224548,0.931330680847168,0.9118354320526123
20260505_130046_271607_a473e239,teacher_15b,exposure,1.2,24.163777901407983,0.71712726354599,0.08620785921812057,0.9488546848297119,0.9427552223205566
20260505_130046_271607_a473e239,student_l1b_c,exposure,1.2,21.903504816777797,0.6237174868583679,0.14183813333511353,0.9173638820648193,0.9077146053314209
20260505_130046_271607_a473e239,teacher_15b,gamma,0.8,24.386331806701627,0.7206003069877625,0.08876913785934448,0.9500503540039062,0.9486198425292969
20260505_130046_271607_a473e239,student_l1b_c,gamma,0.8,22.441889696232757,0.6376538276672363,0.13525092601776123,0.9296765327453613,0.9075879454612732
20260505_130046_271607_a473e239,teacher_15b,gamma,1.2,24.413020891104694,0.7202621698379517,0.08870118111371994,0.9478428363800049,0.9458181858062744
20260505_130046_271607_a473e239,student_l1b_c,gamma,1.2,22.433099765102945,0.6357860565185547,0.13753415644168854,0.9211066961288452,0.9165173172950745
20260505_130046_271607_a473e239,teacher_15b,blur,1.0,22.594892659438123,0.6221050024032593,0.30985426902770996,0.9370424747467041,0.892982006072998
20260505_130046_271607_a473e239,student_l1b_c,blur,1.0,16.90825796731143,0.4710957705974579,0.4233884811401367,0.8844521045684814,0.7376068234443665
20260505_130046_271607_a473e239,teacher_15b,blur,2.0,14.283137022684372,0.28048914670944214,0.6841821074485779,0.8270436525344849,0.5391164422035217
20260505_130046_271607_a473e239,student_l1b_c,blur,2.0,12.70870510398776,0.24383807182312012,0.7624540328979492,0.8386096358299255,0.658348560333252
20260505_130046_271607_a473e239,teacher_15b,noise,0.01,24.302391743541815,0.7102941870689392,0.08681789040565491,0.9436581134796143,0.9363729953765869
20260505_130046_271607_a473e239,student_l1b_c,noise,0.01,22.284028133468876,0.623692512512207,0.13922211527824402,0.9256381988525391,0.9009226560592651
20260505_130046_271607_a473e239,teacher_15b,noise,0.03,23.34434440647881,0.6483102440834045,0.12225791811943054,0.8893954157829285,0.874159038066864
20260505_130046_271607_a473e239,student_l1b_c,noise,0.03,20.58210690414658,0.5343077778816223,0.21471714973449707,0.8762941360473633,0.7813746929168701
20260505_154554_0c4eecad,teacher_15b,clean,0.0,22.951482355942648,0.7308833003044128,0.17846456170082092,0.959271252155304,0.9170992374420166
20260505_154554_0c4eecad,student_l1b_c,clean,0.0,21.168738476648336,0.7020421028137207,0.22458018362522125,0.9331938028335571,0.7713402509689331
20260505_154554_0c4eecad,teacher_15b,exposure,0.8,22.729768197137172,0.7137848138809204,0.1928788274526596,0.9492087960243225,0.9037803411483765
20260505_154554_0c4eecad,student_l1b_c,exposure,0.8,21.346929045396998,0.6935396194458008,0.23612478375434875,0.916278600692749,0.7511605024337769
20260505_154554_0c4eecad,teacher_15b,exposure,1.2,22.18200840369692,0.7316204309463501,0.1778343915939331,0.9520468711853027,0.9178344011306763
20260505_154554_0c4eecad,student_l1b_c,exposure,1.2,19.870412471232505,0.6948754191398621,0.22771833837032318,0.9152722954750061,0.7974809408187866
20260505_154554_0c4eecad,teacher_15b,gamma,0.8,22.864048890321875,0.7312160730361938,0.1795438528060913,0.952590823173523,0.9173598289489746
20260505_154554_0c4eecad,student_l1b_c,gamma,0.8,21.103076856870313,0.7009568214416504,0.22400802373886108,0.9357198476791382,0.7754460573196411
20260505_154554_0c4eecad,teacher_15b,gamma,1.2,23.014721523909497,0.7289668321609497,0.1797170639038086,0.954065203666687,0.9162179827690125
20260505_154554_0c4eecad,student_l1b_c,gamma,1.2,21.280378930873333,0.70123291015625,0.22713518142700195,0.934150755405426,0.7657857537269592
20260505_154554_0c4eecad,teacher_15b,blur,1.0,20.504665096144574,0.5904291868209839,0.47511789202690125,0.9015699625015259,0.7549657225608826
20260505_154554_0c4eecad,student_l1b_c,blur,1.0,20.08350548273379,0.5683677792549133,0.490456759929657,0.8386917114257812,0.7194919586181641
20260505_154554_0c4eecad,teacher_15b,blur,2.0,15.217894869527486,0.45413458347320557,0.7756744027137756,0.7413356304168701,0.5220819115638733
20260505_154554_0c4eecad,student_l1b_c,blur,2.0,12.73759785831517,0.3934195935726166,0.8273184299468994,0.7105356454849243,0.44110018014907837
20260505_154554_0c4eecad,teacher_15b,noise,0.01,22.910399500491,0.7208623886108398,0.17916202545166016,0.9582012295722961,0.9164892435073853
20260505_154554_0c4eecad,student_l1b_c,noise,0.01,20.989281678128183,0.6897396445274353,0.22997751832008362,0.9357415437698364,0.7857735753059387
20260505_154554_0c4eecad,teacher_15b,noise,0.03,21.328529803415726,0.6456669569015503,0.2362121343612671,0.9385414123535156,0.8329054713249207
20260505_154554_0c4eecad,student_l1b_c,noise,0.03,18.700933089535777,0.5962340831756592,0.30207714438438416,0.7875808477401733,0.7720164060592651
20260505_143145_240291_f00ca076,teacher_15b,clean,0.0,23.395219027630706,0.8443228602409363,0.14088335633277893,0.858092725276947,0.9286638498306274
20260505_143145_240291_f00ca076,student_l1b_c,clean,0.0,22.161970698068565,0.8124353289604187,0.17812608182430267,0.7914581298828125,0.8945831060409546
20260505_143145_240291_f00ca076,teacher_15b,exposure,0.8,23.693055219079238,0.8429967164993286,0.14105994999408722,0.8505700826644897,0.9274879693984985
20260505_143145_240291_f00ca076,student_l1b_c,exposure,0.8,22.499278286584996,0.8114368319511414,0.181964710354805,0.7878589630126953,0.89544677734375
20260505_143145_240291_f00ca076,teacher_15b,exposure,1.2,22.829645051682242,0.8401812314987183,0.14321152865886688,0.8437009453773499,0.9269886612892151
20260505_143145_240291_f00ca076,student_l1b_c,exposure,1.2,21.103127696137832,0.8035589456558228,0.1828928142786026,0.7954195737838745,0.891852617263794
20260505_143145_240291_f00ca076,teacher_15b,gamma,0.8,23.37161228609442,0.8446210622787476,0.14023452997207642,0.8531386852264404,0.9293841123580933
20260505_143145_240291_f00ca076,student_l1b_c,gamma,0.8,22.007569185069798,0.8127151727676392,0.17752644419670105,0.7921346426010132,0.8993874788284302
20260505_143145_240291_f00ca076,teacher_15b,gamma,1.2,23.402294272223997,0.8436762690544128,0.14138317108154297,0.8634324073791504,0.9276589155197144
20260505_143145_240291_f00ca076,student_l1b_c,gamma,1.2,22.366637592361023,0.8118051886558533,0.1793462187051773,0.7856501340866089,0.885452389717102
20260505_143145_240291_f00ca076,teacher_15b,blur,1.0,21.902296219751438,0.7593239545822144,0.32674697041511536,0.8210012912750244,0.8077691793441772
20260505_143145_240291_f00ca076,student_l1b_c,blur,1.0,21.750934601748448,0.7369569540023804,0.3720285892486572,0.7876439094543457,0.839896559715271
20260505_143145_240291_f00ca076,teacher_15b,blur,2.0,19.41713739922733,0.6436434984207153,0.5749692320823669,0.7018982172012329,0.6247004270553589
20260505_143145_240291_f00ca076,student_l1b_c,blur,2.0,20.680626765698488,0.6497909426689148,0.5938194990158081,0.6996394991874695,0.6548616886138916
20260505_143145_240291_f00ca076,teacher_15b,noise,0.01,23.05580408208854,0.8144406080245972,0.17555856704711914,0.8088252544403076,0.9117984771728516
20260505_143145_240291_f00ca076,student_l1b_c,noise,0.01,21.302993775165277,0.7763015031814575,0.20986121892929077,0.7784661054611206,0.8728067874908447
20260505_143145_240291_f00ca076,teacher_15b,noise,0.03,19.550980998750724,0.6432821750640869,0.39545929431915283,0.7086942195892334,0.6750030517578125
20260505_143145_240291_f00ca076,student_l1b_c,noise,0.03,18.367343524425795,0.5997531414031982,0.4339560270309448,0.7306129336357117,0.6317847967147827
20260505_125757_749476_a473e239,teacher_15b,clean,0.0,24.297795405015886,0.7262663245201111,0.07668377459049225,0.9623141884803772,0.9279810190200806
20260505_125757_749476_a473e239,student_l1b_c,clean,0.0,22.081143411328497,0.6392645239830017,0.1310199499130249,0.945324718952179,0.8508061170578003
20260505_125757_749476_a473e239,teacher_15b,exposure,0.8,24.133224528150826,0.7242223620414734,0.08397475630044937,0.9546898603439331,0.9324216842651367
20260505_125757_749476_a473e239,student_l1b_c,exposure,0.8,21.889561221583854,0.638593852519989,0.1396162509918213,0.9317684173583984,0.846275806427002
20260505_125757_749476_a473e239,teacher_15b,exposure,1.2,24.072756970609813,0.7224928736686707,0.0755579024553299,0.9587721824645996,0.9256685972213745
20260505_125757_749476_a473e239,student_l1b_c,exposure,1.2,21.662604180456807,0.6281639337539673,0.1369120180606842,0.9493741989135742,0.8482656478881836
20260505_125757_749476_a473e239,teacher_15b,gamma,0.8,24.287871150172442,0.7265142798423767,0.0769059807062149,0.9590552449226379,0.9321010112762451
20260505_125757_749476_a473e239,student_l1b_c,gamma,0.8,22.10164083996338,0.6399063467979431,0.1310293972492218,0.9409260749816895,0.8622270822525024
20260505_125757_749476_a473e239,teacher_15b,gamma,1.2,24.299686097219713,0.725777268409729,0.07734304666519165,0.961098313331604,0.9246329069137573
20260505_125757_749476_a473e239,student_l1b_c,gamma,1.2,22.046227460882008,0.6381869316101074,0.13250572979450226,0.942902684211731,0.8424432277679443
20260505_125757_749476_a473e239,teacher_15b,blur,1.0,22.336541482591098,0.6213946342468262,0.31870126724243164,0.9096032977104187,0.8244656324386597
20260505_125757_749476_a473e239,student_l1b_c,blur,1.0,17.343831986684094,0.47641831636428833,0.44405046105384827,0.9049190878868103,0.7842662334442139
20260505_125757_749476_a473e239,teacher_15b,blur,2.0,14.058907076639109,0.2742703855037689,0.7010310888290405,0.7708572149276733,0.44295534491539
20260505_125757_749476_a473e239,student_l1b_c,blur,2.0,12.748940142183622,0.24409985542297363,0.7785531878471375,0.7536337971687317,0.6558105945587158
20260505_125757_749476_a473e239,teacher_15b,noise,0.01,24.20539558668039,0.7165572047233582,0.07688095420598984,0.9335074424743652,0.9307767152786255
20260505_125757_749476_a473e239,student_l1b_c,noise,0.01,21.984442573580655,0.6281607151031494,0.1329084038734436,0.946582019329071,0.8727710247039795
20260505_125757_749476_a473e239,teacher_15b,noise,0.03,23.109727900106456,0.6580238342285156,0.11121959984302521,0.8438388109207153,0.9021234512329102
20260505_125757_749476_a473e239,student_l1b_c,noise,0.03,20.489779319758874,0.5473304986953735,0.1962953507900238,0.8433952927589417,0.8614109754562378
20260504_164110_d079d923,teacher_15b,clean,0.0,27.212027805284773,0.8767068386077881,0.06208155304193497,0.9037855863571167,0.8970212936401367
20260504_164110_d079d923,student_l1b_c,clean,0.0,23.855013793354747,0.833093523979187,0.10289336740970612,0.8713544011116028,0.8218529224395752
20260504_164110_d079d923,teacher_15b,exposure,0.8,26.985191346065236,0.8747462630271912,0.06624356657266617,0.9065171480178833,0.9049088954925537
20260504_164110_d079d923,student_l1b_c,exposure,0.8,24.3555446484916,0.8300703763961792,0.10586892068386078,0.8620321750640869,0.8556252717971802
20260504_164110_d079d923,teacher_15b,exposure,1.2,25.541683883969178,0.8677021861076355,0.0678282156586647,0.9088260531425476,0.8765020370483398
20260504_164110_d079d923,student_l1b_c,exposure,1.2,21.13812156151953,0.8140403628349304,0.11459790915250778,0.8714520931243896,0.77690589427948
20260504_164110_d079d923,teacher_15b,gamma,0.8,27.03948852922607,0.8756625056266785,0.06327716261148453,0.8994969725608826,0.9010004997253418
20260504_164110_d079d923,student_l1b_c,gamma,0.8,23.679145180957054,0.8307129144668579,0.10418462753295898,0.8565806150436401,0.8353745937347412
20260504_164110_d079d923,teacher_15b,gamma,1.2,27.31511920539814,0.877062976360321,0.06175624579191208,0.9093267917633057,0.8920228481292725
20260504_164110_d079d923,student_l1b_c,gamma,1.2,24.047378257613094,0.8331726789474487,0.10288587212562561,0.8794625997543335,0.8097115755081177
20260504_164110_d079d923,teacher_15b,blur,1.0,24.622693744036745,0.7978661060333252,0.27789175510406494,0.8871640563011169,0.8305999636650085
20260504_164110_d079d923,student_l1b_c,blur,1.0,21.921686211496,0.7569512724876404,0.35397830605506897,0.8588268756866455,0.7844733595848083
20260504_164110_d079d923,teacher_15b,blur,2.0,19.54309411214642,0.6904338598251343,0.5318872928619385,0.8532959222793579,0.6672039031982422
20260504_164110_d079d923,student_l1b_c,blur,2.0,19.72377468596727,0.6801589727401733,0.5951265692710876,0.8351646065711975,0.6528799533843994
20260504_164110_d079d923,teacher_15b,noise,0.01,27.06438896595126,0.8574361801147461,0.07043854147195816,0.8999100923538208,0.8911501169204712
20260504_164110_d079d923,student_l1b_c,noise,0.01,23.81432016715886,0.8132455348968506,0.12318234145641327,0.874880313873291,0.8286854028701782
20260504_164110_d079d923,teacher_15b,noise,0.03,22.432419886056643,0.7188924551010132,0.24989327788352966,0.8673417568206787,0.7971307039260864
20260504_164110_d079d923,student_l1b_c,noise,0.03,17.357011639008824,0.6137199401855469,0.3466686010360718,0.8323056697845459,0.6614395976066589
20260505_144452_146509_f00ca076,teacher_15b,clean,0.0,25.25565287826152,0.8004699945449829,0.09714636206626892,0.9618789553642273,0.8315012454986572
20260505_144452_146509_f00ca076,student_l1b_c,clean,0.0,24.369366876059132,0.7695540189743042,0.12292801588773727,0.9451148509979248,0.7665071487426758
20260505_144452_146509_f00ca076,teacher_15b,exposure,0.8,24.649919268648866,0.793925940990448,0.10531997680664062,0.9582127332687378,0.8160573244094849
20260505_144452_146509_f00ca076,student_l1b_c,exposure,0.8,22.671783400936725,0.7537912726402283,0.1357811987400055,0.9407678246498108,0.7834910750389099
20260505_144452_146509_f00ca076,teacher_15b,exposure,1.2,24.548541306209785,0.7967066764831543,0.09905578941106796,0.9618090987205505,0.8388299942016602
20260505_144452_146509_f00ca076,student_l1b_c,exposure,1.2,23.594507963639956,0.7689411044120789,0.12251836061477661,0.9469262361526489,0.7361992597579956
20260505_144452_146509_f00ca076,teacher_15b,gamma,0.8,25.22634241873153,0.800005316734314,0.09783924371004105,0.9636285901069641,0.8325535655021667
20260505_144452_146509_f00ca076,student_l1b_c,gamma,0.8,24.24940642041504,0.766000509262085,0.12234290689229965,0.9410157799720764,0.7692992687225342
20260505_144452_146509_f00ca076,teacher_15b,gamma,1.2,25.236798889576164,0.8000392913818359,0.09703592211008072,0.9633116722106934,0.8309688568115234
20260505_144452_146509_f00ca076,student_l1b_c,gamma,1.2,24.344602483325485,0.7699410319328308,0.12630635499954224,0.9427229166030884,0.7545329332351685
20260505_144452_146509_f00ca076,teacher_15b,blur,1.0,20.545805264965548,0.6779999732971191,0.3240898549556732,0.8626125454902649,0.6975383758544922
20260505_144452_146509_f00ca076,student_l1b_c,blur,1.0,17.490122607219313,0.5931171774864197,0.4044063687324524,0.8434354066848755,0.4861966073513031
20260505_144452_146509_f00ca076,teacher_15b,blur,2.0,16.460800055924192,0.5034016966819763,0.6379312872886658,0.7630530595779419,0.3121405243873596
20260505_144452_146509_f00ca076,student_l1b_c,blur,2.0,15.139479846416135,0.4395890235900879,0.7000888586044312,0.704809844493866,0.3927410840988159
20260505_144452_146509_f00ca076,teacher_15b,noise,0.01,24.462511837698365,0.7766236662864685,0.11669354140758514,0.9551742076873779,0.8024495244026184
20260505_144452_146509_f00ca076,student_l1b_c,noise,0.01,23.764522915443894,0.731157660484314,0.14703504741191864,0.9183510541915894,0.7073037624359131
20260505_144452_146509_f00ca076,teacher_15b,noise,0.03,17.814191538859788,0.5800809264183044,0.3528747260570526,0.8884875774383545,0.5427353382110596
20260505_144452_146509_f00ca076,student_l1b_c,noise,0.03,12.998874307440849,0.4437791109085083,0.46484553813934326,0.8234381675720215,0.6040323972702026
20260505_150924_0e5f0f67,teacher_15b,clean,0.0,19.768539896425644,0.6894652247428894,0.17455996572971344,0.914504885673523,0.9152277112007141
20260505_150924_0e5f0f67,student_l1b_c,clean,0.0,18.59392841581538,0.6253544688224792,0.23865145444869995,0.8721802830696106,0.8536646366119385
20260505_150924_0e5f0f67,teacher_15b,exposure,0.8,19.143505670410864,0.6883481740951538,0.1831054985523224,0.9091325402259827,0.8995870351791382
20260505_150924_0e5f0f67,student_l1b_c,exposure,0.8,18.392335501923192,0.6241402626037598,0.2481018751859665,0.868200421333313,0.8583835959434509
20260505_150924_0e5f0f67,teacher_15b,exposure,1.2,19.65308504454887,0.6793925166130066,0.1807834357023239,0.9087812304496765,0.9036425352096558
20260505_150924_0e5f0f67,student_l1b_c,exposure,1.2,18.123805394539787,0.6120002269744873,0.24386335909366608,0.8638095259666443,0.8531586527824402
20260505_150924_0e5f0f67,teacher_15b,gamma,0.8,19.804640031872772,0.6902706027030945,0.1747882217168808,0.9143192768096924,0.912523627281189
20260505_150924_0e5f0f67,student_l1b_c,gamma,0.8,18.561325032661617,0.6267647743225098,0.23850567638874054,0.8716840744018555,0.8533191084861755
20260505_150924_0e5f0f67,teacher_15b,gamma,1.2,19.737683683967497,0.6888725161552429,0.17481721937656403,0.9066824913024902,0.9172663688659668
20260505_150924_0e5f0f67,student_l1b_c,gamma,1.2,18.638974980812165,0.6243060827255249,0.24064671993255615,0.8610724806785583,0.8540060520172119
20260505_150924_0e5f0f67,teacher_15b,blur,1.0,19.07286078464105,0.6198925971984863,0.3712456226348877,0.8678373098373413,0.8116275072097778
20260505_150924_0e5f0f67,student_l1b_c,blur,1.0,15.583140719038983,0.5207614302635193,0.4686712622642517,0.83078533411026,0.7147650718688965
20260505_150924_0e5f0f67,teacher_15b,blur,2.0,12.619611959152516,0.42164862155914307,0.6260525584220886,0.7193864583969116,0.3531498312950134
20260505_150924_0e5f0f67,student_l1b_c,blur,2.0,14.247288230549817,0.4248053729534149,0.6409164667129517,0.6991545557975769,0.37436676025390625
20260505_150924_0e5f0f67,teacher_15b,noise,0.01,19.16538526648085,0.6518151760101318,0.20876717567443848,0.8942915797233582,0.9120394587516785
20260505_150924_0e5f0f67,student_l1b_c,noise,0.01,18.02654262610362,0.6061006188392639,0.25301241874694824,0.8751344680786133,0.8452236652374268
20260505_150924_0e5f0f67,teacher_15b,noise,0.03,16.00740061003155,0.5425149202346802,0.33632802963256836,0.767471432685852,0.7219927310943604
20260505_150924_0e5f0f67,student_l1b_c,noise,0.03,16.232678672132206,0.5122205018997192,0.3818320035934448,0.7554084062576294,0.6906704902648926
20260505_123955_794286_a473e239,teacher_15b,clean,0.0,28.790047859166314,0.8790692687034607,0.07512588053941727,0.9785143136978149,0.8595209717750549
20260505_123955_794286_a473e239,student_l1b_c,clean,0.0,26.807684384637298,0.8573035597801208,0.10980252921581268,0.9683032035827637,0.896882176399231
20260505_123955_794286_a473e239,teacher_15b,exposure,0.8,28.217583215058855,0.8717367053031921,0.07953471690416336,0.970628023147583,0.8875323534011841
20260505_123955_794286_a473e239,student_l1b_c,exposure,0.8,27.519365153921097,0.8475955724716187,0.1141979843378067,0.9716069102287292,0.9026211500167847
20260505_123955_794286_a473e239,teacher_15b,exposure,1.2,28.716880171569304,0.8800901174545288,0.07630965113639832,0.9773117303848267,0.8658885359764099
20260505_123955_794286_a473e239,student_l1b_c,exposure,1.2,24.690499141426425,0.8574198484420776,0.1127801239490509,0.9592620134353638,0.8826010823249817
20260505_123955_794286_a473e239,teacher_15b,gamma,0.8,28.685642077475798,0.8778195381164551,0.07626087963581085,0.9744518995285034,0.8622689843177795
20260505_123955_794286_a473e239,student_l1b_c,gamma,0.8,26.80030034390342,0.8539490699768066,0.11368981003761292,0.9668632745742798,0.8980453014373779
20260505_123955_794286_a473e239,teacher_15b,gamma,1.2,28.872328291444397,0.8795952796936035,0.07452179491519928,0.9779571294784546,0.8571507930755615
20260505_123955_794286_a473e239,student_l1b_c,gamma,1.2,26.82496474099977,0.8589836359024048,0.10761323571205139,0.9697456359863281,0.8987395763397217
20260505_123955_794286_a473e239,teacher_15b,blur,1.0,26.009102055086256,0.7623493075370789,0.3114902973175049,0.9292371869087219,0.9078476428985596
20260505_123955_794286_a473e239,student_l1b_c,blur,1.0,24.918035944745554,0.7404267191886902,0.36240893602371216,0.9254658222198486,0.8611754775047302
20260505_123955_794286_a473e239,teacher_15b,blur,2.0,21.32651604739192,0.6314805746078491,0.5972456336021423,0.8152976036071777,0.8348017930984497
20260505_123955_794286_a473e239,student_l1b_c,blur,2.0,20.663253607247206,0.6008758544921875,0.661475658416748,0.7603079676628113,0.5880426168441772
20260505_123955_794286_a473e239,teacher_15b,noise,0.01,28.367110239640322,0.847109317779541,0.09428595751523972,0.9622987508773804,0.9015222787857056
20260505_123955_794286_a473e239,student_l1b_c,noise,0.01,26.568936650847764,0.8276028633117676,0.1257406622171402,0.9430704116821289,0.9106913805007935
20260505_123955_794286_a473e239,teacher_15b,noise,0.03,25.983076654432644,0.6924029588699341,0.2455405294895172,0.9073225259780884,0.894827127456665
20260505_123955_794286_a473e239,student_l1b_c,noise,0.03,25.653248262029464,0.6793002486228943,0.2758773863315582,0.8644217848777771,0.8803788423538208
20260505_144018_732580_f00ca076,teacher_15b,clean,0.0,28.72254726019934,0.8920285701751709,0.05470094084739685,0.976919949054718,0.9751296043395996
20260505_144018_732580_f00ca076,student_l1b_c,clean,0.0,28.97035123450999,0.8713972568511963,0.07768714427947998,0.9573779106140137,0.9334310293197632
20260505_144018_732580_f00ca076,teacher_15b,exposure,0.8,29.35444048397536,0.8844208121299744,0.05981621891260147,0.9717042446136475,0.9706392884254456
20260505_144018_732580_f00ca076,student_l1b_c,exposure,0.8,26.407148329615147,0.860003650188446,0.08231695741415024,0.9474481344223022,0.921492338180542
20260505_144018_732580_f00ca076,teacher_15b,exposure,1.2,25.703007636941262,0.8923472166061401,0.05671124532818794,0.9746662378311157,0.9737890362739563
20260505_144018_732580_f00ca076,student_l1b_c,exposure,1.2,24.52607603838493,0.8738493919372559,0.08384904265403748,0.9637143611907959,0.9356200695037842
20260505_144018_732580_f00ca076,teacher_15b,gamma,0.8,28.375845092486543,0.8908126354217529,0.054118528962135315,0.9758720397949219,0.975294291973114
20260505_144018_732580_f00ca076,student_l1b_c,gamma,0.8,28.374713717801615,0.864128828048706,0.07865016162395477,0.9500929713249207,0.9263747930526733
20260505_144018_732580_f00ca076,teacher_15b,gamma,1.2,29.067780218568387,0.8916099071502686,0.05639142543077469,0.9771265983581543,0.9742798209190369
20260505_144018_732580_f00ca076,student_l1b_c,gamma,1.2,29.360056587965172,0.8728208541870117,0.07974058389663696,0.9652780294418335,0.9383678436279297
20260505_144018_732580_f00ca076,teacher_15b,blur,1.0,26.795948369680627,0.8283838033676147,0.2063344419002533,0.9421446323394775,0.948944628238678
20260505_144018_732580_f00ca076,student_l1b_c,blur,1.0,25.21211760610136,0.8091167211532593,0.2520250082015991,0.9132182598114014,0.8323825001716614
20260505_144018_732580_f00ca076,teacher_15b,blur,2.0,21.55240791995732,0.7160640954971313,0.43952059745788574,0.7932205200195312,0.5386404991149902
20260505_144018_732580_f00ca076,student_l1b_c,blur,2.0,23.055851086113094,0.6953372955322266,0.48154690861701965,0.8028490543365479,0.6277239322662354
20260505_144018_732580_f00ca076,teacher_15b,noise,0.01,30.5925229246529,0.8716142177581787,0.0802832692861557,0.9691373705863953,0.9599781036376953
20260505_144018_732580_f00ca076,student_l1b_c,noise,0.01,28.770472921653262,0.8340794444084167,0.10346746444702148,0.9527547359466553,0.8982207775115967
20260505_144018_732580_f00ca076,teacher_15b,noise,0.03,18.472976405218496,0.5486742854118347,0.4991070628166199,0.7882225513458252,0.7010054588317871
20260505_144018_732580_f00ca076,student_l1b_c,noise,0.03,13.795418677953144,0.48254919052124023,0.5231413245201111,0.7651501893997192,0.6685912609100342
20260505_124006_796554_a473e239,teacher_15b,clean,0.0,27.927895060032476,0.8602578043937683,0.06662047654390335,0.9475191235542297,0.9620869159698486
20260505_124006_796554_a473e239,student_l1b_c,clean,0.0,25.041649960601447,0.8154646754264832,0.1419544219970703,0.9314972162246704,0.9084286093711853
20260505_124006_796554_a473e239,teacher_15b,exposure,0.8,27.502389390957088,0.8567843437194824,0.0697532519698143,0.9406509399414062,0.9585012197494507
20260505_124006_796554_a473e239,student_l1b_c,exposure,0.8,24.313005186253594,0.8065337538719177,0.15175014734268188,0.933289647102356,0.9049017429351807
20260505_124006_796554_a473e239,teacher_15b,exposure,1.2,27.391474344552847,0.8561067581176758,0.06989003717899323,0.9474996328353882,0.9578343033790588
20260505_124006_796554_a473e239,student_l1b_c,exposure,1.2,23.561132450817837,0.8106493949890137,0.14626967906951904,0.9197161197662354,0.9056270122528076
20260505_124006_796554_a473e239,teacher_15b,gamma,0.8,27.841982226898516,0.8601151704788208,0.06641556322574615,0.9534351825714111,0.9624441862106323
20260505_124006_796554_a473e239,student_l1b_c,gamma,0.8,24.920741274347908,0.8108410835266113,0.1458660513162613,0.9363546371459961,0.9032021164894104
20260505_124006_796554_a473e239,teacher_15b,gamma,1.2,27.971459612947594,0.8602096438407898,0.06703666597604752,0.9444296360015869,0.9612554311752319
20260505_124006_796554_a473e239,student_l1b_c,gamma,1.2,25.12500210586436,0.8185734152793884,0.1394493728876114,0.9229282140731812,0.9107415080070496
20260505_124006_796554_a473e239,teacher_15b,blur,1.0,24.377546390705916,0.7306978702545166,0.31554386019706726,0.9371132850646973,0.8961840867996216
20260505_124006_796554_a473e239,student_l1b_c,blur,1.0,23.52412402456661,0.7172974944114685,0.3882758617401123,0.9029750823974609,0.8994225263595581
20260505_124006_796554_a473e239,teacher_15b,blur,2.0,20.80226882910306,0.6078572273254395,0.5669633150100708,0.7912295460700989,0.6832057237625122
20260505_124006_796554_a473e239,student_l1b_c,blur,2.0,20.288463503885183,0.6037376523017883,0.6283585429191589,0.8442977070808411,0.8060624003410339
20260505_124006_796554_a473e239,teacher_15b,noise,0.01,26.921960682230583,0.8237899541854858,0.09212493151426315,0.9552457928657532,0.9207206964492798
20260505_124006_796554_a473e239,student_l1b_c,noise,0.01,25.092478047106553,0.7935716509819031,0.14090482890605927,0.9221184253692627,0.8838800191879272
20260505_124006_796554_a473e239,teacher_15b,noise,0.03,23.825548887154735,0.6518620848655701,0.30258864164352417,0.9105134606361389,0.8588104844093323
20260505_124006_796554_a473e239,student_l1b_c,noise,0.03,24.347416333808628,0.6626774668693542,0.295518696308136,0.8973010778427124,0.8535813689231873
20260505_135206_620050_cf8c21ee,teacher_15b,clean,0.0,24.14434990336712,0.7970620393753052,0.11988452076911926,0.9045479893684387,0.9716982245445251
20260505_135206_620050_cf8c21ee,student_l1b_c,clean,0.0,21.388437986537696,0.7288075685501099,0.19975551962852478,0.900402843952179,0.9680672883987427
20260505_135206_620050_cf8c21ee,teacher_15b,exposure,0.8,23.0259057491984,0.8037826418876648,0.11542141437530518,0.9082648754119873,0.9728963375091553
20260505_135206_620050_cf8c21ee,student_l1b_c,exposure,0.8,22.17512989646083,0.7553224563598633,0.1814613789319992,0.8839118480682373,0.9646844863891602
20260505_135206_620050_cf8c21ee,teacher_15b,exposure,1.2,23.859103911348324,0.781432032585144,0.12858138978481293,0.9069413542747498,0.9710757732391357
20260505_135206_620050_cf8c21ee,student_l1b_c,exposure,1.2,19.713848064147022,0.6952376365661621,0.22207677364349365,0.9083428382873535,0.9677603244781494
20260505_135206_620050_cf8c21ee,teacher_15b,gamma,0.8,24.002032629920503,0.7967647314071655,0.11911116540431976,0.9068679809570312,0.9716536998748779
20260505_135206_620050_cf8c21ee,student_l1b_c,gamma,0.8,21.23171987289526,0.7304604053497314,0.196420818567276,0.8967173099517822,0.968897819519043
20260505_135206_620050_cf8c21ee,teacher_15b,gamma,1.2,24.2772812461319,0.7984514236450195,0.11973194777965546,0.9138756990432739,0.9719821810722351
20260505_135206_620050_cf8c21ee,student_l1b_c,gamma,1.2,21.655592603779105,0.7303816676139832,0.20073994994163513,0.8977275490760803,0.9662326574325562
20260505_135206_620050_cf8c21ee,teacher_15b,blur,1.0,24.02875389174944,0.75466388463974,0.2737121880054474,0.8612334728240967,0.9576071500778198
20260505_135206_620050_cf8c21ee,student_l1b_c,blur,1.0,22.891508376015356,0.7390216588973999,0.32528647780418396,0.8607556819915771,0.9582168459892273
20260505_135206_620050_cf8c21ee,teacher_15b,blur,2.0,18.927971511752556,0.641140878200531,0.5202499628067017,0.8056017160415649,0.9097614288330078
20260505_135206_620050_cf8c21ee,student_l1b_c,blur,2.0,18.991626728253646,0.6231927871704102,0.5493971109390259,0.8205317258834839,0.9077252149581909
20260505_135206_620050_cf8c21ee,teacher_15b,noise,0.01,23.758011671839384,0.7878054976463318,0.11370013654232025,0.901435375213623,0.972429633140564
20260505_135206_620050_cf8c21ee,student_l1b_c,noise,0.01,20.709703235310894,0.709904134273529,0.20901714265346527,0.8881905674934387,0.9680298566818237
20260505_135206_620050_cf8c21ee,teacher_15b,noise,0.03,20.30079394569338,0.6823953986167908,0.20346586406230927,0.8601175546646118,0.8802462220191956
20260505_135206_620050_cf8c21ee,student_l1b_c,noise,0.03,18.359497317522,0.6184516549110413,0.2972331941127777,0.8554370403289795,0.9266754984855652
20260505_152639_0c4eecad,teacher_15b,clean,0.0,21.71440955816507,0.8489328622817993,0.07781755924224854,0.9141039252281189,0.9599461555480957
20260505_152639_0c4eecad,student_l1b_c,clean,0.0,21.734272154991228,0.8112540245056152,0.14673487842082977,0.9159396290779114,0.9185874462127686
20260505_152639_0c4eecad,teacher_15b,exposure,0.8,22.39236584418524,0.8510408401489258,0.07921846210956573,0.9076894521713257,0.9627750515937805
20260505_152639_0c4eecad,student_l1b_c,exposure,0.8,21.924488760359484,0.809661328792572,0.14731143414974213,0.9042255878448486,0.9184737801551819
20260505_152639_0c4eecad,teacher_15b,exposure,1.2,21.014891192370385,0.8430924415588379,0.08071863651275635,0.9206900596618652,0.9586382508277893
20260505_152639_0c4eecad,student_l1b_c,exposure,1.2,20.592915605553237,0.8017942309379578,0.1524583399295807,0.9139451384544373,0.910871684551239
20260505_152639_0c4eecad,teacher_15b,gamma,0.8,21.72056668737103,0.8478037714958191,0.07741239666938782,0.9130424857139587,0.9607688188552856
20260505_152639_0c4eecad,student_l1b_c,gamma,0.8,21.60389013772035,0.8095099925994873,0.14587341248989105,0.915739119052887,0.9183253645896912
20260505_152639_0c4eecad,teacher_15b,gamma,1.2,21.74337118379489,0.849694013595581,0.07864587754011154,0.9133021831512451,0.9590129852294922
20260505_152639_0c4eecad,student_l1b_c,gamma,1.2,21.804574456826487,0.8115899562835693,0.14876431226730347,0.9093021154403687,0.9161366820335388
20260505_152639_0c4eecad,teacher_15b,blur,1.0,18.755211339910854,0.7606533765792847,0.25460758805274963,0.9075702428817749,0.886985182762146
20260505_152639_0c4eecad,student_l1b_c,blur,1.0,21.72861976855866,0.7673133611679077,0.27545762062072754,0.9059733152389526,0.8799614906311035
20260505_152639_0c4eecad,teacher_15b,blur,2.0,19.19318307374415,0.6746107339859009,0.4500061869621277,0.8031830191612244,0.7487600445747375
20260505_152639_0c4eecad,student_l1b_c,blur,2.0,19.89346209789437,0.6757247447967529,0.4941171705722809,0.8125642538070679,0.7481539845466614
20260505_152639_0c4eecad,teacher_15b,noise,0.01,22.582953036726437,0.819302499294281,0.11292364448308945,0.8932534456253052,0.9437292814254761
20260505_152639_0c4eecad,student_l1b_c,noise,0.01,21.873798795171115,0.7852267026901245,0.17093554139137268,0.8982442617416382,0.89155113697052
20260505_152639_0c4eecad,teacher_15b,noise,0.03,21.49650658815117,0.6627353429794312,0.3065010607242584,0.8566100597381592,0.833869457244873
20260505_152639_0c4eecad,student_l1b_c,noise,0.03,20.669203344374772,0.6575980186462402,0.32765790820121765,0.813197135925293,0.8077194690704346
20260505_150205_17c16bd0,teacher_15b,clean,0.0,37.39660788770879,0.9704858660697937,0.016607100144028664,0.961925745010376,0.9862688779830933
20260505_150205_17c16bd0,student_l1b_c,clean,0.0,32.54234999696831,0.9572197794914246,0.031117523089051247,0.9835338592529297,0.873918890953064
20260505_150205_17c16bd0,teacher_15b,exposure,0.8,38.18398564441132,0.9717268943786621,0.018828028813004494,0.9684299230575562,0.9809536337852478
20260505_150205_17c16bd0,student_l1b_c,exposure,0.8,30.888281043660758,0.9621363878250122,0.029866298660635948,0.9844962358474731,0.8937562704086304
20260505_150205_17c16bd0,teacher_15b,exposure,1.2,34.15166789665031,0.9663306474685669,0.019636210054159164,0.9675524830818176,0.9892884492874146
20260505_150205_17c16bd0,student_l1b_c,exposure,1.2,30.666998944730864,0.9437786936759949,0.04037507623434067,0.9805984497070312,0.8702337741851807
20260505_150205_17c16bd0,teacher_15b,gamma,0.8,37.575288811373085,0.9706439971923828,0.01722177490592003,0.9670526385307312,0.9867497086524963
20260505_150205_17c16bd0,student_l1b_c,gamma,0.8,33.088257294619325,0.9584476351737976,0.032532643526792526,0.9700899720191956,0.8872013092041016
20260505_150205_17c16bd0,teacher_15b,gamma,1.2,37.63684310797042,0.9705507159233093,0.016642387956380844,0.9731634855270386,0.9844388961791992
20260505_150205_17c16bd0,student_l1b_c,gamma,1.2,32.29234367139729,0.9571408033370972,0.03077622875571251,0.9816351532936096,0.8634644746780396
20260505_150205_17c16bd0,teacher_15b,blur,1.0,34.59905540756498,0.9624921083450317,0.13620194792747498,0.9744015336036682,0.9651443362236023
20260505_150205_17c16bd0,student_l1b_c,blur,1.0,27.705111393767968,0.9489502310752869,0.15671244263648987,0.9318417310714722,0.9129619002342224
20260505_150205_17c16bd0,teacher_15b,blur,2.0,17.447620295895913,0.8201617002487183,0.46405452489852905,0.8660260438919067,0.5378084778785706
20260505_150205_17c16bd0,student_l1b_c,blur,2.0,22.53666239157857,0.9004611968994141,0.37244728207588196,0.927140474319458,0.6901776194572449
20260505_150205_17c16bd0,teacher_15b,noise,0.01,34.33899864501971,0.9458550214767456,0.06632788479328156,0.9530701637268066,0.9789911508560181
20260505_150205_17c16bd0,student_l1b_c,noise,0.01,22.383191283567644,0.8026388883590698,0.28859296441078186,0.8798912763595581,0.5368090867996216
20260505_150205_17c16bd0,teacher_15b,noise,0.03,24.477681729807315,0.750312089920044,0.40346795320510864,0.8667983412742615,0.6278222799301147
20260505_150205_17c16bd0,student_l1b_c,noise,0.03,18.166931541140116,0.5948734283447266,0.5774157643318176,0.8896296620368958,0.35250455141067505
20260505_160031_0c4eecad,teacher_15b,clean,0.0,32.11517591100015,0.8904337882995605,0.03996860980987549,0.9909363985061646,0.960318922996521
20260505_160031_0c4eecad,student_l1b_c,clean,0.0,30.663634416405692,0.8668502569198608,0.061683498322963715,0.9873448610305786,0.9537813663482666
20260505_160031_0c4eecad,teacher_15b,exposure,0.8,29.77374486907503,0.8868246078491211,0.044927697628736496,0.9908585548400879,0.9590793251991272
20260505_160031_0c4eecad,student_l1b_c,exposure,0.8,27.798328728277873,0.8573042750358582,0.06937111914157867,0.9850785136222839,0.9498037099838257
20260505_160031_0c4eecad,teacher_15b,exposure,1.2,32.27579004806936,0.8906831741333008,0.03898673132061958,0.988747239112854,0.961877703666687
20260505_160031_0c4eecad,student_l1b_c,exposure,1.2,29.993277175993654,0.8687320947647095,0.06385380774736404,0.9835913181304932,0.9514704942703247
20260505_160031_0c4eecad,teacher_15b,gamma,0.8,32.10605656417846,0.8901678323745728,0.040443405508995056,0.990553617477417,0.9596723914146423
20260505_160031_0c4eecad,student_l1b_c,gamma,0.8,30.50700143851636,0.8655151724815369,0.062181275337934494,0.9881172776222229,0.9551204442977905
20260505_160031_0c4eecad,teacher_15b,gamma,1.2,32.04656608220252,0.8903073072433472,0.04005195200443268,0.9903045892715454,0.9607779383659363
20260505_160031_0c4eecad,student_l1b_c,gamma,1.2,30.550817915750187,0.8663449287414551,0.06316222995519638,0.9865448474884033,0.9520928859710693
20260505_160031_0c4eecad,teacher_15b,blur,1.0,27.369989525858106,0.7945114970207214,0.26258957386016846,0.967463493347168,0.9314073324203491
20260505_160031_0c4eecad,student_l1b_c,blur,1.0,26.945822556733773,0.7701578140258789,0.2907380163669586,0.9530735015869141,0.8214844465255737
20260505_160031_0c4eecad,teacher_15b,blur,2.0,20.015944346597202,0.5527648329734802,0.6483460664749146,0.8210508823394775,0.4844326078891754
20260505_160031_0c4eecad,student_l1b_c,blur,2.0,13.78863627366044,0.44037362933158875,0.7848137617111206,0.8464303016662598,0.45327702164649963
20260505_160031_0c4eecad,teacher_15b,noise,0.01,30.415880438787095,0.8759976625442505,0.056455034762620926,0.976211428642273,0.9430029392242432
20260505_160031_0c4eecad,student_l1b_c,noise,0.01,29.95952626641578,0.8474006652832031,0.10346999764442444,0.9529139399528503,0.8903616666793823
20260505_160031_0c4eecad,teacher_15b,noise,0.03,14.28584762099794,0.5850154161453247,0.35372307896614075,0.9402916431427002,0.6592490673065186
20260505_160031_0c4eecad,student_l1b_c,noise,0.03,12.766110549814325,0.47591662406921387,0.4566062092781067,0.871932327747345,0.6416473388671875
20260505_121541_186894_6cb98e30,teacher_15b,clean,0.0,25.416350232963858,0.4746963381767273,0.1735708862543106,0.8945188522338867,0.8829628825187683
20260505_121541_186894_6cb98e30,student_l1b_c,clean,0.0,24.1722873500858,0.44303011894226074,0.23479719460010529,0.817176103591919,0.88396817445755
20260505_121541_186894_6cb98e30,teacher_15b,exposure,0.8,24.781680349338234,0.47493594884872437,0.18034321069717407,0.8903975486755371,0.882506251335144
20260505_121541_186894_6cb98e30,student_l1b_c,exposure,0.8,23.82262487035165,0.4419272541999817,0.23997080326080322,0.8280755281448364,0.8304333686828613
20260505_121541_186894_6cb98e30,teacher_15b,exposure,1.2,25.561741916530643,0.47338783740997314,0.1699715554714203,0.8910008668899536,0.8861422538757324
20260505_121541_186894_6cb98e30,student_l1b_c,exposure,1.2,23.794346552481368,0.44240325689315796,0.2379525750875473,0.810624361038208,0.8779276609420776
20260505_121541_186894_6cb98e30,teacher_15b,gamma,0.8,25.40576469445441,0.47442078590393066,0.1736716330051422,0.8874046206474304,0.8818843364715576
20260505_121541_186894_6cb98e30,student_l1b_c,gamma,0.8,24.18393467686732,0.4413517117500305,0.2344629168510437,0.8250454664230347,0.8793839812278748
20260505_121541_186894_6cb98e30,teacher_15b,gamma,1.2,25.384975723179135,0.4751908481121063,0.17421481013298035,0.8897295594215393,0.8830884695053101
20260505_121541_186894_6cb98e30,student_l1b_c,gamma,1.2,24.16516231318559,0.4439382553100586,0.2352481633424759,0.8120665550231934,0.8801828622817993
20260505_121541_186894_6cb98e30,teacher_15b,blur,1.0,25.384809761685837,0.4719782769680023,0.2875373065471649,0.8616084456443787,0.7910727858543396
20260505_121541_186894_6cb98e30,student_l1b_c,blur,1.0,16.74603724622321,0.41762423515319824,0.7554652690887451,0.7469992637634277,0.48492592573165894
20260505_121541_186894_6cb98e30,teacher_15b,blur,2.0,11.45439406843359,0.35592955350875854,0.9038635492324829,0.7368175983428955,0.37608030438423157
20260505_121541_186894_6cb98e30,student_l1b_c,blur,2.0,13.771108414798206,0.3660113215446472,0.8914108872413635,0.7563714981079102,0.30673784017562866
20260505_121541_186894_6cb98e30,teacher_15b,noise,0.01,25.264345126012287,0.4621213674545288,0.17596310377120972,0.855596661567688,0.8653876185417175
20260505_121541_186894_6cb98e30,student_l1b_c,noise,0.01,20.534610723170474,0.421435683965683,0.3287681043148041,0.7893842458724976,0.6478127241134644
20260505_121541_186894_6cb98e30,teacher_15b,noise,0.03,16.284561048838476,0.33888742327690125,0.5092670917510986,0.6673451662063599,0.41851627826690674
20260505_121541_186894_6cb98e30,student_l1b_c,noise,0.03,12.899497484625098,0.28104168176651,0.606628954410553,0.6644895672798157,0.33122915029525757
20260505_145711_17c16bd0,teacher_15b,clean,0.0,27.3928277545483,0.8961159586906433,0.04494905471801758,0.983527421951294,0.8507130146026611
20260505_145711_17c16bd0,student_l1b_c,clean,0.0,26.068624989794777,0.8755851984024048,0.0710429847240448,0.9814711809158325,0.7789033055305481
20260505_145711_17c16bd0,teacher_15b,exposure,0.8,27.08738846937656,0.8990892171859741,0.046171460300683975,0.9862833023071289,0.8382236957550049
20260505_145711_17c16bd0,student_l1b_c,exposure,0.8,25.639587369945342,0.8823067545890808,0.06274228543043137,0.9819044470787048,0.8005659580230713
20260505_145711_17c16bd0,teacher_15b,exposure,1.2,27.08485600055736,0.8925186991691589,0.04775506258010864,0.9835383892059326,0.8218115568161011
20260505_145711_17c16bd0,student_l1b_c,exposure,1.2,24.37024028359144,0.8607112169265747,0.09020093828439713,0.9804621338844299,0.6897401809692383
20260505_145711_17c16bd0,teacher_15b,gamma,0.8,27.4957583866848,0.8970692157745361,0.044017791748046875,0.9842132329940796,0.8575166463851929
20260505_145711_17c16bd0,student_l1b_c,gamma,0.8,26.39359379454487,0.8774592280387878,0.07116983830928802,0.9808197021484375,0.7874233722686768
20260505_145711_17c16bd0,teacher_15b,gamma,1.2,27.289936197016573,0.8954057693481445,0.04610039293766022,0.9835903644561768,0.8426649570465088
20260505_145711_17c16bd0,student_l1b_c,gamma,1.2,25.786022500182767,0.8748466372489929,0.0708598792552948,0.9839348793029785,0.7773791551589966
20260505_145711_17c16bd0,teacher_15b,blur,1.0,23.21437063942959,0.8829758167266846,0.1943267583847046,0.9771942496299744,0.6524498462677002
20260505_145711_17c16bd0,student_l1b_c,blur,1.0,18.426625906323533,0.8623266220092773,0.27435845136642456,0.9470990896224976,0.5527671575546265
20260505_145711_17c16bd0,teacher_15b,blur,2.0,16.931072782887572,0.8088445067405701,0.4858444333076477,0.892630934715271,0.23275935649871826
20260505_145711_17c16bd0,student_l1b_c,blur,2.0,18.450084368895872,0.8289406299591064,0.469995379447937,0.9261801838874817,0.26060742139816284
20260505_145711_17c16bd0,teacher_15b,noise,0.01,23.134926857587917,0.8183225393295288,0.1750715672969818,0.9490994215011597,0.5534980297088623
20260505_145711_17c16bd0,student_l1b_c,noise,0.01,16.87670348713374,0.6726013422012329,0.41286805272102356,0.8891378045082092,0.35880181193351746
20260505_145711_17c16bd0,teacher_15b,noise,0.03,19.333975359104496,0.6067149043083191,0.5707331299781799,0.856952965259552,0.28054675459861755
20260505_145711_17c16bd0,student_l1b_c,noise,0.03,15.629869329876495,0.49924468994140625,0.6678040027618408,0.8273628950119019,0.2844535708427429
20260505_130009_131970_a473e239,teacher_15b,clean,0.0,24.25140937729836,0.7164244651794434,0.08333215862512589,0.9421886801719666,0.9527329206466675
20260505_130009_131970_a473e239,student_l1b_c,clean,0.0,22.43165337926177,0.6367164850234985,0.1376929134130478,0.9368687272071838,0.920838475227356
20260505_130009_131970_a473e239,teacher_15b,exposure,0.8,24.188706725657244,0.7146774530410767,0.0899127870798111,0.939681887626648,0.9571419358253479
20260505_130009_131970_a473e239,student_l1b_c,exposure,0.8,22.23490176215733,0.6364017128944397,0.14748413860797882,0.9451383352279663,0.9231070876121521
20260505_130009_131970_a473e239,teacher_15b,exposure,1.2,23.987181738861395,0.7129181623458862,0.08328079432249069,0.9373648166656494,0.9459468126296997
20260505_130009_131970_a473e239,student_l1b_c,exposure,1.2,21.90250870284745,0.6237303614616394,0.14400319755077362,0.9288833141326904,0.9038126468658447
20260505_130009_131970_a473e239,teacher_15b,gamma,0.8,24.234642563486712,0.7163673639297485,0.08325687795877457,0.9492264986038208,0.9534012079238892
20260505_130009_131970_a473e239,student_l1b_c,gamma,0.8,22.426813526852353,0.6375865936279297,0.13786792755126953,0.93864905834198,0.9181619882583618
20260505_130009_131970_a473e239,teacher_15b,gamma,1.2,24.266604749084348,0.7162114977836609,0.08377451449632645,0.9327874183654785,0.9523535966873169
20260505_130009_131970_a473e239,student_l1b_c,gamma,1.2,22.41193258806577,0.6353959441184998,0.13930605351924896,0.9326225519180298,0.9227149486541748
20260505_130009_131970_a473e239,teacher_15b,blur,1.0,22.481974028385572,0.616832971572876,0.3076949119567871,0.9385189414024353,0.858985424041748
20260505_130009_131970_a473e239,student_l1b_c,blur,1.0,16.760312739820556,0.4624115824699402,0.4335765838623047,0.8561212420463562,0.7559229135513306
20260505_130009_131970_a473e239,teacher_15b,blur,2.0,14.240542729153898,0.2785134017467499,0.6878166794776917,0.8291586637496948,0.5903098583221436
20260505_130009_131970_a473e239,student_l1b_c,blur,2.0,12.700678951480288,0.24393431842327118,0.7693181037902832,0.8431150317192078,0.6505581140518188
20260505_130009_131970_a473e239,teacher_15b,noise,0.01,24.161880064677806,0.7061432600021362,0.08616286516189575,0.9574589729309082,0.9498982429504395
20260505_130009_131970_a473e239,student_l1b_c,noise,0.01,22.288279088106393,0.6246222853660583,0.13938379287719727,0.9310709238052368,0.9126973152160645
20260505_130009_131970_a473e239,teacher_15b,noise,0.03,23.28447791623163,0.6449431777000427,0.13583536446094513,0.90040123462677,0.8992551565170288
20260505_130009_131970_a473e239,student_l1b_c,noise,0.03,20.724255303459138,0.5364470481872559,0.20999178290367126,0.8695545792579651,0.8088966608047485
20260505_154508_0c4eecad,teacher_15b,clean,0.0,23.7254532532394,0.7324129343032837,0.13496777415275574,0.9152215123176575,0.9382845163345337
20260505_154508_0c4eecad,student_l1b_c,clean,0.0,22.635598203761674,0.7135970592498779,0.168781578540802,0.8852944374084473,0.9046338796615601
20260505_154508_0c4eecad,teacher_15b,exposure,0.8,23.589283915837704,0.7273876667022705,0.1443280428647995,0.91690993309021,0.9394036531448364
20260505_154508_0c4eecad,student_l1b_c,exposure,0.8,21.680508276364932,0.7025514841079712,0.18327046930789948,0.8768948912620544,0.8804048895835876
20260505_154508_0c4eecad,teacher_15b,exposure,1.2,23.49279875816993,0.7325562834739685,0.13377726078033447,0.9213607311248779,0.9380031824111938
20260505_154508_0c4eecad,student_l1b_c,exposure,1.2,21.965278760811472,0.7094163298606873,0.16682776808738708,0.8842152953147888,0.9053102731704712
20260505_154508_0c4eecad,teacher_15b,gamma,0.8,23.684949986889066,0.7325486540794373,0.13561634719371796,0.9197438359260559,0.9368661642074585
20260505_154508_0c4eecad,student_l1b_c,gamma,0.8,22.61621231488479,0.7145256996154785,0.1713208109140396,0.8926670551300049,0.9061493277549744
20260505_154508_0c4eecad,teacher_15b,gamma,1.2,23.7430323441492,0.731663703918457,0.13546976447105408,0.9144299030303955,0.9392495155334473
20260505_154508_0c4eecad,student_l1b_c,gamma,1.2,22.61528452651955,0.7116119861602783,0.16915616393089294,0.8834112286567688,0.8966749906539917
20260505_154508_0c4eecad,teacher_15b,blur,1.0,21.724906035472053,0.6281441450119019,0.3805733621120453,0.837546706199646,0.8822488784790039
20260505_154508_0c4eecad,student_l1b_c,blur,1.0,19.331255334660394,0.597411036491394,0.42634308338165283,0.815090537071228,0.8452620506286621
20260505_154508_0c4eecad,teacher_15b,blur,2.0,17.24100202505377,0.4794587790966034,0.628483772277832,0.6767126321792603,0.7118536829948425
20260505_154508_0c4eecad,student_l1b_c,blur,2.0,17.78636229357516,0.48200714588165283,0.6399548053741455,0.6848117709159851,0.8140914440155029
20260505_154508_0c4eecad,teacher_15b,noise,0.01,23.607499805438902,0.7216624021530151,0.1366393268108368,0.9043658375740051,0.9226226806640625
20260505_154508_0c4eecad,student_l1b_c,noise,0.01,22.65738051677454,0.7004779577255249,0.17080017924308777,0.8591219186782837,0.8774509429931641
20260505_154508_0c4eecad,teacher_15b,noise,0.03,22.725790275933193,0.6553419828414917,0.17662806808948517,0.8777979016304016,0.851575493812561
20260505_154508_0c4eecad,student_l1b_c,noise,0.03,19.16331583403378,0.5756027102470398,0.2900434732437134,0.8399220108985901,0.8159710168838501
20260505_154823_0c4eecad,teacher_15b,clean,0.0,25.677961182167678,0.7768769264221191,0.11910296976566315,0.9691383838653564,0.9372358322143555
20260505_154823_0c4eecad,student_l1b_c,clean,0.0,23.704071157889686,0.7291030287742615,0.18414822220802307,0.9097185134887695,0.9034143686294556
20260505_154823_0c4eecad,teacher_15b,exposure,0.8,24.658836711885904,0.7758738994598389,0.12502603232860565,0.9703285098075867,0.9389315247535706
20260505_154823_0c4eecad,student_l1b_c,exposure,0.8,22.994214247072694,0.7366051077842712,0.17903096973896027,0.9299378395080566,0.8952044248580933
20260505_154823_0c4eecad,teacher_15b,exposure,1.2,25.29196528136522,0.7696098685264587,0.12178318202495575,0.9637166857719421,0.9379688501358032
20260505_154823_0c4eecad,student_l1b_c,exposure,1.2,22.324047421683836,0.7029035091400146,0.20477527379989624,0.9019123315811157,0.8985894322395325
20260505_154823_0c4eecad,teacher_15b,gamma,0.8,25.7244665417233,0.7775930762290955,0.11843109130859375,0.9695994257926941,0.9351566433906555
20260505_154823_0c4eecad,student_l1b_c,gamma,0.8,23.574517939747906,0.7304889559745789,0.1841190606355667,0.9179064035415649,0.901351273059845
20260505_154823_0c4eecad,teacher_15b,gamma,1.2,25.563031090879687,0.7760965824127197,0.11900711804628372,0.9713332056999207,0.9382690787315369
20260505_154823_0c4eecad,student_l1b_c,gamma,1.2,23.78091389639576,0.7291239500045776,0.18286238610744476,0.9187654256820679,0.9016981720924377
20260505_154823_0c4eecad,teacher_15b,blur,1.0,21.11416267850545,0.6559665203094482,0.39077678322792053,0.8826308846473694,0.8581775426864624
20260505_154823_0c4eecad,student_l1b_c,blur,1.0,19.27196458634756,0.6031152009963989,0.44834625720977783,0.8640788793563843,0.8378266096115112
20260505_154823_0c4eecad,teacher_15b,blur,2.0,16.070816944988458,0.4935902953147888,0.686194658279419,0.7267826795578003,0.4104295074939728
20260505_154823_0c4eecad,student_l1b_c,blur,2.0,16.33924892667937,0.499971479177475,0.6654942631721497,0.8115183115005493,0.6522586941719055
20260505_154823_0c4eecad,teacher_15b,noise,0.01,25.157734768054134,0.7595022916793823,0.13120140135288239,0.9682453870773315,0.9288733005523682
20260505_154823_0c4eecad,student_l1b_c,noise,0.01,23.287955645959123,0.7149185538291931,0.18777725100517273,0.9188477993011475,0.893996000289917
20260505_154823_0c4eecad,teacher_15b,noise,0.03,19.33139923614239,0.6441967487335205,0.2556120753288269,0.9271479249000549,0.8919464349746704
20260505_154823_0c4eecad,student_l1b_c,noise,0.03,16.618405352020588,0.5935043096542358,0.30465447902679443,0.8878348469734192,0.8611888289451599
20260505_141130_572785_f00ca076,teacher_15b,clean,0.0,18.77274856611573,0.7350842356681824,0.2357492446899414,0.9438409805297852,0.8677979707717896
20260505_141130_572785_f00ca076,student_l1b_c,clean,0.0,17.642370571058393,0.7232087850570679,0.288678377866745,0.926499605178833,0.8834763765335083
20260505_141130_572785_f00ca076,teacher_15b,exposure,0.8,17.858736374832347,0.7291625738143921,0.24015487730503082,0.9328768253326416,0.8616796135902405
20260505_141130_572785_f00ca076,student_l1b_c,exposure,0.8,17.734913614072223,0.7235260009765625,0.291994571685791,0.9393784999847412,0.8825463056564331
20260505_141130_572785_f00ca076,teacher_15b,exposure,1.2,18.99990062244239,0.7310260534286499,0.23559728264808655,0.9373639822006226,0.8711667060852051
20260505_141130_572785_f00ca076,student_l1b_c,exposure,1.2,17.020510741904513,0.71271812915802,0.28972718119621277,0.9071089625358582,0.883301317691803
20260505_141130_572785_f00ca076,teacher_15b,gamma,0.8,18.899362766574605,0.7363070845603943,0.2335158735513687,0.9458006620407104,0.8647217750549316
20260505_141130_572785_f00ca076,student_l1b_c,gamma,0.8,17.699134669746318,0.7239595651626587,0.28958770632743835,0.9351296424865723,0.8859822750091553
20260505_141130_572785_f00ca076,teacher_15b,gamma,1.2,18.618726287601802,0.733869194984436,0.23823215067386627,0.9378430843353271,0.8715501427650452
20260505_141130_572785_f00ca076,student_l1b_c,gamma,1.2,17.64036059797369,0.722741961479187,0.2891949415206909,0.9188516139984131,0.8819603323936462
20260505_141130_572785_f00ca076,teacher_15b,blur,1.0,19.311036969900744,0.709138810634613,0.3002144992351532,0.8894388675689697,0.8438847064971924
20260505_141130_572785_f00ca076,student_l1b_c,blur,1.0,17.52408113170677,0.690271258354187,0.4265015721321106,0.8799060583114624,0.8391737937927246
20260505_141130_572785_f00ca076,teacher_15b,blur,2.0,19.16816296541304,0.6745073199272156,0.431366503238678,0.8146106004714966,0.7794772386550903
20260505_141130_572785_f00ca076,student_l1b_c,blur,2.0,17.40665974255175,0.6359773874282837,0.5260480642318726,0.8136000633239746,0.7508029937744141
20260505_141130_572785_f00ca076,teacher_15b,noise,0.01,18.04633249267964,0.7055875062942505,0.2921393811702728,0.8947668075561523,0.8512203693389893
20260505_141130_572785_f00ca076,student_l1b_c,noise,0.01,17.114108005913977,0.693454921245575,0.31011879444122314,0.8752717971801758,0.8662912845611572
20260505_141130_572785_f00ca076,teacher_15b,noise,0.03,17.572117284228927,0.6028140783309937,0.4664613604545593,0.8257168531417847,0.6966201066970825
20260505_141130_572785_f00ca076,student_l1b_c,noise,0.03,17.150608397172952,0.6068776845932007,0.4443292021751404,0.8231769800186157,0.7844333648681641
20260505_140427_778493_cf8c21ee,teacher_15b,clean,0.0,33.57027115491165,0.9431761503219604,0.021660853177309036,0.9790060520172119,0.7422143220901489
20260505_140427_778493_cf8c21ee,student_l1b_c,clean,0.0,31.533604402648336,0.9173478484153748,0.0434427484869957,0.9570997953414917,0.7246704697608948
20260505_140427_778493_cf8c21ee,teacher_15b,exposure,0.8,31.896304435515468,0.9397735595703125,0.02670099027454853,0.9768006801605225,0.7486274242401123
20260505_140427_778493_cf8c21ee,student_l1b_c,exposure,0.8,28.094190258015747,0.9086779356002808,0.04921435937285423,0.9528592824935913,0.7242854237556458
20260505_140427_778493_cf8c21ee,teacher_15b,exposure,1.2,29.302258125089192,0.9354885816574097,0.025571128353476524,0.9792196750640869,0.7349443435668945
20260505_140427_778493_cf8c21ee,student_l1b_c,exposure,1.2,27.072284293519214,0.905637264251709,0.056676533073186874,0.9519585371017456,0.7224694490432739
20260505_140427_778493_cf8c21ee,teacher_15b,gamma,0.8,33.25797748704778,0.9426935911178589,0.022243836894631386,0.9795619249343872,0.7414587736129761
20260505_140427_778493_cf8c21ee,student_l1b_c,gamma,0.8,30.549091234803313,0.9144226908683777,0.04524951055645943,0.9587692022323608,0.7236523628234863
20260505_140427_778493_cf8c21ee,teacher_15b,gamma,1.2,33.754626301829724,0.9430712461471558,0.021633464843034744,0.9792429208755493,0.7438047528266907
20260505_140427_778493_cf8c21ee,student_l1b_c,gamma,1.2,31.776886115333582,0.9170662760734558,0.043848421424627304,0.9561527967453003,0.7257380485534668
20260505_140427_778493_cf8c21ee,teacher_15b,blur,1.0,24.31109831941985,0.8615795373916626,0.20534034073352814,0.9422451257705688,0.9424464702606201
20260505_140427_778493_cf8c21ee,student_l1b_c,blur,1.0,27.344839770067274,0.8387537002563477,0.23635447025299072,0.9116448163986206,0.7069109678268433
20260505_140427_778493_cf8c21ee,teacher_15b,blur,2.0,18.745942825244082,0.6486958265304565,0.5128293633460999,0.8023703694343567,0.6591958403587341
20260505_140427_778493_cf8c21ee,student_l1b_c,blur,2.0,18.523801215238677,0.6213362812995911,0.5595345497131348,0.7660166025161743,0.6351858973503113
20260505_140427_778493_cf8c21ee,teacher_15b,noise,0.01,34.09676641682144,0.9310922622680664,0.027786070480942726,0.9630848169326782,0.7513836622238159
20260505_140427_778493_cf8c21ee,student_l1b_c,noise,0.01,31.190450191831292,0.8971694707870483,0.05507391691207886,0.945269763469696,0.7287165522575378
20260505_140427_778493_cf8c21ee,teacher_15b,noise,0.03,21.270070178474118,0.7728556394577026,0.21326622366905212,0.8775018453598022,0.7148712873458862
20260505_140427_778493_cf8c21ee,student_l1b_c,noise,0.03,14.295581873544132,0.6100710034370422,0.343758225440979,0.8157517313957214,0.6740894913673401
20260505_161155_0c4eecad,teacher_15b,clean,0.0,25.571518542060634,0.7839537858963013,0.1126490980386734,0.9805117249488831,0.9719302654266357
20260505_161155_0c4eecad,student_l1b_c,clean,0.0,23.65698560042011,0.756118893623352,0.17859606444835663,0.9520450234413147,0.9349298477172852
20260505_161155_0c4eecad,teacher_15b,exposure,0.8,24.73221931214731,0.7699424028396606,0.12249859422445297,0.974754810333252,0.9708738327026367
20260505_161155_0c4eecad,student_l1b_c,exposure,0.8,22.41027657881171,0.7316913604736328,0.18511731922626495,0.9214127063751221,0.9216032028198242
20260505_161155_0c4eecad,teacher_15b,exposure,1.2,25.30110036038234,0.7873378992080688,0.11119477450847626,0.9815706014633179,0.9722532033920288
20260505_161155_0c4eecad,student_l1b_c,exposure,1.2,22.867334375172035,0.7567310333251953,0.18651744723320007,0.9574769139289856,0.9427282810211182
20260505_161155_0c4eecad,teacher_15b,gamma,0.8,25.598547570010673,0.7823848128318787,0.11466164886951447,0.9808220863342285,0.9736149311065674
20260505_161155_0c4eecad,student_l1b_c,gamma,0.8,23.65416441967546,0.7527822256088257,0.17778833210468292,0.9530353546142578,0.9286047220230103
20260505_161155_0c4eecad,teacher_15b,gamma,1.2,25.50939882198683,0.7841606140136719,0.11169353872537613,0.9807205200195312,0.9694100618362427
20260505_161155_0c4eecad,student_l1b_c,gamma,1.2,23.498533396375198,0.7558168172836304,0.18209584057331085,0.9437325596809387,0.9372500777244568
20260505_161155_0c4eecad,teacher_15b,blur,1.0,22.98371298670712,0.6448701620101929,0.37484094500541687,0.9660369157791138,0.9304638504981995
20260505_161155_0c4eecad,student_l1b_c,blur,1.0,19.070523106865867,0.6158592700958252,0.42709559202194214,0.9346520900726318,0.894719660282135
20260505_161155_0c4eecad,teacher_15b,blur,2.0,13.357703949240822,0.45265811681747437,0.7272868752479553,0.7008297443389893,0.5524001717567444
20260505_161155_0c4eecad,student_l1b_c,blur,2.0,13.151121903301505,0.459866464138031,0.7200164794921875,0.8038901090621948,0.5630162954330444
20260505_161155_0c4eecad,teacher_15b,noise,0.01,24.85146748061185,0.762814998626709,0.1207699328660965,0.9823145866394043,0.9506757855415344
20260505_161155_0c4eecad,student_l1b_c,noise,0.01,23.452752723060343,0.7391349077224731,0.17946788668632507,0.9535649418830872,0.9252703189849854
20260505_161155_0c4eecad,teacher_15b,noise,0.03,20.792631116664047,0.6526523232460022,0.23144814372062683,0.933428168296814,0.8640791177749634
20260505_161155_0c4eecad,student_l1b_c,noise,0.03,21.85348662978069,0.6410479545593262,0.278118371963501,0.9092422723770142,0.8743053674697876
20260505_134819_181762_cf8c21ee,teacher_15b,clean,0.0,24.122096492866252,0.7584232091903687,0.09480269998311996,0.952486515045166,0.9673801064491272
20260505_134819_181762_cf8c21ee,student_l1b_c,clean,0.0,22.24321782923381,0.6930350065231323,0.1396315097808838,0.9150257110595703,0.9504595994949341
20260505_134819_181762_cf8c21ee,teacher_15b,exposure,0.8,24.63377232287785,0.7637686133384705,0.09616584330797195,0.9386255741119385,0.9592300653457642
20260505_134819_181762_cf8c21ee,student_l1b_c,exposure,0.8,22.619868518557674,0.7007430791854858,0.13863971829414368,0.9049700498580933,0.9494521021842957
20260505_134819_181762_cf8c21ee,teacher_15b,exposure,1.2,23.119843868231435,0.7438963651657104,0.10300136357545853,0.9536281824111938,0.9689186811447144
20260505_134819_181762_cf8c21ee,student_l1b_c,exposure,1.2,20.802132115789828,0.6686064004898071,0.1528877466917038,0.9131627082824707,0.9491180777549744
20260505_134819_181762_cf8c21ee,teacher_15b,gamma,0.8,24.039876474551622,0.757907509803772,0.09550304710865021,0.9502584934234619,0.9673550128936768
20260505_134819_181762_cf8c21ee,student_l1b_c,gamma,0.8,22.083514589218524,0.6921039819717407,0.14010751247406006,0.9172430038452148,0.9522257447242737
20260505_134819_181762_cf8c21ee,teacher_15b,gamma,1.2,24.20794025400756,0.7590301036834717,0.09454262256622314,0.9475100040435791,0.9657852649688721
20260505_134819_181762_cf8c21ee,student_l1b_c,gamma,1.2,22.40342881800272,0.6939641833305359,0.13973745703697205,0.907878577709198,0.9481544494628906
20260505_134819_181762_cf8c21ee,teacher_15b,blur,1.0,22.11757513369127,0.6979820132255554,0.25937095284461975,0.8719663619995117,0.9364311099052429
20260505_134819_181762_cf8c21ee,student_l1b_c,blur,1.0,15.182738459496354,0.5766786336898804,0.3909081518650055,0.8203083872795105,0.8895970582962036
20260505_134819_181762_cf8c21ee,teacher_15b,blur,2.0,11.778491298399299,0.4415227770805359,0.7240166664123535,0.7702106237411499,0.6911478638648987
20260505_134819_181762_cf8c21ee,student_l1b_c,blur,2.0,10.98833396507558,0.4268608093261719,0.7643300294876099,0.7483246326446533,0.7888883352279663
20260505_134819_181762_cf8c21ee,teacher_15b,noise,0.01,24.214614932738687,0.7420969009399414,0.10345673561096191,0.9205386638641357,0.9518677592277527
20260505_134819_181762_cf8c21ee,student_l1b_c,noise,0.01,16.983959677662675,0.6040384769439697,0.2627926468849182,0.9193577170372009,0.916335940361023
20260505_134819_181762_cf8c21ee,teacher_15b,noise,0.03,18.37251816870526,0.5649515390396118,0.29927244782447815,0.8876294493675232,0.8689097166061401
20260505_134819_181762_cf8c21ee,student_l1b_c,noise,0.03,14.308473905713154,0.4600766599178314,0.45351338386535645,0.8371521234512329,0.8566890954971313
20260505_121739_291945_a473e239,teacher_15b,clean,0.0,23.837267616874016,0.8404779434204102,0.08048345148563385,0.9762197732925415,0.9764664769172668
20260505_121739_291945_a473e239,student_l1b_c,clean,0.0,20.70902460118148,0.7889784574508667,0.18518096208572388,0.9078842401504517,0.9437246322631836
20260505_121739_291945_a473e239,teacher_15b,exposure,0.8,25.282881457350236,0.8492440581321716,0.08060942590236664,0.9786362648010254,0.9789114594459534
20260505_121739_291945_a473e239,student_l1b_c,exposure,0.8,20.295293168039194,0.7841652631759644,0.19010093808174133,0.9108960032463074,0.9441990852355957
20260505_121739_291945_a473e239,teacher_15b,exposure,1.2,21.8945148458174,0.8233627676963806,0.08693040907382965,0.9754549860954285,0.9745931029319763
20260505_121739_291945_a473e239,student_l1b_c,exposure,1.2,20.023982400500955,0.785190224647522,0.19025291502475739,0.9064391851425171,0.9437872171401978
20260505_121739_291945_a473e239,teacher_15b,gamma,0.8,23.55681019720187,0.8380541205406189,0.08222772181034088,0.978093683719635,0.9771280288696289
20260505_121739_291945_a473e239,student_l1b_c,gamma,0.8,20.321483484589923,0.7844535708427429,0.18790318071842194,0.9141040444374084,0.940622866153717
20260505_121739_291945_a473e239,teacher_15b,gamma,1.2,24.142657913492197,0.8427006602287292,0.07948391139507294,0.975264310836792,0.9757964611053467
20260505_121739_291945_a473e239,student_l1b_c,gamma,1.2,21.012218754193675,0.7903376817703247,0.18473142385482788,0.9122841358184814,0.9456387758255005
20260505_121739_291945_a473e239,teacher_15b,blur,1.0,19.78937728392718,0.7167443037033081,0.33577632904052734,0.9450646042823792,0.9252946376800537
20260505_121739_291945_a473e239,student_l1b_c,blur,1.0,18.784097783899504,0.6728775501251221,0.42708030343055725,0.9078236818313599,0.9188699722290039
20260505_121739_291945_a473e239,teacher_15b,blur,2.0,13.532813118375982,0.5461008548736572,0.6260070204734802,0.7368883490562439,0.6539048552513123
20260505_121739_291945_a473e239,student_l1b_c,blur,2.0,15.730551697551912,0.54793781042099,0.6603031754493713,0.744309663772583,0.8386597633361816
20260505_121739_291945_a473e239,teacher_15b,noise,0.01,23.966115236770587,0.8158621191978455,0.10132801532745361,0.9508109092712402,0.9748536348342896
20260505_121739_291945_a473e239,student_l1b_c,noise,0.01,20.9597561489651,0.7725638747215271,0.19297479093074799,0.9051384925842285,0.9374033212661743
20260505_121739_291945_a473e239,teacher_15b,noise,0.03,21.751003002325415,0.6861084699630737,0.25818461179733276,0.9048677682876587,0.9068740606307983
20260505_121739_291945_a473e239,student_l1b_c,noise,0.03,16.781996726135443,0.6119939088821411,0.37908416986465454,0.8845341801643372,0.9107391834259033
20260505_143158_243027_f00ca076,teacher_15b,clean,0.0,15.886650053684734,0.7401251196861267,0.16520659625530243,0.941109836101532,0.9405640363693237
20260505_143158_243027_f00ca076,student_l1b_c,clean,0.0,17.18654157690922,0.7340437769889832,0.200545534491539,0.8883432149887085,0.8666998147964478
20260505_143158_243027_f00ca076,teacher_15b,exposure,0.8,15.84093138731651,0.739419162273407,0.16890081763267517,0.9415082335472107,0.9361721873283386
20260505_143158_243027_f00ca076,student_l1b_c,exposure,0.8,16.652171326510448,0.7220661044120789,0.21187305450439453,0.8891364336013794,0.8580440282821655
20260505_143158_243027_f00ca076,teacher_15b,exposure,1.2,15.942757478858713,0.7394450902938843,0.1647406816482544,0.9391857385635376,0.9409891366958618
20260505_143158_243027_f00ca076,student_l1b_c,exposure,1.2,17.994235510348187,0.7431864142417908,0.19490326941013336,0.878246545791626,0.8546454906463623
20260505_143158_243027_f00ca076,teacher_15b,gamma,0.8,15.767530017344761,0.7384982109069824,0.16659002006053925,0.9425704479217529,0.9419134259223938
20260505_143158_243027_f00ca076,student_l1b_c,gamma,0.8,16.972021673879105,0.7318801283836365,0.2031988650560379,0.8920111060142517,0.8768699169158936
20260505_143158_243027_f00ca076,teacher_15b,gamma,1.2,16.003411003966782,0.7412389516830444,0.1645507663488388,0.9412854909896851,0.9394917488098145
20260505_143158_243027_f00ca076,student_l1b_c,gamma,1.2,17.339048288820315,0.7340084910392761,0.19995233416557312,0.8841285705566406,0.8542646765708923
20260505_143158_243027_f00ca076,teacher_15b,blur,1.0,15.838866999439071,0.6613866090774536,0.3593589663505554,0.9233376979827881,0.8860325813293457
20260505_143158_243027_f00ca076,student_l1b_c,blur,1.0,18.866853884009267,0.677359938621521,0.41655829548835754,0.8219566345214844,0.7860683798789978
20260505_143158_243027_f00ca076,teacher_15b,blur,2.0,19.536932832042126,0.606964111328125,0.5898587107658386,0.7533683776855469,0.5910964608192444
20260505_143158_243027_f00ca076,student_l1b_c,blur,2.0,20.338314145473046,0.6046692132949829,0.6315666437149048,0.7534440755844116,0.6977983713150024
20260505_143158_243027_f00ca076,teacher_15b,noise,0.01,16.082433974022063,0.7094243764877319,0.18530918657779694,0.9103078842163086,0.8918267488479614
20260505_143158_243027_f00ca076,student_l1b_c,noise,0.01,17.298574101826826,0.712710976600647,0.21284767985343933,0.8455420732498169,0.8555953502655029
20260505_143158_243027_f00ca076,teacher_15b,noise,0.03,16.1453473599258,0.568199098110199,0.3514629304409027,0.7401480674743652,0.7236164212226868
20260505_143158_243027_f00ca076,student_l1b_c,noise,0.03,18.07341112660549,0.5883418321609497,0.37648555636405945,0.7299700379371643,0.8035628795623779
20260505_132229_761794_36673bd5,teacher_15b,clean,0.0,30.156860217196602,0.9314848780632019,0.046064384281635284,0.9796983003616333,0.579777181148529
20260505_132229_761794_36673bd5,student_l1b_c,clean,0.0,27.005199890976005,0.9007034301757812,0.11028824001550674,0.9534554481506348,0.7415101528167725
20260505_132229_761794_36673bd5,teacher_15b,exposure,0.8,29.416683045505646,0.9300695657730103,0.05576802045106888,0.9776989221572876,0.5969487428665161
20260505_132229_761794_36673bd5,student_l1b_c,exposure,0.8,26.714723702916885,0.905035674571991,0.11336986720561981,0.9281928539276123,0.7523432970046997
20260505_132229_761794_36673bd5,teacher_15b,exposure,1.2,29.23041318139159,0.9288015365600586,0.04993569850921631,0.9754536151885986,0.5761902332305908
20260505_132229_761794_36673bd5,student_l1b_c,exposure,1.2,24.78601143726651,0.8908383846282959,0.12722814083099365,0.9495585560798645,0.7434509992599487
20260505_132229_761794_36673bd5,teacher_15b,gamma,0.8,30.0815486379657,0.9304087162017822,0.04729706794023514,0.9799487590789795,0.60048508644104
20260505_132229_761794_36673bd5,student_l1b_c,gamma,0.8,27.078192519187667,0.8991467356681824,0.1119111031293869,0.9422004222869873,0.7604806423187256
20260505_132229_761794_36673bd5,teacher_15b,gamma,1.2,30.25594413804675,0.9323467016220093,0.045582279562950134,0.9788467884063721,0.5731692314147949
20260505_132229_761794_36673bd5,student_l1b_c,gamma,1.2,27.04691345590819,0.9026274681091309,0.11017545312643051,0.9472271203994751,0.7051048278808594
20260505_132229_761794_36673bd5,teacher_15b,blur,1.0,23.693236033211377,0.8831846714019775,0.20600849390029907,0.9576785564422607,0.5792062878608704
20260505_132229_761794_36673bd5,student_l1b_c,blur,1.0,24.2657994590976,0.8625380396842957,0.2597637474536896,0.918685793876648,0.660319983959198
20260505_132229_761794_36673bd5,teacher_15b,blur,2.0,19.121478035604277,0.7580215334892273,0.5205409526824951,0.8750687837600708,0.5132526159286499
20260505_132229_761794_36673bd5,student_l1b_c,blur,2.0,22.474631938149162,0.7691692113876343,0.4949721395969391,0.8740425109863281,0.42603424191474915
20260505_132229_761794_36673bd5,teacher_15b,noise,0.01,26.586325640461084,0.8722107410430908,0.15516211092472076,0.9448525309562683,0.6896239519119263
20260505_132229_761794_36673bd5,student_l1b_c,noise,0.01,19.616167418084615,0.7759935259819031,0.29639142751693726,0.9033122658729553,0.5912860631942749
20260505_132229_761794_36673bd5,teacher_15b,noise,0.03,18.981912891891817,0.6717747449874878,0.5140769481658936,0.8928259611129761,0.43739357590675354
20260505_132229_761794_36673bd5,student_l1b_c,noise,0.03,18.45863014350141,0.6068549156188965,0.6056848764419556,0.8139677047729492,0.32032260298728943
20260505_140449_805672_cf8c21ee,teacher_15b,clean,0.0,29.137020541547187,0.8853847980499268,0.058369144797325134,0.9002796411514282,0.9084948301315308
20260505_140449_805672_cf8c21ee,student_l1b_c,clean,0.0,25.996415556106243,0.8165444135665894,0.11790715157985687,0.8936718702316284,0.7671094536781311
20260505_140449_805672_cf8c21ee,teacher_15b,exposure,0.8,29.051711512731654,0.8821511268615723,0.06303449720144272,0.8970468044281006,0.8618000745773315
20260505_140449_805672_cf8c21ee,student_l1b_c,exposure,0.8,24.61315477995825,0.8103101253509521,0.121642105281353,0.8616045713424683,0.7392555475234985
20260505_140449_805672_cf8c21ee,teacher_15b,exposure,1.2,26.088318332645628,0.8682412505149841,0.0658382773399353,0.8975902795791626,0.9087239503860474
20260505_140449_805672_cf8c21ee,student_l1b_c,exposure,1.2,23.84410028599855,0.7968941926956177,0.13211412727832794,0.8826863765716553,0.7847762107849121
20260505_140449_805672_cf8c21ee,teacher_15b,gamma,0.8,28.97297817806123,0.8843250274658203,0.05992220714688301,0.8984869122505188,0.9042006134986877
20260505_140449_805672_cf8c21ee,student_l1b_c,gamma,0.8,25.30494939628033,0.8122896552085876,0.12457987666130066,0.8901186585426331,0.7599600553512573
20260505_140449_805672_cf8c21ee,teacher_15b,gamma,1.2,29.276998786706883,0.8856266736984253,0.057643793523311615,0.8992577195167542,0.9136582612991333
20260505_140449_805672_cf8c21ee,student_l1b_c,gamma,1.2,26.46997922864406,0.81810462474823,0.11351719498634338,0.8864535093307495,0.7606085538864136
20260505_140449_805672_cf8c21ee,teacher_15b,blur,1.0,21.251480416545547,0.7426853179931641,0.28876009583473206,0.8240438103675842,0.8427032232284546
20260505_140449_805672_cf8c21ee,student_l1b_c,blur,1.0,21.8727478399445,0.7061296701431274,0.3425145447254181,0.7629022002220154,0.7998103499412537
20260505_140449_805672_cf8c21ee,teacher_15b,blur,2.0,16.066366123309685,0.525121808052063,0.5972240567207336,0.6310651302337646,0.5588147640228271
20260505_140449_805672_cf8c21ee,student_l1b_c,blur,2.0,17.621757226434557,0.5543749928474426,0.6118532419204712,0.7025506496429443,0.5523597002029419
20260505_140449_805672_cf8c21ee,teacher_15b,noise,0.01,29.264171544952116,0.8749484419822693,0.06281214207410812,0.9001641273498535,0.9052982330322266
20260505_140449_805672_cf8c21ee,student_l1b_c,noise,0.01,26.45022470320778,0.8120182752609253,0.1194845587015152,0.878570556640625,0.7614543437957764
20260505_140449_805672_cf8c21ee,teacher_15b,noise,0.03,19.551483273788538,0.7355076670646667,0.18961995840072632,0.845787763595581,0.8447095155715942
20260505_140449_805672_cf8c21ee,student_l1b_c,noise,0.03,17.030174001035462,0.6347505450248718,0.28989630937576294,0.6489811539649963,0.7801763415336609
20260505_152134_0c4eecad,teacher_15b,clean,0.0,24.8717300480072,0.8540565371513367,0.1065722107887268,0.9296172261238098,0.9762793779373169
20260505_152134_0c4eecad,student_l1b_c,clean,0.0,22.159533363748825,0.8154704570770264,0.13692504167556763,0.9296396374702454,0.9486373662948608
20260505_152134_0c4eecad,teacher_15b,exposure,0.8,24.112824919863584,0.849567174911499,0.11015291512012482,0.9237300157546997,0.9727176427841187
20260505_152134_0c4eecad,student_l1b_c,exposure,0.8,22.382909824302285,0.8104647397994995,0.14401094615459442,0.9212817549705505,0.9529462456703186
20260505_152134_0c4eecad,teacher_15b,exposure,1.2,24.500715098647614,0.8510298728942871,0.10865838825702667,0.9369317293167114,0.9736887812614441
20260505_152134_0c4eecad,student_l1b_c,exposure,1.2,20.972631355719006,0.8088542819023132,0.14068657159805298,0.9218036532402039,0.9358909130096436
20260505_152134_0c4eecad,teacher_15b,gamma,0.8,24.91646637699553,0.8551257848739624,0.10520310699939728,0.9355916976928711,0.9763388633728027
20260505_152134_0c4eecad,student_l1b_c,gamma,0.8,21.899363886726814,0.8122844696044922,0.13786958158016205,0.9325849413871765,0.9503811597824097
20260505_152134_0c4eecad,teacher_15b,gamma,1.2,24.790508947224062,0.8525187969207764,0.10858110338449478,0.9366340041160583,0.9756225347518921
20260505_152134_0c4eecad,student_l1b_c,gamma,1.2,22.359766315335904,0.8162747621536255,0.13858620822429657,0.9194326996803284,0.9460461139678955
20260505_152134_0c4eecad,teacher_15b,blur,1.0,18.282690273949072,0.6945051550865173,0.38679617643356323,0.8408606052398682,0.808442234992981
20260505_152134_0c4eecad,student_l1b_c,blur,1.0,19.954824602693606,0.697965145111084,0.4143175780773163,0.8192950487136841,0.7470842003822327
20260505_152134_0c4eecad,teacher_15b,blur,2.0,16.23019839554836,0.5741179585456848,0.6000475883483887,0.7106698155403137,0.6582916975021362
20260505_152134_0c4eecad,student_l1b_c,blur,2.0,15.556467931920594,0.5561056137084961,0.6451970338821411,0.7278086543083191,0.5632013082504272
20260505_152134_0c4eecad,teacher_15b,noise,0.01,24.36829126079398,0.8366004824638367,0.11728182435035706,0.9044590592384338,0.9656431674957275
20260505_152134_0c4eecad,student_l1b_c,noise,0.01,22.475509773420992,0.8035571575164795,0.14636816084384918,0.9189735054969788,0.9312607645988464
20260505_152134_0c4eecad,teacher_15b,noise,0.03,22.358197253064272,0.762907862663269,0.18937648832798004,0.8671212196350098,0.7589828968048096
20260505_152134_0c4eecad,student_l1b_c,noise,0.03,20.543170760993622,0.7073103785514832,0.2539879083633423,0.8494821786880493,0.7886189222335815
20260505_132401_478996_36673bd5,teacher_15b,clean,0.0,15.565649926099992,0.46106165647506714,0.22066889703273773,0.9780837297439575,0.8371726870536804
20260505_132401_478996_36673bd5,student_l1b_c,clean,0.0,15.354171427333032,0.4467967450618744,0.2742725610733032,0.9649441242218018,0.7792254686355591
20260505_132401_478996_36673bd5,teacher_15b,exposure,0.8,15.545465763286298,0.4507749676704407,0.21997523307800293,0.9711103439331055,0.874850332736969
20260505_132401_478996_36673bd5,student_l1b_c,exposure,0.8,15.461593243226243,0.4441990256309509,0.26591160893440247,0.9514322876930237,0.7864511013031006
20260505_132401_478996_36673bd5,teacher_15b,exposure,1.2,15.384493788534835,0.4595075249671936,0.22720474004745483,0.980083167552948,0.8034230470657349
20260505_132401_478996_36673bd5,student_l1b_c,exposure,1.2,14.679465711717889,0.43234047293663025,0.3027075529098511,0.9639461040496826,0.7643281817436218
20260505_132401_478996_36673bd5,teacher_15b,gamma,0.8,15.59775981541813,0.46075257658958435,0.21988433599472046,0.9770314693450928,0.8289481401443481
20260505_132401_478996_36673bd5,student_l1b_c,gamma,0.8,15.609217715281638,0.45009779930114746,0.2645358145236969,0.9625741839408875,0.7664233446121216
20260505_132401_478996_36673bd5,teacher_15b,gamma,1.2,15.533916575400223,0.4608493447303772,0.2221074253320694,0.9795997738838196,0.842083215713501
20260505_132401_478996_36673bd5,student_l1b_c,gamma,1.2,15.143452473553648,0.4442986845970154,0.28328683972358704,0.9644408822059631,0.7872214913368225
20260505_132401_478996_36673bd5,teacher_15b,blur,1.0,14.25912632373774,0.3642358183860779,0.4279334843158722,0.9186305403709412,0.7790392637252808
20260505_132401_478996_36673bd5,student_l1b_c,blur,1.0,13.962857026962839,0.34069138765335083,0.45258578658103943,0.9212998747825623,0.6685413718223572
20260505_132401_478996_36673bd5,teacher_15b,blur,2.0,13.022089789554945,0.222601979970932,0.8718801140785217,0.7856034636497498,0.28636792302131653
20260505_132401_478996_36673bd5,student_l1b_c,blur,2.0,13.192288030000688,0.21056430041790009,0.8461154103279114,0.793906569480896,0.3792167901992798
20260505_132401_478996_36673bd5,teacher_15b,noise,0.01,15.460474470764105,0.45642179250717163,0.22070688009262085,0.9729512929916382,0.8698249459266663
20260505_132401_478996_36673bd5,student_l1b_c,noise,0.01,15.364954614003796,0.4436635971069336,0.2746809720993042,0.9656710028648376,0.7973593473434448
20260505_132401_478996_36673bd5,teacher_15b,noise,0.03,15.262154332794925,0.43579310178756714,0.23366093635559082,0.9655718803405762,0.7943611145019531
20260505_132401_478996_36673bd5,student_l1b_c,noise,0.03,15.270344238528102,0.415652334690094,0.27980920672416687,0.9518124461174011,0.702791154384613
20260505_131014_703565_a473e239,teacher_15b,clean,0.0,31.390127202234495,0.8891090154647827,0.07186257839202881,0.9849585294723511,0.9791680574417114
20260505_131014_703565_a473e239,student_l1b_c,clean,0.0,28.77820003908883,0.8675140738487244,0.0977998748421669,0.9736477732658386,0.9609779119491577
20260505_131014_703565_a473e239,teacher_15b,exposure,0.8,27.717657611178605,0.8838369250297546,0.07791025936603546,0.9896051287651062,0.9766671061515808
20260505_131014_703565_a473e239,student_l1b_c,exposure,0.8,26.030454321483376,0.8595544695854187,0.10413949936628342,0.9702386856079102,0.9543315768241882
20260505_131014_703565_a473e239,teacher_15b,exposure,1.2,28.814296474982033,0.8861514329910278,0.07159128785133362,0.9839680790901184,0.9792981147766113
20260505_131014_703565_a473e239,student_l1b_c,exposure,1.2,23.99499786228199,0.8595024943351746,0.10455584526062012,0.9671216011047363,0.9640800356864929
20260505_131014_703565_a473e239,teacher_15b,gamma,0.8,31.15797295687986,0.8879908919334412,0.0734269917011261,0.9878360033035278,0.9780722856521606
20260505_131014_703565_a473e239,student_l1b_c,gamma,0.8,28.276817125650567,0.8623473048210144,0.10225245356559753,0.9754383563995361,0.9596084356307983
20260505_131014_703565_a473e239,teacher_15b,gamma,1.2,31.46591732568953,0.8892166614532471,0.07100921869277954,0.988080620765686,0.9797886610031128
20260505_131014_703565_a473e239,student_l1b_c,gamma,1.2,29.113675606577512,0.8693863749504089,0.09623904526233673,0.9722895622253418,0.960543155670166
20260505_131014_703565_a473e239,teacher_15b,blur,1.0,26.073686026101477,0.7840592265129089,0.25963303446769714,0.9577986001968384,0.9461676478385925
20260505_131014_703565_a473e239,student_l1b_c,blur,1.0,24.541044183595815,0.7513596415519714,0.3318518400192261,0.9450926184654236,0.9503675699234009
20260505_131014_703565_a473e239,teacher_15b,blur,2.0,19.812531930615634,0.5990309715270996,0.5402230620384216,0.898307204246521,0.7659095525741577
20260505_131014_703565_a473e239,student_l1b_c,blur,2.0,20.049162559242934,0.6184476613998413,0.5695635080337524,0.8630682826042175,0.8224202990531921
20260505_131014_703565_a473e239,teacher_15b,noise,0.01,29.74413323649317,0.8699288368225098,0.08466969430446625,0.9716615080833435,0.977392852306366
20260505_131014_703565_a473e239,student_l1b_c,noise,0.01,28.647484215387248,0.8464045524597168,0.10770097374916077,0.9635588526725769,0.9543235301971436
20260505_131014_703565_a473e239,teacher_15b,noise,0.03,21.141667203025452,0.673895001411438,0.30581456422805786,0.8650599122047424,0.8366012573242188
20260505_131014_703565_a473e239,student_l1b_c,noise,0.03,14.212962840527295,0.5728273391723633,0.361869215965271,0.8612947463989258,0.8509137630462646
20260505_134919_484972_cf8c21ee,teacher_15b,clean,0.0,22.630431654791238,0.7695678472518921,0.11871389299631119,0.9617888927459717,0.9544822573661804
20260505_134919_484972_cf8c21ee,student_l1b_c,clean,0.0,21.11087969238355,0.7209665775299072,0.1635134071111679,0.9498898983001709,0.9407079219818115
20260505_134919_484972_cf8c21ee,teacher_15b,exposure,0.8,22.068523723420853,0.7666365504264832,0.12572050094604492,0.9557890892028809,0.9357109665870667
20260505_134919_484972_cf8c21ee,student_l1b_c,exposure,0.8,21.08697800377962,0.7250348925590515,0.16483639180660248,0.9479306936264038,0.9357035160064697
20260505_134919_484972_cf8c21ee,teacher_15b,exposure,1.2,22.364211645261477,0.7616178393363953,0.12006968259811401,0.9566159248352051,0.95415198802948
20260505_134919_484972_cf8c21ee,student_l1b_c,exposure,1.2,20.196120845686735,0.6991686820983887,0.1775619387626648,0.9449316263198853,0.9372360706329346
20260505_134919_484972_cf8c21ee,teacher_15b,gamma,0.8,22.489051608795766,0.7686541080474854,0.12057323753833771,0.9596841931343079,0.9543832540512085
20260505_134919_484972_cf8c21ee,student_l1b_c,gamma,0.8,21.220547236333402,0.7238919138908386,0.16280728578567505,0.9467791318893433,0.9417654275894165
20260505_134919_484972_cf8c21ee,teacher_15b,gamma,1.2,22.674251547737683,0.769828736782074,0.1186332181096077,0.960469126701355,0.9534962773323059
20260505_134919_484972_cf8c21ee,student_l1b_c,gamma,1.2,20.961972472709167,0.7180557250976562,0.16494449973106384,0.9453531503677368,0.9355967044830322
20260505_134919_484972_cf8c21ee,teacher_15b,blur,1.0,19.405221643511528,0.6493229866027832,0.3433108329772949,0.8653331995010376,0.8966411352157593
20260505_134919_484972_cf8c21ee,student_l1b_c,blur,1.0,11.469480484699366,0.47880181670188904,0.5621618628501892,0.7888216376304626,0.7990626096725464
20260505_134919_484972_cf8c21ee,teacher_15b,blur,2.0,10.154525601786455,0.35181641578674316,0.8011205792427063,0.6382564306259155,0.7465025186538696
20260505_134919_484972_cf8c21ee,student_l1b_c,blur,2.0,10.525982606155663,0.3796328008174896,0.764532744884491,0.6604726910591125,0.5933549404144287
20260505_134919_484972_cf8c21ee,teacher_15b,noise,0.01,23.437103171401596,0.7613065242767334,0.12320876866579056,0.9019761681556702,0.9466073513031006
20260505_134919_484972_cf8c21ee,student_l1b_c,noise,0.01,20.63619572711396,0.6892375946044922,0.20155127346515656,0.9318469762802124,0.9413756132125854
20260505_134919_484972_cf8c21ee,teacher_15b,noise,0.03,20.646107368271373,0.6434242725372314,0.23294702172279358,0.8459954261779785,0.8770471811294556
20260505_134919_484972_cf8c21ee,student_l1b_c,noise,0.03,13.73312933831113,0.5190631151199341,0.47263309359550476,0.8246745467185974,0.9135091304779053
20260505_144426_141206_f00ca076,teacher_15b,clean,0.0,20.62163190068567,0.6440737247467041,0.21653030812740326,0.9372542500495911,0.920730710029602
20260505_144426_141206_f00ca076,student_l1b_c,clean,0.0,19.357393439993555,0.6066522002220154,0.2893528342247009,0.8817033171653748,0.8320847749710083
20260505_144426_141206_f00ca076,teacher_15b,exposure,0.8,20.746261454057176,0.6394672393798828,0.22611664235591888,0.9283731579780579,0.9222166538238525
20260505_144426_141206_f00ca076,student_l1b_c,exposure,0.8,19.757808163284544,0.6036010980606079,0.29103517532348633,0.8949435949325562,0.8132104277610779
20260505_144426_141206_f00ca076,teacher_15b,exposure,1.2,20.52489981862406,0.6439480781555176,0.21897846460342407,0.9362225532531738,0.9221866130828857
20260505_144426_141206_f00ca076,student_l1b_c,exposure,1.2,18.35418503388755,0.5981607437133789,0.2958734929561615,0.883614182472229,0.826673150062561
20260505_144426_141206_f00ca076,teacher_15b,gamma,0.8,20.595713151348548,0.6429837942123413,0.2169787883758545,0.93915855884552,0.9170117378234863
20260505_144426_141206_f00ca076,student_l1b_c,gamma,0.8,19.48625832307546,0.6063133478164673,0.28983384370803833,0.879737913608551,0.8290047645568848
20260505_144426_141206_f00ca076,teacher_15b,gamma,1.2,20.64074602871203,0.644534707069397,0.21724802255630493,0.9378373026847839,0.9244734644889832
20260505_144426_141206_f00ca076,student_l1b_c,gamma,1.2,19.320474560575896,0.6066710352897644,0.2894734740257263,0.8824630975723267,0.8277380466461182
20260505_144426_141206_f00ca076,teacher_15b,blur,1.0,17.838762186660976,0.4651615023612976,0.5065916776657104,0.8739171624183655,0.7427577972412109
20260505_144426_141206_f00ca076,student_l1b_c,blur,1.0,17.334894734361942,0.4388830363750458,0.5313178300857544,0.8544195890426636,0.6261255741119385
20260505_144426_141206_f00ca076,teacher_15b,blur,2.0,13.78778283172072,0.2925475835800171,0.9063537120819092,0.6875377893447876,0.22387221455574036
20260505_144426_141206_f00ca076,student_l1b_c,blur,2.0,12.007296597890878,0.25942665338516235,0.9401159286499023,0.6450449824333191,0.3304107189178467
20260505_144426_141206_f00ca076,teacher_15b,noise,0.01,19.87222184639553,0.6233338713645935,0.24528560042381287,0.9043785929679871,0.9028118848800659
20260505_144426_141206_f00ca076,student_l1b_c,noise,0.01,18.826137052992756,0.587778627872467,0.30649563670158386,0.8698104619979858,0.807373046875
20260505_144426_141206_f00ca076,teacher_15b,noise,0.03,17.396853146679312,0.5318089723587036,0.3809880316257477,0.8405335545539856,0.684148371219635
20260505_144426_141206_f00ca076,student_l1b_c,noise,0.03,15.292531321568163,0.4880714416503906,0.42563822865486145,0.7267394661903381,0.6166907548904419
20260505_140343_660723_f00ca076,teacher_15b,clean,0.0,31.54744586387645,0.945391833782196,0.022335346788167953,0.9899230003356934,0.9687787294387817
20260505_140343_660723_f00ca076,student_l1b_c,clean,0.0,25.60563666707372,0.9105293154716492,0.05255512148141861,0.9727999567985535,0.8944517374038696
20260505_140343_660723_f00ca076,teacher_15b,exposure,0.8,33.200133823554566,0.9434441924095154,0.024943482130765915,0.9860435724258423,0.9704497456550598
20260505_140343_660723_f00ca076,student_l1b_c,exposure,0.8,29.134276352371767,0.9116827845573425,0.04951376095414162,0.9738529920578003,0.8949463367462158
20260505_140343_660723_f00ca076,teacher_15b,exposure,1.2,27.637267329960622,0.9412944316864014,0.024115335196256638,0.9886636734008789,0.9661123752593994
20260505_140343_660723_f00ca076,student_l1b_c,exposure,1.2,21.649444054124125,0.8943023085594177,0.06840422004461288,0.963996171951294,0.8864314556121826
20260505_140343_660723_f00ca076,teacher_15b,gamma,0.8,31.263419066649817,0.9452314376831055,0.0224127396941185,0.9896072149276733,0.9693174958229065
20260505_140343_660723_f00ca076,student_l1b_c,gamma,0.8,25.57798059881459,0.9118103384971619,0.05189208686351776,0.9807919859886169,0.8933281898498535
20260505_140343_660723_f00ca076,teacher_15b,gamma,1.2,31.874691886723177,0.9447340965270996,0.022942788898944855,0.987837553024292,0.9670450091362
20260505_140343_660723_f00ca076,student_l1b_c,gamma,1.2,25.919420945292785,0.9063407778739929,0.05528361350297928,0.9676031470298767,0.894248366355896
20260505_140343_660723_f00ca076,teacher_15b,blur,1.0,27.566068155698204,0.8841620683670044,0.18018312752246857,0.9557176828384399,0.9131252765655518
20260505_140343_660723_f00ca076,student_l1b_c,blur,1.0,27.086299621470427,0.8712353706359863,0.20569293200969696,0.9374898672103882,0.8576114177703857
20260505_140343_660723_f00ca076,teacher_15b,blur,2.0,22.222394693530624,0.7668567895889282,0.4356415271759033,0.810931921005249,0.42972856760025024
20260505_140343_660723_f00ca076,student_l1b_c,blur,2.0,21.884882293250616,0.7567402124404907,0.49213290214538574,0.8297940492630005,0.534103512763977
20260505_140343_660723_f00ca076,teacher_15b,noise,0.01,32.374936338879266,0.9253915548324585,0.03981393575668335,0.9678306579589844,0.9293220043182373
20260505_140343_660723_f00ca076,student_l1b_c,noise,0.01,23.88499558778709,0.8731338977813721,0.09974804520606995,0.9372661709785461,0.8185402750968933
20260505_140343_660723_f00ca076,teacher_15b,noise,0.03,17.56646763526482,0.6795727610588074,0.34210216999053955,0.8557987213134766,0.5739325881004333
20260505_140343_660723_f00ca076,student_l1b_c,noise,0.03,14.285414471237614,0.5512160062789917,0.4634737968444824,0.822184681892395,0.5995849370956421
20260505_151257_0e5f0f67,teacher_15b,clean,0.0,21.385750964793814,0.7286638021469116,0.1368834525346756,0.9032758474349976,0.9165595769882202
20260505_151257_0e5f0f67,student_l1b_c,clean,0.0,19.818690219684242,0.6800416707992554,0.17749325931072235,0.9225497245788574,0.8994559049606323
20260505_151257_0e5f0f67,teacher_15b,exposure,0.8,20.934327822950564,0.7180989980697632,0.144862100481987,0.8979060649871826,0.9112396836280823
20260505_151257_0e5f0f67,student_l1b_c,exposure,0.8,19.725100634879528,0.671055018901825,0.1791658103466034,0.9184560775756836,0.9011044502258301
20260505_151257_0e5f0f67,teacher_15b,exposure,1.2,20.95417392839872,0.7243618965148926,0.13997314870357513,0.8954900503158569,0.9136080741882324
20260505_151257_0e5f0f67,student_l1b_c,exposure,1.2,18.652413952981966,0.6690309047698975,0.18954423069953918,0.9192715883255005,0.8932161927223206
20260505_151257_0e5f0f67,teacher_15b,gamma,0.8,21.372101079849767,0.7274913787841797,0.13826070725917816,0.9009069800376892,0.9159128069877625
20260505_151257_0e5f0f67,student_l1b_c,gamma,0.8,19.826021299689934,0.6786720156669617,0.1798986941576004,0.9300053119659424,0.9035809636116028
20260505_151257_0e5f0f67,teacher_15b,gamma,1.2,21.37189582850518,0.7286388278007507,0.13609834015369415,0.9103995561599731,0.9158879518508911
20260505_151257_0e5f0f67,student_l1b_c,gamma,1.2,19.840835323002214,0.6790570616722107,0.17627504467964172,0.9197196960449219,0.8931972980499268
20260505_151257_0e5f0f67,teacher_15b,blur,1.0,19.296222869727742,0.5848532915115356,0.37958452105522156,0.9163178205490112,0.8931179642677307
20260505_151257_0e5f0f67,student_l1b_c,blur,1.0,17.29259251391937,0.5523128509521484,0.39692094922065735,0.8951153755187988,0.8403036594390869
20260505_151257_0e5f0f67,teacher_15b,blur,2.0,12.600970025825116,0.36842554807662964,0.7259006500244141,0.6999344825744629,0.38331136107444763
20260505_151257_0e5f0f67,student_l1b_c,blur,2.0,12.32147822682682,0.3470273017883301,0.7517197132110596,0.6795034408569336,0.43640342354774475
20260505_151257_0e5f0f67,teacher_15b,noise,0.01,20.959129606769523,0.711931586265564,0.15118272602558136,0.8896843194961548,0.8930644989013672
20260505_151257_0e5f0f67,student_l1b_c,noise,0.01,19.67914235866869,0.6659584045410156,0.18843203783035278,0.9321862459182739,0.8875049352645874
20260505_151257_0e5f0f67,teacher_15b,noise,0.03,19.817820955360055,0.637021005153656,0.23410305380821228,0.8790574073791504,0.8539512157440186
20260505_151257_0e5f0f67,student_l1b_c,noise,0.03,18.032247619434848,0.5813161730766296,0.27606600522994995,0.8606336116790771,0.8143129348754883
20260505_151517_0e5f0f67,teacher_15b,clean,0.0,23.320127368767373,0.7401096820831299,0.17358919978141785,0.9164336323738098,0.9134545922279358
20260505_151517_0e5f0f67,student_l1b_c,clean,0.0,21.123769827254325,0.6953600645065308,0.23487915098667145,0.8758944272994995,0.8418803811073303
20260505_151517_0e5f0f67,teacher_15b,exposure,0.8,23.508493253978227,0.7441784739494324,0.1753200739622116,0.9128247499465942,0.9316809177398682
20260505_151517_0e5f0f67,student_l1b_c,exposure,0.8,20.473562103317725,0.702414870262146,0.24423012137413025,0.8816086649894714,0.8664015531539917
20260505_151517_0e5f0f67,teacher_15b,exposure,1.2,22.925806376268905,0.7325420379638672,0.17776542901992798,0.9219104051589966,0.8975602388381958
20260505_151517_0e5f0f67,student_l1b_c,exposure,1.2,20.238209423906035,0.6773325800895691,0.23927642405033112,0.8639698624610901,0.8354840874671936
20260505_151517_0e5f0f67,teacher_15b,gamma,0.8,23.30558446616585,0.7404705882072449,0.17429281771183014,0.9149718284606934,0.9236770868301392
20260505_151517_0e5f0f67,student_l1b_c,gamma,0.8,21.239996433208468,0.6963043212890625,0.2344815582036972,0.8710704445838928,0.8653384447097778
20260505_151517_0e5f0f67,teacher_15b,gamma,1.2,23.359928754034293,0.740086555480957,0.17326891422271729,0.9164867997169495,0.9096313714981079
20260505_151517_0e5f0f67,student_l1b_c,gamma,1.2,20.93745713897567,0.694765567779541,0.23694363236427307,0.8755836486816406,0.8290998935699463
20260505_151517_0e5f0f67,teacher_15b,blur,1.0,18.976429612968534,0.6658169627189636,0.4070741534233093,0.8730860352516174,0.7338157296180725
20260505_151517_0e5f0f67,student_l1b_c,blur,1.0,13.62431128308987,0.5875438451766968,0.4970511198043823,0.8197777271270752,0.7413783073425293
20260505_151517_0e5f0f67,teacher_15b,blur,2.0,12.803190626932786,0.5284018516540527,0.680351734161377,0.6962522864341736,0.5883312821388245
20260505_151517_0e5f0f67,student_l1b_c,blur,2.0,13.404524681606429,0.5486832857131958,0.668415904045105,0.7290698885917664,0.4819321930408478
20260505_151517_0e5f0f67,teacher_15b,noise,0.01,23.172552090344716,0.7191689014434814,0.18212425708770752,0.9118846654891968,0.894437313079834
20260505_151517_0e5f0f67,student_l1b_c,noise,0.01,20.971882039437737,0.6691898107528687,0.2581460773944855,0.8767479062080383,0.8104488849639893
20260505_151517_0e5f0f67,teacher_15b,noise,0.03,21.70000997391216,0.6026121377944946,0.29686951637268066,0.8878681063652039,0.8821020722389221
20260505_151517_0e5f0f67,student_l1b_c,noise,0.03,17.385645248976548,0.5168878436088562,0.4348210394382477,0.8273259997367859,0.7476575374603271
20260505_135213_653895_cf8c21ee,teacher_15b,clean,0.0,24.57821533536521,0.8463377952575684,0.1276603788137436,0.959806501865387,0.9588120579719543
20260505_135213_653895_cf8c21ee,student_l1b_c,clean,0.0,21.727299929506337,0.7899433374404907,0.1944677084684372,0.8630871176719666,0.9105847477912903
20260505_135213_653895_cf8c21ee,teacher_15b,exposure,0.8,24.186256548001147,0.855219841003418,0.11753636598587036,0.9623132944107056,0.951737105846405
20260505_135213_653895_cf8c21ee,student_l1b_c,exposure,0.8,22.72949027614985,0.8146464228630066,0.17588724195957184,0.9001061916351318,0.9230268597602844
20260505_135213_653895_cf8c21ee,teacher_15b,exposure,1.2,23.07024514318135,0.8247124552726746,0.1423877626657486,0.9548982381820679,0.9530414342880249
20260505_135213_653895_cf8c21ee,student_l1b_c,exposure,1.2,19.69949985329398,0.7527674436569214,0.21937167644500732,0.8956626653671265,0.9199502468109131
20260505_135213_653895_cf8c21ee,teacher_15b,gamma,0.8,24.3734148483486,0.8432363271713257,0.13099229335784912,0.960106372833252,0.9595735669136047
20260505_135213_653895_cf8c21ee,student_l1b_c,gamma,0.8,21.816632115339182,0.7903169393539429,0.19284731149673462,0.8636879920959473,0.9022613763809204
20260505_135213_653895_cf8c21ee,teacher_15b,gamma,1.2,24.767583451690953,0.8497268557548523,0.12392330914735794,0.9588364958763123,0.9583965539932251
20260505_135213_653895_cf8c21ee,student_l1b_c,gamma,1.2,21.80937068115663,0.7917541265487671,0.19407974183559418,0.8822240233421326,0.9106473922729492
20260505_135213_653895_cf8c21ee,teacher_15b,blur,1.0,19.766155712403492,0.7597812414169312,0.2984682321548462,0.8958063125610352,0.863102912902832
20260505_135213_653895_cf8c21ee,student_l1b_c,blur,1.0,19.50550099406556,0.7289708852767944,0.3463866710662842,0.8920727372169495,0.8955800533294678
20260505_135213_653895_cf8c21ee,teacher_15b,blur,2.0,16.84187792449151,0.6396406888961792,0.5487181544303894,0.8166519999504089,0.7878645658493042
20260505_135213_653895_cf8c21ee,student_l1b_c,blur,2.0,16.903512593448696,0.6257013082504272,0.5962846875190735,0.7903739809989929,0.8416110873222351
20260505_135213_653895_cf8c21ee,teacher_15b,noise,0.01,23.997770697534673,0.8273086547851562,0.13744446635246277,0.9397724866867065,0.9437323808670044
20260505_135213_653895_cf8c21ee,student_l1b_c,noise,0.01,17.037952101803644,0.7170826196670532,0.2978702187538147,0.8639928698539734,0.8924737572669983
20260505_135213_653895_cf8c21ee,teacher_15b,noise,0.03,16.162068325534907,0.6127464771270752,0.41598641872406006,0.8575534820556641,0.7274545431137085
20260505_135213_653895_cf8c21ee,student_l1b_c,noise,0.03,15.564112516278811,0.572277307510376,0.45051905512809753,0.8189310431480408,0.8505983352661133
20260505_135542_766904_cf8c21ee,teacher_15b,clean,0.0,19.356346005806152,0.7284800410270691,0.17542225122451782,0.8622044920921326,0.8637118339538574
20260505_135542_766904_cf8c21ee,student_l1b_c,clean,0.0,18.384439314074605,0.73273104429245,0.18110330402851105,0.8777120113372803,0.8606037497520447
20260505_135542_766904_cf8c21ee,teacher_15b,exposure,0.8,18.572241448137643,0.7150954604148865,0.1847776472568512,0.885073721408844,0.8562462329864502
20260505_135542_766904_cf8c21ee,student_l1b_c,exposure,0.8,18.37000024438697,0.728886604309082,0.18737691640853882,0.874622106552124,0.8568532466888428
20260505_135542_766904_cf8c21ee,teacher_15b,exposure,1.2,18.86703927817594,0.7301530838012695,0.1748257875442505,0.8562396764755249,0.8615228533744812
20260505_135542_766904_cf8c21ee,student_l1b_c,exposure,1.2,16.44052467125215,0.7276246547698975,0.18475821614265442,0.867180347442627,0.8619205951690674
20260505_135542_766904_cf8c21ee,teacher_15b,gamma,0.8,19.55577558909296,0.7324672937393188,0.17436683177947998,0.8754289150238037,0.8646185994148254
20260505_135542_766904_cf8c21ee,student_l1b_c,gamma,0.8,18.67218041304577,0.7370549440383911,0.17982402443885803,0.8738725781440735,0.8732813596725464
20260505_135542_766904_cf8c21ee,teacher_15b,gamma,1.2,19.118711536198294,0.7239992618560791,0.17769651114940643,0.8567733764648438,0.8623585104942322
20260505_135542_766904_cf8c21ee,student_l1b_c,gamma,1.2,18.134142938141785,0.7271408438682556,0.18350651860237122,0.8761993646621704,0.8493991494178772
20260505_135542_766904_cf8c21ee,teacher_15b,blur,1.0,16.70466042510714,0.620608389377594,0.39149948954582214,0.811776876449585,0.8003890514373779
20260505_135542_766904_cf8c21ee,student_l1b_c,blur,1.0,15.738051374447867,0.6325253844261169,0.37746649980545044,0.8493633270263672,0.8375711441040039
20260505_135542_766904_cf8c21ee,teacher_15b,blur,2.0,13.397766663011003,0.5317659378051758,0.5446579456329346,0.763001024723053,0.7312848567962646
20260505_135542_766904_cf8c21ee,student_l1b_c,blur,2.0,13.229474445111784,0.51143878698349,0.5828751921653748,0.8229489922523499,0.7930738925933838
20260505_135542_766904_cf8c21ee,teacher_15b,noise,0.01,18.841433067811515,0.705564022064209,0.18839988112449646,0.786478579044342,0.8360341787338257
20260505_135542_766904_cf8c21ee,student_l1b_c,noise,0.01,18.300672307784637,0.7122863531112671,0.18728266656398773,0.8636760711669922,0.8212496042251587
20260505_135542_766904_cf8c21ee,teacher_15b,noise,0.03,16.20657949659747,0.580082893371582,0.32432347536087036,0.8294304609298706,0.6904038190841675
20260505_135542_766904_cf8c21ee,student_l1b_c,noise,0.03,14.275044804972092,0.5841678977012634,0.33962398767471313,0.6866626739501953,0.7044591903686523
20260505_145201_616804_f00ca076,teacher_15b,clean,0.0,24.720684666066983,0.8764055967330933,0.10334131121635437,0.9669498205184937,0.7388038635253906
20260505_145201_616804_f00ca076,student_l1b_c,clean,0.0,21.134837754179912,0.7554857134819031,0.17739799618721008,0.9435100555419922,0.7367565631866455
20260505_145201_616804_f00ca076,teacher_15b,exposure,0.8,25.421867463727175,0.8974494934082031,0.09998813271522522,0.9604900479316711,0.7630883455276489
20260505_145201_616804_f00ca076,student_l1b_c,exposure,0.8,21.047208290287234,0.78375244140625,0.1667877435684204,0.9205666780471802,0.8558582067489624
20260505_145201_616804_f00ca076,teacher_15b,exposure,1.2,22.77411722783682,0.8373597860336304,0.1183893084526062,0.909503698348999,0.769639253616333
20260505_145201_616804_f00ca076,student_l1b_c,exposure,1.2,20.68912711003607,0.7161597013473511,0.20561091601848602,0.9307212233543396,0.7341275811195374
20260505_145201_616804_f00ca076,teacher_15b,gamma,0.8,24.469708934657607,0.8660404682159424,0.1039590984582901,0.9688421487808228,0.7363290786743164
20260505_145201_616804_f00ca076,student_l1b_c,gamma,0.8,19.616222956721852,0.6935803294181824,0.23185813426971436,0.9330100417137146,0.6944524049758911
20260505_145201_616804_f00ca076,teacher_15b,gamma,1.2,25.01113973433263,0.8876060247421265,0.10499981790781021,0.9643999338150024,0.7302459478378296
20260505_145201_616804_f00ca076,student_l1b_c,gamma,1.2,22.548839299887735,0.8130888938903809,0.13557101786136627,0.9354971051216125,0.7700035572052002
20260505_145201_616804_f00ca076,teacher_15b,blur,1.0,22.89194366950799,0.8013371825218201,0.21595609188079834,0.9162575006484985,0.6758590340614319
20260505_145201_616804_f00ca076,student_l1b_c,blur,1.0,18.316372819980376,0.639049232006073,0.33183252811431885,0.9099205732345581,0.6913719773292542
20260505_145201_616804_f00ca076,teacher_15b,blur,2.0,22.638484326631207,0.7697102427482605,0.35069918632507324,0.8592842817306519,0.6273558139801025
20260505_145201_616804_f00ca076,student_l1b_c,blur,2.0,19.37205645431796,0.6178958415985107,0.4801991283893585,0.7725239992141724,0.458040714263916
20260505_145201_616804_f00ca076,teacher_15b,noise,0.01,24.47231025390606,0.8252164125442505,0.14363718032836914,0.945648193359375,0.7005569338798523
20260505_145201_616804_f00ca076,student_l1b_c,noise,0.01,19.078183963693217,0.6391755938529968,0.2835853695869446,0.8981349468231201,0.7753810286521912
20260505_145201_616804_f00ca076,teacher_15b,noise,0.03,23.39958462568397,0.7046672105789185,0.364196240901947,0.907909631729126,0.7998989224433899
20260505_145201_616804_f00ca076,student_l1b_c,noise,0.03,18.177668264628622,0.4973375201225281,0.5417267680168152,0.8606762886047363,0.7602565288543701
20260505_151137_0e5f0f67,teacher_15b,clean,0.0,18.613005770690883,0.5748218297958374,0.25804048776626587,0.9196676015853882,0.9321458339691162
20260505_151137_0e5f0f67,student_l1b_c,clean,0.0,17.396747423205976,0.5510543584823608,0.297274112701416,0.8840234279632568,0.913354754447937
20260505_151137_0e5f0f67,teacher_15b,exposure,0.8,19.02775806178582,0.5816602110862732,0.2626360058784485,0.9245902299880981,0.9275696277618408
20260505_151137_0e5f0f67,student_l1b_c,exposure,0.8,18.019855409858614,0.5636169910430908,0.3014543652534485,0.881543755531311,0.9145869612693787
20260505_151137_0e5f0f67,teacher_15b,exposure,1.2,17.88019684944108,0.5557171702384949,0.25794580578804016,0.9245439171791077,0.9262780547142029
20260505_151137_0e5f0f67,student_l1b_c,exposure,1.2,16.04571343458678,0.5163149833679199,0.30783772468566895,0.880205512046814,0.9034668803215027
20260505_151137_0e5f0f67,teacher_15b,gamma,0.8,18.46932014117567,0.5734169483184814,0.260047048330307,0.920865535736084,0.9320991039276123
20260505_151137_0e5f0f67,student_l1b_c,gamma,0.8,17.195516386134354,0.5470334887504578,0.2980491518974304,0.8823772668838501,0.9134036302566528
20260505_151137_0e5f0f67,teacher_15b,gamma,1.2,18.709195115515588,0.5761293768882751,0.2576674520969391,0.9237841367721558,0.9291619658470154
20260505_151137_0e5f0f67,student_l1b_c,gamma,1.2,17.6516325929984,0.5554953813552856,0.29983004927635193,0.8862599730491638,0.9125995635986328
20260505_151137_0e5f0f67,teacher_15b,blur,1.0,16.710086345742365,0.5156084299087524,0.43774133920669556,0.8350342512130737,0.8196427226066589
20260505_151137_0e5f0f67,student_l1b_c,blur,1.0,15.876164124140733,0.4992237985134125,0.512510359287262,0.8710421919822693,0.8686208724975586
20260505_151137_0e5f0f67,teacher_15b,blur,2.0,13.722880921408331,0.4195171594619751,0.6788036227226257,0.7289626002311707,0.41845184564590454
20260505_151137_0e5f0f67,student_l1b_c,blur,2.0,13.756030041732421,0.41922006011009216,0.7313522696495056,0.7018609046936035,0.4879848062992096
20260505_151137_0e5f0f67,teacher_15b,noise,0.01,17.732326684358824,0.5705816745758057,0.2959899306297302,0.8937685489654541,0.9251102209091187
20260505_151137_0e5f0f67,student_l1b_c,noise,0.01,17.394707197782946,0.5409090518951416,0.3489818871021271,0.8701154589653015,0.9116895198822021
20260505_151137_0e5f0f67,teacher_15b,noise,0.03,15.301095699446101,0.4496777653694153,0.47530239820480347,0.8027818202972412,0.8731697797775269
20260505_151137_0e5f0f67,student_l1b_c,noise,0.03,14.63277105739406,0.3778839707374573,0.5495426058769226,0.7762022018432617,0.786771297454834
20260505_144201_871785_f00ca076,teacher_15b,clean,0.0,26.83548628368445,0.8394834995269775,0.09263063967227936,0.9742632508277893,0.9691426753997803
20260505_144201_871785_f00ca076,student_l1b_c,clean,0.0,24.679324693675802,0.7800427675247192,0.14349013566970825,0.9428776502609253,0.9336708784103394
20260505_144201_871785_f00ca076,teacher_15b,exposure,0.8,24.977651722329345,0.8329676389694214,0.09761910140514374,0.9723471403121948,0.9691275358200073
20260505_144201_871785_f00ca076,student_l1b_c,exposure,0.8,23.27462877065583,0.7770000696182251,0.14842064678668976,0.9307492971420288,0.9397465586662292
20260505_144201_871785_f00ca076,teacher_15b,exposure,1.2,26.11116469802521,0.8347246646881104,0.09716810286045074,0.9681992530822754,0.965479850769043
20260505_144201_871785_f00ca076,student_l1b_c,exposure,1.2,22.650950142696686,0.7682602405548096,0.1515698879957199,0.9470565319061279,0.9167404174804688
20260505_144201_871785_f00ca076,teacher_15b,gamma,0.8,26.843712569154846,0.8387781977653503,0.09224116057157516,0.9725887775421143,0.9705123901367188
20260505_144201_871785_f00ca076,student_l1b_c,gamma,0.8,24.27381201488719,0.7762026190757751,0.14718268811702728,0.9430744051933289,0.9291048645973206
20260505_144201_871785_f00ca076,teacher_15b,gamma,1.2,26.80228039679479,0.8401288986206055,0.09313783049583435,0.977056622505188,0.9675450325012207
20260505_144201_871785_f00ca076,student_l1b_c,gamma,1.2,24.956924274974423,0.7819501757621765,0.14087681472301483,0.9351955652236938,0.9383703470230103
20260505_144201_871785_f00ca076,teacher_15b,blur,1.0,24.782603035898862,0.7775816917419434,0.28885892033576965,0.9173763990402222,0.9281936883926392
20260505_144201_871785_f00ca076,student_l1b_c,blur,1.0,21.81872726815375,0.7043541669845581,0.3507547378540039,0.9007886052131653,0.8835645318031311
20260505_144201_871785_f00ca076,teacher_15b,blur,2.0,18.260024635113915,0.6344383955001831,0.5086461305618286,0.7730410695075989,0.6564185619354248
20260505_144201_871785_f00ca076,student_l1b_c,blur,2.0,19.72293180097037,0.5784868597984314,0.5578285455703735,0.7668599486351013,0.7609041929244995
20260505_144201_871785_f00ca076,teacher_15b,noise,0.01,25.269553731114986,0.8039631247520447,0.12302049994468689,0.958229660987854,0.9484996795654297
20260505_144201_871785_f00ca076,student_l1b_c,noise,0.01,22.706474053461726,0.7295264005661011,0.19409912824630737,0.8912241458892822,0.8555650115013123
20260505_144201_871785_f00ca076,teacher_15b,noise,0.03,22.556342276700832,0.6532990336418152,0.28658178448677063,0.825147807598114,0.8187451362609863
20260505_144201_871785_f00ca076,student_l1b_c,noise,0.03,13.824731486223634,0.4903137683868408,0.44836339354515076,0.7085995674133301,0.7142537832260132
20260505_125910_990681_a473e239,teacher_15b,clean,0.0,24.1390162684458,0.7206985354423523,0.08637436479330063,0.9331756234169006,0.9468976259231567
20260505_125910_990681_a473e239,student_l1b_c,clean,0.0,22.25290044023868,0.6346516013145447,0.1353958398103714,0.9209643602371216,0.9221960306167603
20260505_125910_990681_a473e239,teacher_15b,exposure,0.8,24.03961604348848,0.7186965346336365,0.09335584938526154,0.9578888416290283,0.9386050701141357
20260505_125910_990681_a473e239,student_l1b_c,exposure,0.8,22.04961243126887,0.6343121528625488,0.14695210754871368,0.9237691164016724,0.9304826259613037
20260505_125910_990681_a473e239,teacher_15b,exposure,1.2,23.900826057322462,0.7171467542648315,0.08461958169937134,0.9462577104568481,0.9494645595550537
20260505_125910_990681_a473e239,student_l1b_c,exposure,1.2,21.78641044596975,0.622898280620575,0.14067409932613373,0.9163576364517212,0.9111412167549133
20260505_125910_990681_a473e239,teacher_15b,gamma,0.8,24.124600645456916,0.7206395864486694,0.08674914389848709,0.9660974144935608,0.9455915689468384
20260505_125910_990681_a473e239,student_l1b_c,gamma,0.8,22.262059923835235,0.6356287002563477,0.13626880943775177,0.925866425037384,0.9245911836624146
20260505_125910_990681_a473e239,teacher_15b,gamma,1.2,24.14726629330754,0.7204647064208984,0.08661675453186035,0.9495550990104675,0.9475510120391846
20260505_125910_990681_a473e239,student_l1b_c,gamma,1.2,22.23034714137032,0.6334043741226196,0.13599751889705658,0.920027494430542,0.920915961265564
20260505_125910_990681_a473e239,teacher_15b,blur,1.0,22.323784963779232,0.6202659606933594,0.3075471520423889,0.9176220297813416,0.901229977607727
20260505_125910_990681_a473e239,student_l1b_c,blur,1.0,17.532482595427435,0.47444701194763184,0.4356282353401184,0.8795844316482544,0.727806568145752
20260505_125910_990681_a473e239,teacher_15b,blur,2.0,14.162351690769855,0.2807386517524719,0.6909508109092712,0.7553527355194092,0.5731801986694336
20260505_125910_990681_a473e239,student_l1b_c,blur,2.0,12.6822241630712,0.2428218126296997,0.780810534954071,0.7623563408851624,0.6244713664054871
20260505_125910_990681_a473e239,teacher_15b,noise,0.01,24.056138170431165,0.7101701498031616,0.08613954484462738,0.9130242466926575,0.9377816915512085
20260505_125910_990681_a473e239,student_l1b_c,noise,0.01,22.123892041910686,0.6235001683235168,0.13523806631565094,0.9211106300354004,0.918979287147522
20260505_125910_990681_a473e239,teacher_15b,noise,0.03,23.09681023388172,0.6517136693000793,0.11962814629077911,0.8494965434074402,0.9023251533508301
20260505_125910_990681_a473e239,student_l1b_c,noise,0.03,20.73605655844915,0.5420188903808594,0.1983869969844818,0.8402228355407715,0.8536064624786377
20260505_145317_17c16bd0,teacher_15b,clean,0.0,17.232225358609515,0.8901481032371521,0.1322343349456787,0.9232413172721863,0.7692248225212097
20260505_145317_17c16bd0,student_l1b_c,clean,0.0,16.808253713800646,0.8905262351036072,0.15194134414196014,0.9030001163482666,0.7647925615310669
20260505_145317_17c16bd0,teacher_15b,exposure,0.8,14.757514705589012,0.8526176810264587,0.16103166341781616,0.9200284481048584,0.7506066560745239
20260505_145317_17c16bd0,student_l1b_c,exposure,0.8,15.397590780048168,0.8710296154022217,0.16885267198085785,0.912208080291748,0.7651330232620239
20260505_145317_17c16bd0,teacher_15b,exposure,1.2,18.413974848540768,0.9024266004562378,0.12466183304786682,0.933772623538971,0.7654187679290771
20260505_145317_17c16bd0,student_l1b_c,exposure,1.2,19.008236661584373,0.9091302752494812,0.1339830756187439,0.9035254120826721,0.8133161664009094
20260505_145317_17c16bd0,teacher_15b,gamma,0.8,16.50200936096291,0.8821436762809753,0.13862675428390503,0.9206715822219849,0.8013772964477539
20260505_145317_17c16bd0,student_l1b_c,gamma,0.8,16.784098643817217,0.8912489414215088,0.15498004853725433,0.9089511632919312,0.7674005627632141
20260505_145317_17c16bd0,teacher_15b,gamma,1.2,17.593830605739722,0.8928697109222412,0.1301669180393219,0.9190692901611328,0.7556465864181519
20260505_145317_17c16bd0,student_l1b_c,gamma,1.2,16.760467740936946,0.8891183137893677,0.15157005190849304,0.9016669988632202,0.7729018926620483
20260505_145317_17c16bd0,teacher_15b,blur,1.0,19.003163413339863,0.8924805521965027,0.20825079083442688,0.8973597288131714,0.7205098867416382
20260505_145317_17c16bd0,student_l1b_c,blur,1.0,16.891602790227143,0.8668140769004822,0.2649451196193695,0.8639079928398132,0.5812710523605347
20260505_145317_17c16bd0,teacher_15b,blur,2.0,17.004703486072646,0.8538097143173218,0.30517852306365967,0.8232661485671997,0.5133405327796936
20260505_145317_17c16bd0,student_l1b_c,blur,2.0,14.386680239298755,0.7892078161239624,0.4418873190879822,0.8069108128547668,0.3124517500400543
20260505_145317_17c16bd0,teacher_15b,noise,0.01,15.794850916389201,0.7893940210342407,0.34751754999160767,0.8898345232009888,0.6621111035346985
20260505_145317_17c16bd0,student_l1b_c,noise,0.01,16.24938862315485,0.8056917190551758,0.3649669587612152,0.8480924367904663,0.5261209011077881
20260505_145317_17c16bd0,teacher_15b,noise,0.03,15.865364999591701,0.600902795791626,0.6019731163978577,0.8547251224517822,0.4028282165527344
20260505_145317_17c16bd0,student_l1b_c,noise,0.03,21.164785626945925,0.5909712314605713,0.6219429969787598,0.9146523475646973,0.7499592304229736
20260505_154720_0c4eecad,teacher_15b,clean,0.0,22.460080387838318,0.7732470035552979,0.13082581758499146,0.8700634241104126,0.8982447385787964
20260505_154720_0c4eecad,student_l1b_c,clean,0.0,19.728142014485492,0.6979542970657349,0.20297907292842865,0.7877233028411865,0.8572046160697937
20260505_154720_0c4eecad,teacher_15b,exposure,0.8,22.219650460343168,0.7656475901603699,0.13358992338180542,0.8690268993377686,0.8948309421539307
20260505_154720_0c4eecad,student_l1b_c,exposure,0.8,19.140708183131018,0.6806148886680603,0.21251335740089417,0.7851241827011108,0.8563297986984253
20260505_154720_0c4eecad,teacher_15b,exposure,1.2,22.292123489344377,0.7732118368148804,0.1341811865568161,0.8702442646026611,0.9012988805770874
20260505_154720_0c4eecad,student_l1b_c,exposure,1.2,19.539975451980922,0.7013164758682251,0.203035369515419,0.7831557393074036,0.8485392332077026
20260505_154720_0c4eecad,teacher_15b,gamma,0.8,22.453006067359148,0.7744956016540527,0.13097435235977173,0.8698918223381042,0.8963037729263306
20260505_154720_0c4eecad,student_l1b_c,gamma,0.8,19.623115257961402,0.6994161009788513,0.2041378617286682,0.7814257740974426,0.8628139495849609
20260505_154720_0c4eecad,teacher_15b,gamma,1.2,22.44842773745382,0.771087110042572,0.131061851978302,0.8719419836997986,0.8998675346374512
20260505_154720_0c4eecad,student_l1b_c,gamma,1.2,19.73615024816954,0.6941887736320496,0.2031852900981903,0.7854254245758057,0.8503831624984741
20260505_154720_0c4eecad,teacher_15b,blur,1.0,19.566056642102346,0.5907474756240845,0.39176294207572937,0.7769683003425598,0.7075761556625366
20260505_154720_0c4eecad,student_l1b_c,blur,1.0,17.15942968810482,0.5395195484161377,0.47059398889541626,0.8130977153778076,0.7323971390724182
20260505_154720_0c4eecad,teacher_15b,blur,2.0,14.21095428203638,0.4112703502178192,0.6594139337539673,0.6735048890113831,0.5659533143043518
20260505_154720_0c4eecad,student_l1b_c,blur,2.0,14.939977637251022,0.43811318278312683,0.6653804779052734,0.6940481662750244,0.5776265263557434
20260505_154720_0c4eecad,teacher_15b,noise,0.01,22.43069198510402,0.7508189082145691,0.13651089370250702,0.8595930337905884,0.8823277354240417
20260505_154720_0c4eecad,student_l1b_c,noise,0.01,19.38860036338908,0.6751288175582886,0.2140544354915619,0.7727982997894287,0.8425449728965759
20260505_154720_0c4eecad,teacher_15b,noise,0.03,20.812693600149764,0.6397602558135986,0.23108528554439545,0.8048806190490723,0.7860574126243591
20260505_154720_0c4eecad,student_l1b_c,noise,0.03,16.924861703748633,0.5710533857345581,0.3196331858634949,0.6460994482040405,0.7101048231124878
20260505_152349_0c4eecad,teacher_15b,clean,0.0,22.311279287986864,0.7485877871513367,0.13174930214881897,0.88687664270401,0.9370965957641602
20260505_152349_0c4eecad,student_l1b_c,clean,0.0,20.61301936858568,0.7025941610336304,0.17875894904136658,0.8565747737884521,0.783910870552063
20260505_152349_0c4eecad,teacher_15b,exposure,0.8,22.402668465466423,0.7459666132926941,0.13859207928180695,0.8999061584472656,0.9350485801696777
20260505_152349_0c4eecad,student_l1b_c,exposure,0.8,20.40758846238759,0.6974017024040222,0.19085699319839478,0.8589874505996704,0.7893473505973816
20260505_152349_0c4eecad,teacher_15b,exposure,1.2,21.560077247698448,0.7417745590209961,0.1329251378774643,0.8810927867889404,0.9380146265029907
20260505_152349_0c4eecad,student_l1b_c,exposure,1.2,19.745280801587477,0.6960796117782593,0.1769837886095047,0.8721064329147339,0.7990990877151489
20260505_152349_0c4eecad,teacher_15b,gamma,0.8,22.233611889217052,0.7471424341201782,0.1338827908039093,0.8857508897781372,0.9366580843925476
20260505_152349_0c4eecad,student_l1b_c,gamma,0.8,20.506119581481556,0.7009532451629639,0.182261660695076,0.8637663125991821,0.7734371423721313
20260505_152349_0c4eecad,teacher_15b,gamma,1.2,22.401564749256387,0.7498573660850525,0.13029101490974426,0.8859713673591614,0.9363906383514404
20260505_152349_0c4eecad,student_l1b_c,gamma,1.2,20.708650326255054,0.7035503387451172,0.17696216702461243,0.866308331489563,0.7894431352615356
20260505_152349_0c4eecad,teacher_15b,blur,1.0,18.48456940755539,0.6420871019363403,0.36050722002983093,0.8711091876029968,0.7402771711349487
20260505_152349_0c4eecad,student_l1b_c,blur,1.0,16.794454533160636,0.6029434204101562,0.4243392050266266,0.8268295526504517,0.46017855405807495
20260505_152349_0c4eecad,teacher_15b,blur,2.0,14.518240182374207,0.5000078082084656,0.5874705910682678,0.7454270720481873,0.3531606197357178
20260505_152349_0c4eecad,student_l1b_c,blur,2.0,16.733884377996464,0.5110869407653809,0.5972809791564941,0.6963995099067688,0.3019077181816101
20260505_152349_0c4eecad,teacher_15b,noise,0.01,21.862332364816467,0.7299656867980957,0.13993597030639648,0.8776941299438477,0.9239635467529297
20260505_152349_0c4eecad,student_l1b_c,noise,0.01,20.34910365403064,0.6859602332115173,0.18787436187267303,0.8881250619888306,0.7420357465744019
20260505_152349_0c4eecad,teacher_15b,noise,0.03,20.400817350997762,0.6279179453849792,0.21761658787727356,0.8312445878982544,0.7540825009346008
20260505_152349_0c4eecad,student_l1b_c,noise,0.03,18.902917809794168,0.5737051963806152,0.3174276649951935,0.8428991436958313,0.7070783376693726
20260505_152546_0c4eecad,teacher_15b,clean,0.0,28.167633854114307,0.9136266708374023,0.045004952698946,0.9180561304092407,0.979165256023407
20260505_152546_0c4eecad,student_l1b_c,clean,0.0,25.99265359307516,0.906090259552002,0.07341120392084122,0.9333223700523376,0.9612329006195068
20260505_152546_0c4eecad,teacher_15b,exposure,0.8,27.490196587845205,0.9117195010185242,0.0460396409034729,0.9425098896026611,0.9778070449829102
20260505_152546_0c4eecad,student_l1b_c,exposure,0.8,25.51669058615022,0.9010555744171143,0.07791335135698318,0.9324749112129211,0.9718737602233887
20260505_152546_0c4eecad,teacher_15b,exposure,1.2,27.05283238669729,0.9105753898620605,0.046960897743701935,0.9035251140594482,0.9791929721832275
20260505_152546_0c4eecad,student_l1b_c,exposure,1.2,24.0817044116613,0.899523913860321,0.07870668917894363,0.9321864247322083,0.9537129402160645
20260505_152546_0c4eecad,teacher_15b,gamma,0.8,28.15216381544282,0.914078414440155,0.04468889161944389,0.9294052124023438,0.9787987470626831
20260505_152546_0c4eecad,student_l1b_c,gamma,0.8,26.270549560822044,0.9062427878379822,0.07292209565639496,0.9356940984725952,0.9621050953865051
20260505_152546_0c4eecad,teacher_15b,gamma,1.2,28.161736812984852,0.912981390953064,0.04534922167658806,0.9256529808044434,0.9794479608535767
20260505_152546_0c4eecad,student_l1b_c,gamma,1.2,25.775995748771614,0.9047054648399353,0.07480637729167938,0.9305275082588196,0.9608944654464722
20260505_152546_0c4eecad,teacher_15b,blur,1.0,25.312279397699925,0.85228431224823,0.18641850352287292,0.9259746074676514,0.9584004878997803
20260505_152546_0c4eecad,student_l1b_c,blur,1.0,24.920331866938366,0.8425799608230591,0.2153896987438202,0.8578937649726868,0.920753002166748
20260505_152546_0c4eecad,teacher_15b,blur,2.0,22.31152962744179,0.7196919322013855,0.43547892570495605,0.7209738492965698,0.7753928899765015
20260505_152546_0c4eecad,student_l1b_c,blur,2.0,21.619644224529075,0.6974064111709595,0.45364004373550415,0.6971904635429382,0.8485318422317505
20260505_152546_0c4eecad,teacher_15b,noise,0.01,25.978748134447734,0.8708194494247437,0.10821379721164703,0.8756105899810791,0.9655053615570068
20260505_152546_0c4eecad,student_l1b_c,noise,0.01,25.473174222427662,0.8764254450798035,0.1015472561120987,0.907698392868042,0.9533309936523438
20260505_152546_0c4eecad,teacher_15b,noise,0.03,23.69390255450643,0.7221547961235046,0.26810717582702637,0.8148064017295837,0.8802487850189209
20260505_152546_0c4eecad,student_l1b_c,noise,0.03,23.90046957034368,0.7326523661613464,0.26497194170951843,0.792949914932251,0.926979660987854
20260505_134255_582610_cf8c21ee,teacher_15b,clean,0.0,22.671884045448635,0.8599603176116943,0.10111958533525467,0.9456360936164856,0.9145218133926392
20260505_134255_582610_cf8c21ee,student_l1b_c,clean,0.0,21.40763443561219,0.8467833995819092,0.15344686806201935,0.8550074696540833,0.8294551372528076
20260505_134255_582610_cf8c21ee,teacher_15b,exposure,0.8,22.00629565299767,0.8542076945304871,0.10755307972431183,0.9308230876922607,0.8914221525192261
20260505_134255_582610_cf8c21ee,student_l1b_c,exposure,0.8,20.19923805637729,0.8380979895591736,0.16468718647956848,0.8521636724472046,0.7929190993309021
20260505_134255_582610_cf8c21ee,teacher_15b,exposure,1.2,21.87947729232873,0.8558058142662048,0.10190853476524353,0.9483357071876526,0.9164923429489136
20260505_134255_582610_cf8c21ee,student_l1b_c,exposure,1.2,20.568604470368822,0.8426420092582703,0.15224064886569977,0.8411667346954346,0.8500719666481018
20260505_134255_582610_cf8c21ee,teacher_15b,gamma,0.8,22.41165806968017,0.8563035726547241,0.10428224503993988,0.9450992941856384,0.9148005843162537
20260505_134255_582610_cf8c21ee,student_l1b_c,gamma,0.8,21.245476129360746,0.8431636691093445,0.1575125753879547,0.8247016668319702,0.81265789270401
20260505_134255_582610_cf8c21ee,teacher_15b,gamma,1.2,22.91332034561143,0.8624531626701355,0.09887217730283737,0.9521530866622925,0.9084209203720093
20260505_134255_582610_cf8c21ee,student_l1b_c,gamma,1.2,21.449932404188704,0.8486684560775757,0.15224774181842804,0.8534629940986633,0.8322573900222778
20260505_134255_582610_cf8c21ee,teacher_15b,blur,1.0,19.39020142573485,0.7689964175224304,0.31882140040397644,0.9024231433868408,0.6458609700202942
20260505_134255_582610_cf8c21ee,student_l1b_c,blur,1.0,19.18548481931428,0.7619394659996033,0.34335482120513916,0.8361574411392212,0.7850837707519531
20260505_134255_582610_cf8c21ee,teacher_15b,blur,2.0,17.522992132672726,0.6734578609466553,0.526267945766449,0.7612873315811157,0.5818599462509155
20260505_134255_582610_cf8c21ee,student_l1b_c,blur,2.0,18.172395761642377,0.6722056865692139,0.5409128665924072,0.7714049816131592,0.733403205871582
20260505_134255_582610_cf8c21ee,teacher_15b,noise,0.01,20.244731940773146,0.8218059539794922,0.15644167363643646,0.9006709456443787,0.8218699097633362
20260505_134255_582610_cf8c21ee,student_l1b_c,noise,0.01,19.144143963740632,0.8045220375061035,0.20936964452266693,0.8415764570236206,0.8626988530158997
20260505_134255_582610_cf8c21ee,teacher_15b,noise,0.03,18.15111902227168,0.7002458572387695,0.2947116494178772,0.8234817385673523,0.6608221530914307
20260505_134255_582610_cf8c21ee,student_l1b_c,noise,0.03,18.50871449437548,0.6787835955619812,0.33423393964767456,0.8670036196708679,0.6752517223358154
20260505_133711_236066_36673bd5,teacher_15b,clean,0.0,20.974461424864558,0.6857836246490479,0.20623250305652618,0.9400719404220581,0.9590957760810852
20260505_133711_236066_36673bd5,student_l1b_c,clean,0.0,18.66439643636101,0.6298645734786987,0.30060091614723206,0.9112017154693604,0.925141453742981
20260505_133711_236066_36673bd5,teacher_15b,exposure,0.8,20.575840167463525,0.6802780032157898,0.20502015948295593,0.9280158281326294,0.9564385414123535
20260505_133711_236066_36673bd5,student_l1b_c,exposure,0.8,18.51252153927463,0.6227972507476807,0.30452680587768555,0.9000637531280518,0.9232099056243896
20260505_133711_236066_36673bd5,teacher_15b,exposure,1.2,21.037888262634166,0.6862301230430603,0.2092350721359253,0.9365466833114624,0.9588693380355835
20260505_133711_236066_36673bd5,student_l1b_c,exposure,1.2,18.57857408849418,0.6331915855407715,0.3047935366630554,0.912534236907959,0.9229385256767273
20260505_133711_236066_36673bd5,teacher_15b,gamma,0.8,20.998708096751685,0.6856813430786133,0.20668791234493256,0.9397342205047607,0.9582408666610718
20260505_133711_236066_36673bd5,student_l1b_c,gamma,0.8,18.678120568171927,0.6304919719696045,0.2998727560043335,0.9145487546920776,0.92243492603302
20260505_133711_236066_36673bd5,teacher_15b,gamma,1.2,20.953573883713908,0.6857566237449646,0.20570242404937744,0.9348170757293701,0.9595634937286377
20260505_133711_236066_36673bd5,student_l1b_c,gamma,1.2,18.640427765791124,0.6283454895019531,0.30173468589782715,0.9117884635925293,0.9265227913856506
20260505_133711_236066_36673bd5,teacher_15b,blur,1.0,20.587299058210395,0.6531121134757996,0.3002420961856842,0.9177849292755127,0.9122323393821716
20260505_133711_236066_36673bd5,student_l1b_c,blur,1.0,18.09530289757617,0.6033594608306885,0.3893503248691559,0.8580357432365417,0.8853010535240173
20260505_133711_236066_36673bd5,teacher_15b,blur,2.0,17.638197990612422,0.5289703011512756,0.5819242000579834,0.8121373653411865,0.7379647493362427
20260505_133711_236066_36673bd5,student_l1b_c,blur,2.0,18.185220968315072,0.5431545972824097,0.6301817893981934,0.7992611527442932,0.6896794438362122
20260505_133711_236066_36673bd5,teacher_15b,noise,0.01,20.76527815282541,0.673595666885376,0.22068160772323608,0.898995578289032,0.9414483308792114
20260505_133711_236066_36673bd5,student_l1b_c,noise,0.01,18.650684706555786,0.6240697503089905,0.32346904277801514,0.8876758217811584,0.9013100862503052
20260505_133711_236066_36673bd5,teacher_15b,noise,0.03,17.115211967481038,0.5663108229637146,0.40682119131088257,0.74615478515625,0.7767821550369263
20260505_133711_236066_36673bd5,student_l1b_c,noise,0.03,16.657561623893518,0.5431705713272095,0.4875190854072571,0.632714569568634,0.7405092716217041
20260504_160730_d079d923,teacher_15b,clean,0.0,21.401566034663166,0.7809728384017944,0.18102169036865234,0.9625828266143799,0.8784376382827759
20260504_160730_d079d923,student_l1b_c,clean,0.0,19.069921334835577,0.7039576768875122,0.24870334565639496,0.935204267501831,0.8311775326728821
20260504_160730_d079d923,teacher_15b,exposure,0.8,19.76175383720905,0.7739046812057495,0.1888219267129898,0.9544259309768677,0.8772706985473633
20260504_160730_d079d923,student_l1b_c,exposure,0.8,18.77781318481217,0.7299374341964722,0.24898920953273773,0.9272077679634094,0.8357124328613281
20260504_160730_d079d923,teacher_15b,exposure,1.2,21.60469070821589,0.7717861533164978,0.18052752315998077,0.9664620161056519,0.8952510356903076
20260504_160730_d079d923,student_l1b_c,exposure,1.2,17.17095563560184,0.6564885973930359,0.2609380781650543,0.9536046981811523,0.8229581117630005
20260504_160730_d079d923,teacher_15b,gamma,0.8,21.24712707389807,0.7814868688583374,0.18197640776634216,0.9658487439155579,0.8749921321868896
20260504_160730_d079d923,student_l1b_c,gamma,0.8,19.021719672352056,0.7046470642089844,0.24882499873638153,0.9367204904556274,0.8299145698547363
20260504_160730_d079d923,teacher_15b,gamma,1.2,21.453326350750665,0.7804047465324402,0.18043038249015808,0.9589314460754395,0.8852640390396118
20260504_160730_d079d923,student_l1b_c,gamma,1.2,19.110801599753604,0.7071796655654907,0.24791982769966125,0.9339629411697388,0.8292572498321533
20260504_160730_d079d923,teacher_15b,blur,1.0,20.977866007761705,0.7370328903198242,0.26145344972610474,0.9647031426429749,0.8759782314300537
20260504_160730_d079d923,student_l1b_c,blur,1.0,18.776564557568566,0.6993693113327026,0.335541307926178,0.9527261257171631,0.7570145726203918
20260504_160730_d079d923,teacher_15b,blur,2.0,16.018155283448404,0.6049841642379761,0.4357265830039978,0.9248988628387451,0.815375566482544
20260504_160730_d079d923,student_l1b_c,blur,2.0,17.254500428852992,0.6140601634979248,0.4918281137943268,0.9062139987945557,0.7565109133720398
20260504_160730_d079d923,teacher_15b,noise,0.01,20.26969623241761,0.7471083402633667,0.2055654078722,0.9540343880653381,0.8515857458114624
20260504_160730_d079d923,student_l1b_c,noise,0.01,17.684212994732206,0.674250066280365,0.26344045996665955,0.9434775114059448,0.8145802617073059
20260504_160730_d079d923,teacher_15b,noise,0.03,17.425684447883636,0.5754439830780029,0.3492148518562317,0.8893754482269287,0.8143673539161682
20260504_160730_d079d923,student_l1b_c,noise,0.03,16.487441635776403,0.5574237108230591,0.3280237019062042,0.8889263272285461,0.7631891369819641
20260505_133242_995718_36673bd5,teacher_15b,clean,0.0,26.478729162727358,0.8403819799423218,0.07480745762586594,0.9841880798339844,0.9116916656494141
20260505_133242_995718_36673bd5,student_l1b_c,clean,0.0,23.222719855829258,0.7785603404045105,0.15008985996246338,0.9440364837646484,0.7295432090759277
20260505_133242_995718_36673bd5,teacher_15b,exposure,0.8,24.98486724419694,0.8407661318778992,0.07594038546085358,0.9797149896621704,0.9064688682556152
20260505_133242_995718_36673bd5,student_l1b_c,exposure,0.8,22.43378400084373,0.7825345993041992,0.1544930338859558,0.9311116933822632,0.7299728989601135
20260505_133242_995718_36673bd5,teacher_15b,exposure,1.2,26.758875598127606,0.8341234922409058,0.07869814336299896,0.9815893769264221,0.9219179153442383
20260505_133242_995718_36673bd5,student_l1b_c,exposure,1.2,22.043247501021707,0.7620062232017517,0.15786734223365784,0.9438136219978333,0.6622215509414673
20260505_133242_995718_36673bd5,teacher_15b,gamma,0.8,26.46044206834714,0.8403619527816772,0.07449151575565338,0.9790358543395996,0.9128555655479431
20260505_133242_995718_36673bd5,student_l1b_c,gamma,0.8,23.559488496249102,0.7825127840042114,0.14501729607582092,0.9457272887229919,0.7391870021820068
20260505_133242_995718_36673bd5,teacher_15b,gamma,1.2,26.439117737334314,0.840182900428772,0.07528083026409149,0.9847289323806763,0.9096500277519226
20260505_133242_995718_36673bd5,student_l1b_c,gamma,1.2,22.987542918248835,0.7758421897888184,0.15489599108695984,0.9398559331893921,0.715092122554779
20260505_133242_995718_36673bd5,teacher_15b,blur,1.0,20.414534340672045,0.7053939700126648,0.3346046209335327,0.9174113273620605,0.7511465549468994
20260505_133242_995718_36673bd5,student_l1b_c,blur,1.0,13.223160931562088,0.5891588926315308,0.4613340198993683,0.8390459418296814,0.6020601987838745
20260505_133242_995718_36673bd5,teacher_15b,blur,2.0,13.740026113319647,0.5228328704833984,0.6614064574241638,0.7324531674385071,0.34850001335144043
20260505_133242_995718_36673bd5,student_l1b_c,blur,2.0,12.604017978876351,0.5415244102478027,0.6890851259231567,0.7810198664665222,0.40990298986434937
20260505_133242_995718_36673bd5,teacher_15b,noise,0.01,25.492592740603037,0.8191027641296387,0.0900895893573761,0.9811961054801941,0.8828676342964172
20260505_133242_995718_36673bd5,student_l1b_c,noise,0.01,19.163710158039912,0.7284575700759888,0.22170262038707733,0.9410483837127686,0.6262079477310181
20260505_133242_995718_36673bd5,teacher_15b,noise,0.03,11.789771553516896,0.48003095388412476,0.4687120318412781,0.8672358393669128,0.5940769910812378
20260505_133242_995718_36673bd5,student_l1b_c,noise,0.03,12.9067428119434,0.4488047957420349,0.5555869936943054,0.836773157119751,0.6249331831932068
20260505_150705_0e5f0f67,teacher_15b,clean,0.0,18.311628983212834,0.7431241869926453,0.2174447625875473,0.9168674945831299,0.7824296951293945
20260505_150705_0e5f0f67,student_l1b_c,clean,0.0,18.693326770336913,0.7337367534637451,0.25544673204421997,0.890633225440979,0.7416427135467529
20260505_150705_0e5f0f67,teacher_15b,exposure,0.8,18.087501977045942,0.7376188635826111,0.22022241353988647,0.9273598790168762,0.7768211960792542
20260505_150705_0e5f0f67,student_l1b_c,exposure,0.8,17.94390722602997,0.7281544208526611,0.26413246989250183,0.8563862442970276,0.7103278040885925
20260505_150705_0e5f0f67,teacher_15b,exposure,1.2,17.74372043049612,0.7397526502609253,0.22465302050113678,0.9056634902954102,0.7786661386489868
20260505_150705_0e5f0f67,student_l1b_c,exposure,1.2,18.394937125100014,0.726844310760498,0.25835660099983215,0.8925641775131226,0.7460092306137085
20260505_150705_0e5f0f67,teacher_15b,gamma,0.8,18.155886389303696,0.7414801120758057,0.22170203924179077,0.9163978695869446,0.7799473404884338
20260505_150705_0e5f0f67,student_l1b_c,gamma,0.8,18.849696694099848,0.7352123260498047,0.2573954463005066,0.880203127861023,0.7419528961181641
20260505_150705_0e5f0f67,teacher_15b,gamma,1.2,18.46776913593739,0.7441355586051941,0.2134402096271515,0.9222443103790283,0.780062198638916
20260505_150705_0e5f0f67,student_l1b_c,gamma,1.2,18.44740254867525,0.7285796999931335,0.25791412591934204,0.875071108341217,0.7107656598091125
20260505_150705_0e5f0f67,teacher_15b,blur,1.0,15.16039219228512,0.6871358156204224,0.4053346812725067,0.8362743854522705,0.4933651089668274
20260505_150705_0e5f0f67,student_l1b_c,blur,1.0,16.22164074171036,0.7051305770874023,0.39235591888427734,0.8219659924507141,0.5116444230079651
20260505_150705_0e5f0f67,teacher_15b,blur,2.0,15.661477982519143,0.6500872373580933,0.5758564472198486,0.760026752948761,0.5270178318023682
20260505_150705_0e5f0f67,student_l1b_c,blur,2.0,15.289920285064289,0.6041626930236816,0.5909538269042969,0.7180408239364624,0.24942514300346375
20260505_150705_0e5f0f67,teacher_15b,noise,0.01,16.739497774372325,0.6588956117630005,0.4232316017150879,0.8715776801109314,0.6960452795028687
20260505_150705_0e5f0f67,student_l1b_c,noise,0.01,17.660451334477376,0.6727471351623535,0.4625478684902191,0.8750612139701843,0.6495615243911743
20260505_150705_0e5f0f67,teacher_15b,noise,0.03,16.149812571358957,0.5234946012496948,0.6360187530517578,0.7994874119758606,0.6819918155670166
20260505_150705_0e5f0f67,student_l1b_c,noise,0.03,16.484200908063478,0.4938194453716278,0.6663622260093689,0.7645887136459351,0.5750601887702942
20260505_135416_679489_cf8c21ee,teacher_15b,clean,0.0,31.71055592276167,0.9163731336593628,0.04934690520167351,0.9790517091751099,0.927527666091919
20260505_135416_679489_cf8c21ee,student_l1b_c,clean,0.0,27.59594756702044,0.9027465581893921,0.09592677652835846,0.9602777361869812,0.8672153353691101
20260505_135416_679489_cf8c21ee,teacher_15b,exposure,0.8,25.482275155559535,0.9127167463302612,0.05198027938604355,0.9818317890167236,0.9308689832687378
20260505_135416_679489_cf8c21ee,student_l1b_c,exposure,0.8,21.855754973828013,0.8918063044548035,0.10482686758041382,0.9569973945617676,0.85677570104599
20260505_135416_679489_cf8c21ee,teacher_15b,exposure,1.2,30.4065261296747,0.9119166135787964,0.05120009928941727,0.9798760414123535,0.9223554134368896
20260505_135416_679489_cf8c21ee,student_l1b_c,exposure,1.2,28.02533072798952,0.8984055519104004,0.10013848543167114,0.9518429636955261,0.8611788153648376
20260505_135416_679489_cf8c21ee,teacher_15b,gamma,0.8,31.684788090184995,0.9151138067245483,0.05133597552776337,0.9818994998931885,0.9272478818893433
20260505_135416_679489_cf8c21ee,student_l1b_c,gamma,0.8,27.986164218023116,0.9133071303367615,0.07957116514444351,0.9669439792633057,0.8718154430389404
20260505_135416_679489_cf8c21ee,teacher_15b,gamma,1.2,31.34443238814523,0.9174167513847351,0.04863009601831436,0.9784929752349854,0.9280612468719482
20260505_135416_679489_cf8c21ee,student_l1b_c,gamma,1.2,26.41107479534593,0.8848919868469238,0.12110351771116257,0.9275211095809937,0.8474337458610535
20260505_135416_679489_cf8c21ee,teacher_15b,blur,1.0,30.24444257281148,0.8916841745376587,0.16713842749595642,0.9669615030288696,0.9089571833610535
20260505_135416_679489_cf8c21ee,student_l1b_c,blur,1.0,28.349321050069946,0.8556556105613708,0.20548699796199799,0.958730936050415,0.7650600075721741
20260505_135416_679489_cf8c21ee,teacher_15b,blur,2.0,22.924512614390068,0.8029478788375854,0.4407399892807007,0.8890429139137268,0.6118872165679932
20260505_135416_679489_cf8c21ee,student_l1b_c,blur,2.0,22.446048386279255,0.7473320960998535,0.47578781843185425,0.891330361366272,0.5545255541801453
20260505_135416_679489_cf8c21ee,teacher_15b,noise,0.01,30.631331635859,0.8930397033691406,0.10495705157518387,0.9558819532394409,0.9194012880325317
20260505_135416_679489_cf8c21ee,student_l1b_c,noise,0.01,22.475708964818125,0.8289631605148315,0.21488057076931,0.8908578753471375,0.8073277473449707
20260505_135416_679489_cf8c21ee,teacher_15b,noise,0.03,14.650053198974964,0.6146416664123535,0.5676405429840088,0.8504220843315125,0.31519824266433716
20260505_135416_679489_cf8c21ee,student_l1b_c,noise,0.03,18.562665788759574,0.5920352339744568,0.6180728673934937,0.7866088151931763,0.6398602724075317
20260505_143306_291512_f00ca076,teacher_15b,clean,0.0,25.892275098125765,0.8767503499984741,0.09907948970794678,0.9417939186096191,0.95551997423172
20260505_143306_291512_f00ca076,student_l1b_c,clean,0.0,22.470315785069445,0.8374980688095093,0.13946250081062317,0.9250599145889282,0.9181902408599854
20260505_143306_291512_f00ca076,teacher_15b,exposure,0.8,24.988387500198293,0.8723897933959961,0.10715006291866302,0.9382050633430481,0.9532935619354248
20260505_143306_291512_f00ca076,student_l1b_c,exposure,0.8,22.886841356101655,0.8385423421859741,0.1389966458082199,0.9184838533401489,0.922775149345398
20260505_143306_291512_f00ca076,teacher_15b,exposure,1.2,25.197440601631506,0.8709063529968262,0.09849967062473297,0.9412118196487427,0.9556035399436951
20260505_143306_291512_f00ca076,student_l1b_c,exposure,1.2,20.852123216444873,0.824452817440033,0.14686478674411774,0.9191224575042725,0.9272993803024292
20260505_143306_291512_f00ca076,teacher_15b,gamma,0.8,25.947366263207353,0.8771858215332031,0.09840751439332962,0.9444499015808105,0.9545993804931641
20260505_143306_291512_f00ca076,student_l1b_c,gamma,0.8,22.320925545924148,0.8363639712333679,0.13864803314208984,0.933010458946228,0.9131765365600586
20260505_143306_291512_f00ca076,teacher_15b,gamma,1.2,25.788823069903003,0.875973641872406,0.10032843053340912,0.9445310831069946,0.9555173516273499
20260505_143306_291512_f00ca076,student_l1b_c,gamma,1.2,22.683199149846672,0.8384922742843628,0.14014945924282074,0.9226102828979492,0.923729658126831
20260505_143306_291512_f00ca076,teacher_15b,blur,1.0,22.516964775924823,0.7877130508422852,0.27224498987197876,0.9127258658409119,0.8947381377220154
20260505_143306_291512_f00ca076,student_l1b_c,blur,1.0,21.996737631602524,0.7523308992385864,0.32132548093795776,0.8961972594261169,0.899228572845459
20260505_143306_291512_f00ca076,teacher_15b,blur,2.0,18.154941859419637,0.6369748115539551,0.5308689475059509,0.8302230834960938,0.80210280418396
20260505_143306_291512_f00ca076,student_l1b_c,blur,2.0,19.845446154247522,0.6404120922088623,0.5728965401649475,0.8032455444335938,0.7541581392288208
20260505_143306_291512_f00ca076,teacher_15b,noise,0.01,25.211226911284356,0.8558435440063477,0.11259278655052185,0.922957181930542,0.9485387206077576
20260505_143306_291512_f00ca076,student_l1b_c,noise,0.01,22.94379591433796,0.8152884840965271,0.15153701603412628,0.9168545007705688,0.9091688990592957
20260505_143306_291512_f00ca076,teacher_15b,noise,0.03,22.37865689926615,0.7420835494995117,0.25664329528808594,0.8006494641304016,0.8479012250900269
20260505_143306_291512_f00ca076,student_l1b_c,noise,0.03,20.17364035459086,0.6605304479598999,0.31427764892578125,0.8456799983978271,0.8445343971252441
20260505_160143_0c4eecad,teacher_15b,clean,0.0,31.972300141382387,0.878656268119812,0.05078180134296417,0.9914632439613342,0.9564616680145264
20260505_160143_0c4eecad,student_l1b_c,clean,0.0,30.460752341606565,0.8474738001823425,0.07262268662452698,0.9727663993835449,0.8871609568595886
20260505_160143_0c4eecad,teacher_15b,exposure,0.8,30.97523004596759,0.8757902979850769,0.0564471036195755,0.9903076887130737,0.9528859853744507
20260505_160143_0c4eecad,student_l1b_c,exposure,0.8,28.888596537516907,0.8372524976730347,0.0797533169388771,0.970370352268219,0.882027268409729
20260505_160143_0c4eecad,teacher_15b,exposure,1.2,31.242409792157485,0.8785691261291504,0.04924679920077324,0.9895637631416321,0.959599494934082
20260505_160143_0c4eecad,student_l1b_c,exposure,1.2,27.979549699294246,0.8498941659927368,0.07543648034334183,0.9651027917861938,0.8855644464492798
20260505_160143_0c4eecad,teacher_15b,gamma,0.8,31.926215195972176,0.8782181739807129,0.05075922608375549,0.9915822148323059,0.9560621976852417
20260505_160143_0c4eecad,student_l1b_c,gamma,0.8,30.398111948265388,0.8445142507553101,0.07340698689222336,0.9735313653945923,0.8924395442008972
20260505_160143_0c4eecad,teacher_15b,gamma,1.2,32.01376672965798,0.8786016702651978,0.05118551850318909,0.9912236332893372,0.9561885595321655
20260505_160143_0c4eecad,student_l1b_c,gamma,1.2,30.465920657676968,0.8480092883110046,0.07369370758533478,0.9724985957145691,0.88106369972229
20260505_160143_0c4eecad,teacher_15b,blur,1.0,27.564407756093324,0.7874867916107178,0.2879374623298645,0.9674195051193237,0.9051095843315125
20260505_160143_0c4eecad,student_l1b_c,blur,1.0,26.55049458079241,0.7454213500022888,0.3266323506832123,0.9015178084373474,0.6735789775848389
20260505_160143_0c4eecad,teacher_15b,blur,2.0,19.977944724349218,0.5144245624542236,0.6760449409484863,0.8175897598266602,0.45957857370376587
20260505_160143_0c4eecad,student_l1b_c,blur,2.0,12.974042081611135,0.3820365071296692,0.8207778334617615,0.8203049302101135,0.4266975522041321
20260505_160143_0c4eecad,teacher_15b,noise,0.01,31.427051366335313,0.8666688203811646,0.06349044293165207,0.9796783924102783,0.9427613019943237
20260505_160143_0c4eecad,student_l1b_c,noise,0.01,30.023886520155788,0.830034613609314,0.08693546056747437,0.9343737363815308,0.8780002593994141
20260505_160143_0c4eecad,teacher_15b,noise,0.03,16.466007325408206,0.6475545167922974,0.28073397278785706,0.9329509735107422,0.7460766434669495
20260505_160143_0c4eecad,student_l1b_c,noise,0.03,13.427581209873278,0.48508119583129883,0.41594231128692627,0.8722571730613708,0.6172096729278564
20260505_122449_362978_a473e239,teacher_15b,clean,0.0,28.277652920777328,0.816246509552002,0.08975836634635925,0.9615755081176758,0.9721716642379761
20260505_122449_362978_a473e239,student_l1b_c,clean,0.0,25.097052138871096,0.7808489203453064,0.14424628019332886,0.9287418127059937,0.9529820084571838
20260505_122449_362978_a473e239,teacher_15b,exposure,0.8,27.791927395816472,0.8116776347160339,0.09438016265630722,0.9569270014762878,0.9768722057342529
20260505_122449_362978_a473e239,student_l1b_c,exposure,0.8,24.29493386070135,0.7763434648513794,0.1515563577413559,0.9267584085464478,0.9560664296150208
20260505_122449_362978_a473e239,teacher_15b,exposure,1.2,28.022947326724946,0.8148874640464783,0.09017331898212433,0.9560615420341492,0.9640588760375977
20260505_122449_362978_a473e239,student_l1b_c,exposure,1.2,24.639430670653375,0.7726160883903503,0.14882412552833557,0.9359801411628723,0.9460746049880981
20260505_122449_362978_a473e239,teacher_15b,gamma,0.8,28.254857875070126,0.8157290816307068,0.09046545624732971,0.9611762166023254,0.9726130366325378
20260505_122449_362978_a473e239,student_l1b_c,gamma,0.8,25.20870152760097,0.7810966968536377,0.14387451112270355,0.9258120059967041,0.9526441693305969
20260505_122449_362978_a473e239,teacher_15b,gamma,1.2,28.292299632424445,0.8163201808929443,0.08936304599046707,0.9584226608276367,0.9720329642295837
20260505_122449_362978_a473e239,student_l1b_c,gamma,1.2,24.984036289756112,0.780099093914032,0.14600294828414917,0.9236790537834167,0.9540634155273438
20260505_122449_362978_a473e239,teacher_15b,blur,1.0,25.72466187283142,0.6925618052482605,0.37294232845306396,0.9556200504302979,0.9122429490089417
20260505_122449_362978_a473e239,student_l1b_c,blur,1.0,17.955783176574396,0.6108614206314087,0.4808773398399353,0.875213086605072,0.8365697860717773
20260505_122449_362978_a473e239,teacher_15b,blur,2.0,15.300153470532948,0.5238778591156006,0.6620841026306152,0.754625678062439,0.7062997817993164
20260505_122449_362978_a473e239,student_l1b_c,blur,2.0,17.401001937103246,0.5436133146286011,0.6750166416168213,0.8346549272537231,0.7903907299041748
20260505_122449_362978_a473e239,teacher_15b,noise,0.01,27.961948692782784,0.7932385206222534,0.10145542770624161,0.9559879302978516,0.9697518348693848
20260505_122449_362978_a473e239,student_l1b_c,noise,0.01,24.695449037054097,0.7591368556022644,0.15400344133377075,0.9395577311515808,0.949107825756073
20260505_122449_362978_a473e239,teacher_15b,noise,0.03,23.977490704485426,0.6555134057998657,0.2514551877975464,0.9251636266708374,0.9425204992294312
20260505_122449_362978_a473e239,student_l1b_c,noise,0.03,22.741928808631545,0.6373872756958008,0.2608036994934082,0.9233652353286743,0.9377363920211792
20260505_125552_525800_a473e239,teacher_15b,clean,0.0,31.379970071476798,0.9022767543792725,0.045739613473415375,0.9582700729370117,0.9709999561309814
20260505_125552_525800_a473e239,student_l1b_c,clean,0.0,29.321023082566388,0.8925477862358093,0.059456054121255875,0.9511619806289673,0.9642912745475769
20260505_125552_525800_a473e239,teacher_15b,exposure,0.8,31.3418410331605,0.897864818572998,0.048065830022096634,0.9597215056419373,0.9717732667922974
20260505_125552_525800_a473e239,student_l1b_c,exposure,0.8,28.65454992365521,0.8753660917282104,0.06694073975086212,0.9637677073478699,0.9621827602386475
20260505_125552_525800_a473e239,teacher_15b,exposure,1.2,29.3324463930351,0.8968050479888916,0.048740677535533905,0.9639658331871033,0.9673779010772705
20260505_125552_525800_a473e239,student_l1b_c,exposure,1.2,28.805323975036362,0.8935319781303406,0.06085933744907379,0.9385281801223755,0.9593300819396973
20260505_125552_525800_a473e239,teacher_15b,gamma,0.8,31.66370100361265,0.9022179841995239,0.04564571753144264,0.9691896438598633,0.9716610908508301
20260505_125552_525800_a473e239,student_l1b_c,gamma,0.8,30.248594789823372,0.8894602060317993,0.061137937009334564,0.956988513469696,0.9626783132553101
20260505_125552_525800_a473e239,teacher_15b,gamma,1.2,31.15191969053587,0.901607871055603,0.04633534327149391,0.9648438692092896,0.9698694944381714
20260505_125552_525800_a473e239,student_l1b_c,gamma,1.2,28.483646048049216,0.892322301864624,0.05997627228498459,0.9493639469146729,0.9643430709838867
20260505_125552_525800_a473e239,teacher_15b,blur,1.0,25.927780964567916,0.6451538801193237,0.42583855986595154,0.9521406888961792,0.9518199563026428
20260505_125552_525800_a473e239,student_l1b_c,blur,1.0,21.19549296126745,0.6003485918045044,0.4818003475666046,0.9285093545913696,0.9131758213043213
20260505_125552_525800_a473e239,teacher_15b,blur,2.0,23.773626735247042,0.4823487401008606,0.7499709129333496,0.9045581817626953,0.8021652698516846
20260505_125552_525800_a473e239,student_l1b_c,blur,2.0,20.667809248781523,0.4691987931728363,0.7596650123596191,0.8574926257133484,0.7509581446647644
20260505_125552_525800_a473e239,teacher_15b,noise,0.01,30.349360354847104,0.8800580501556396,0.054442740976810455,0.9634338021278381,0.9651883840560913
20260505_125552_525800_a473e239,student_l1b_c,noise,0.01,28.99226360912049,0.8748618364334106,0.06337138265371323,0.9448496103286743,0.9604085683822632
20260505_125552_525800_a473e239,teacher_15b,noise,0.03,24.44501456912628,0.7524592280387878,0.13318271934986115,0.9190255403518677,0.9334350228309631
20260505_125552_525800_a473e239,student_l1b_c,noise,0.03,25.794947987827562,0.7633258104324341,0.12202667444944382,0.8751845955848694,0.9326383471488953
20260505_150712_0e5f0f67,teacher_15b,clean,0.0,20.044575593709297,0.6622825860977173,0.15745030343532562,0.9137300252914429,0.8599006533622742
20260505_150712_0e5f0f67,student_l1b_c,clean,0.0,18.86348576228893,0.6381665468215942,0.20896923542022705,0.8924182653427124,0.7449831962585449
20260505_150712_0e5f0f67,teacher_15b,exposure,0.8,20.002072682460938,0.6596004366874695,0.16192324459552765,0.9148895740509033,0.8450524806976318
20260505_150712_0e5f0f67,student_l1b_c,exposure,0.8,18.609514583861298,0.632408082485199,0.22363460063934326,0.8750954866409302,0.7371927499771118
20260505_150712_0e5f0f67,teacher_15b,exposure,1.2,19.75376899752348,0.6588622331619263,0.1592687964439392,0.9114586114883423,0.8574556112289429
20260505_150712_0e5f0f67,student_l1b_c,exposure,1.2,18.287849232102243,0.6234898567199707,0.20597822964191437,0.8796162605285645,0.7635290026664734
20260505_150712_0e5f0f67,teacher_15b,gamma,0.8,20.11607486946099,0.6618502140045166,0.1575518548488617,0.912987232208252,0.8544310331344604
20260505_150712_0e5f0f67,student_l1b_c,gamma,0.8,18.85553678249009,0.6346182823181152,0.21228104829788208,0.8879177570343018,0.748972475528717
20260505_150712_0e5f0f67,teacher_15b,gamma,1.2,19.97788033772182,0.6622768640518188,0.15788963437080383,0.9184457063674927,0.8660600185394287
20260505_150712_0e5f0f67,student_l1b_c,gamma,1.2,18.8725370845192,0.6411316394805908,0.20787402987480164,0.8951551914215088,0.7403732538223267
20260505_150712_0e5f0f67,teacher_15b,blur,1.0,17.850307334483357,0.5508099794387817,0.3424198627471924,0.8753354549407959,0.7264934778213501
20260505_150712_0e5f0f67,student_l1b_c,blur,1.0,17.50873732263319,0.5393582582473755,0.3507879972457886,0.797332227230072,0.6521598100662231
20260505_150712_0e5f0f67,teacher_15b,blur,2.0,13.53016115325175,0.2880787253379822,0.745085597038269,0.6624218821525574,0.32970118522644043
20260505_150712_0e5f0f67,student_l1b_c,blur,2.0,10.46559852136057,0.2214144468307495,0.8223040103912354,0.6796962022781372,0.41360044479370117
20260505_150712_0e5f0f67,teacher_15b,noise,0.01,19.953728766721653,0.6557257771492004,0.1664547324180603,0.9234312176704407,0.8318160176277161
20260505_150712_0e5f0f67,student_l1b_c,noise,0.01,19.31793685114596,0.63251131772995,0.21171806752681732,0.9015058279037476,0.7531619071960449
20260505_150712_0e5f0f67,teacher_15b,noise,0.03,17.950194841241466,0.6076531410217285,0.21642111241817474,0.8797970414161682,0.6771433353424072
20260505_150712_0e5f0f67,student_l1b_c,noise,0.03,17.04337251760267,0.5439688563346863,0.2559981346130371,0.7804678678512573,0.6001304388046265
20260505_152910_0c4eecad,teacher_15b,clean,0.0,20.566598458627436,0.6255980730056763,0.29856768250465393,0.7703430652618408,0.7284583449363708
20260505_152910_0c4eecad,student_l1b_c,clean,0.0,18.081768714008483,0.5618941783905029,0.43783143162727356,0.7252134084701538,0.5002199411392212
20260505_152910_0c4eecad,teacher_15b,exposure,0.8,20.085717733563616,0.6203314661979675,0.3075883984565735,0.7669371366500854,0.722122073173523
20260505_152910_0c4eecad,student_l1b_c,exposure,0.8,18.44245216914204,0.5674170255661011,0.44308021664619446,0.7288626432418823,0.4988306164741516
20260505_152910_0c4eecad,teacher_15b,exposure,1.2,20.36995471085545,0.6242930293083191,0.29793235659599304,0.7757905125617981,0.7599257230758667
20260505_152910_0c4eecad,student_l1b_c,exposure,1.2,16.77612292381434,0.5498811602592468,0.4422633945941925,0.7405444383621216,0.5096336603164673
20260505_152910_0c4eecad,teacher_15b,gamma,0.8,20.577183334475176,0.6260215640068054,0.29722774028778076,0.7800869941711426,0.7530239820480347
20260505_152910_0c4eecad,student_l1b_c,gamma,0.8,17.9883165131736,0.5627485513687134,0.4382370710372925,0.7390570044517517,0.5421333312988281
20260505_152910_0c4eecad,teacher_15b,gamma,1.2,20.49949768546801,0.6245629787445068,0.30414241552352905,0.7545228600502014,0.7086158394813538
20260505_152910_0c4eecad,student_l1b_c,gamma,1.2,18.20265738333135,0.5624016523361206,0.4405295252799988,0.7263206243515015,0.4865140914916992
20260505_152910_0c4eecad,teacher_15b,blur,1.0,17.35203182625237,0.5645722150802612,0.48838406801223755,0.7426961660385132,0.5382225513458252
20260505_152910_0c4eecad,student_l1b_c,blur,1.0,16.129809591827584,0.535395085811615,0.563603937625885,0.7002049684524536,0.39051270484924316
20260505_152910_0c4eecad,teacher_15b,blur,2.0,14.853117778845373,0.5002045631408691,0.6628456711769104,0.6870574355125427,0.42969831824302673
20260505_152910_0c4eecad,student_l1b_c,blur,2.0,14.960710866933258,0.500127375125885,0.706866443157196,0.7293448448181152,0.23709256947040558
20260505_152910_0c4eecad,teacher_15b,noise,0.01,19.42361792902417,0.577695369720459,0.3976402282714844,0.7586549520492554,0.6180698871612549
20260505_152910_0c4eecad,student_l1b_c,noise,0.01,17.803384277569354,0.5284147262573242,0.4969160854816437,0.7009249329566956,0.41729411482810974
20260505_152910_0c4eecad,teacher_15b,noise,0.03,17.581042357497978,0.4607343077659607,0.6404028534889221,0.6815812587738037,0.16676384210586548
20260505_152910_0c4eecad,student_l1b_c,noise,0.03,17.161054304768964,0.44523608684539795,0.6723842620849609,0.6915693283081055,0.20300625264644623
20260505_131046_755360_a473e239,teacher_15b,clean,0.0,28.254159038510874,0.854102611541748,0.10356926172971725,0.9343036413192749,0.8418957591056824
20260505_131046_755360_a473e239,student_l1b_c,clean,0.0,29.042115375749358,0.8239068984985352,0.13454486429691315,0.9351938962936401,0.8955113887786865
20260505_131046_755360_a473e239,teacher_15b,exposure,0.8,30.131960321777413,0.8502755165100098,0.10769477486610413,0.9378173351287842,0.8379576206207275
20260505_131046_755360_a473e239,student_l1b_c,exposure,0.8,26.4424496090175,0.8128513097763062,0.14889243245124817,0.9374278783798218,0.8795166015625
20260505_131046_755360_a473e239,teacher_15b,exposure,1.2,25.458364862730964,0.8481863737106323,0.10682204365730286,0.9297553300857544,0.8519248366355896
20260505_131046_755360_a473e239,student_l1b_c,exposure,1.2,24.752133579040144,0.8177713751792908,0.13698188960552216,0.9254398941993713,0.8871002197265625
20260505_131046_755360_a473e239,teacher_15b,gamma,0.8,28.01559685814744,0.8518893122673035,0.10581159591674805,0.9312217831611633,0.8344242572784424
20260505_131046_755360_a473e239,student_l1b_c,gamma,0.8,28.40966854899996,0.8181949853897095,0.13721390068531036,0.9423550367355347,0.8942762017250061
20260505_131046_755360_a473e239,teacher_15b,gamma,1.2,28.53203532866114,0.8547395467758179,0.10227903723716736,0.9382494688034058,0.8479900360107422
20260505_131046_755360_a473e239,student_l1b_c,gamma,1.2,29.462019886841407,0.8251352310180664,0.13605134189128876,0.9392279982566833,0.8942050933837891
20260505_131046_755360_a473e239,teacher_15b,blur,1.0,27.427886475768965,0.8069357872009277,0.2686213254928589,0.9233660101890564,0.8148623704910278
20260505_131046_755360_a473e239,student_l1b_c,blur,1.0,20.38610985632665,0.6608424186706543,0.3882489502429962,0.8693050742149353,0.7428485155105591
20260505_131046_755360_a473e239,teacher_15b,blur,2.0,17.76660379588484,0.6197161078453064,0.5508933067321777,0.7751346230506897,0.41519883275032043
20260505_131046_755360_a473e239,student_l1b_c,blur,2.0,17.15549560320855,0.5927833318710327,0.5843930244445801,0.7794577479362488,0.430297315120697
20260505_131046_755360_a473e239,teacher_15b,noise,0.01,30.46164797493296,0.8349255919456482,0.14270055294036865,0.9388326406478882,0.8104110360145569
20260505_131046_755360_a473e239,student_l1b_c,noise,0.01,27.38826473316439,0.777135968208313,0.19940613210201263,0.9072222709655762,0.8043960332870483
20260505_131046_755360_a473e239,teacher_15b,noise,0.03,17.623536289003454,0.6151735782623291,0.4510495960712433,0.8203124403953552,0.6409430503845215
20260505_131046_755360_a473e239,student_l1b_c,noise,0.03,15.298631039164741,0.4896005094051361,0.5010726451873779,0.8247840404510498,0.5443310737609863
20260505_140457_807281_cf8c21ee,teacher_15b,clean,0.0,29.738729380400166,0.9221014976501465,0.03233157843351364,0.9611810445785522,0.8986659049987793
20260505_140457_807281_cf8c21ee,student_l1b_c,clean,0.0,27.71387817146366,0.8819223642349243,0.06475614011287689,0.9484968781471252,0.8864129185676575
20260505_140457_807281_cf8c21ee,teacher_15b,exposure,0.8,28.823503099338424,0.91748046875,0.0379597507417202,0.9678346514701843,0.9126600027084351
20260505_140457_807281_cf8c21ee,student_l1b_c,exposure,0.8,26.460791640773756,0.8756558895111084,0.06770738214254379,0.950234055519104,0.8875100612640381
20260505_140457_807281_cf8c21ee,teacher_15b,exposure,1.2,26.850095578506842,0.9082236289978027,0.03603541851043701,0.9618765115737915,0.8930587768554688
20260505_140457_807281_cf8c21ee,student_l1b_c,exposure,1.2,24.70837740267757,0.8614213466644287,0.07718043774366379,0.9314177632331848,0.8811851739883423
20260505_140457_807281_cf8c21ee,teacher_15b,gamma,0.8,29.556109159281473,0.9213020205497742,0.033004116266965866,0.961479663848877,0.8985008597373962
20260505_140457_807281_cf8c21ee,student_l1b_c,gamma,0.8,27.32908598637334,0.8800827860832214,0.06618017703294754,0.9517456293106079,0.8849271535873413
20260505_140457_807281_cf8c21ee,teacher_15b,gamma,1.2,29.847011649308648,0.9220167994499207,0.03241616487503052,0.9613512754440308,0.9004620313644409
20260505_140457_807281_cf8c21ee,student_l1b_c,gamma,1.2,27.862872285128578,0.8811468482017517,0.06525537371635437,0.9447579979896545,0.8885974884033203
20260505_140457_807281_cf8c21ee,teacher_15b,blur,1.0,24.650965451064923,0.8173837661743164,0.24679234623908997,0.9462295770645142,0.8636122345924377
20260505_140457_807281_cf8c21ee,student_l1b_c,blur,1.0,23.631803047120012,0.7692190408706665,0.2964208424091339,0.9138597249984741,0.8242135047912598
20260505_140457_807281_cf8c21ee,teacher_15b,blur,2.0,16.368221234731436,0.5644716024398804,0.5747397541999817,0.7622714042663574,0.7292762398719788
20260505_140457_807281_cf8c21ee,student_l1b_c,blur,2.0,17.119423084678626,0.5687596797943115,0.5940773487091064,0.8000244498252869,0.6923036575317383
20260505_140457_807281_cf8c21ee,teacher_15b,noise,0.01,29.87451576702153,0.9122409820556641,0.033146291971206665,0.9395052194595337,0.8937435150146484
20260505_140457_807281_cf8c21ee,student_l1b_c,noise,0.01,27.3933623012714,0.8690789937973022,0.07117302715778351,0.9276019334793091,0.8650778532028198
20260505_140457_807281_cf8c21ee,teacher_15b,noise,0.03,21.862929222663595,0.7931509017944336,0.11953135579824448,0.8855069875717163,0.819945216178894
20260505_140457_807281_cf8c21ee,student_l1b_c,noise,0.03,17.711080953097614,0.6943559050559998,0.2366451472043991,0.8012577295303345,0.79604172706604
20260505_125805_751163_a473e239,teacher_15b,clean,0.0,24.19551900336529,0.7230738997459412,0.07576106488704681,0.9653786420822144,0.9431177377700806
20260505_125805_751163_a473e239,student_l1b_c,clean,0.0,22.086338564156918,0.6343978643417358,0.12963157892227173,0.9216890335083008,0.8833841681480408
20260505_125805_751163_a473e239,teacher_15b,exposure,0.8,24.06618908821426,0.7213665246963501,0.08383195102214813,0.954633355140686,0.9424259662628174
20260505_125805_751163_a473e239,student_l1b_c,exposure,0.8,21.891136051533028,0.6337933540344238,0.13889996707439423,0.9113385081291199,0.8664336800575256
20260505_125805_751163_a473e239,teacher_15b,exposure,1.2,23.95975838836224,0.7192832827568054,0.07443898916244507,0.9560840725898743,0.9449012875556946
20260505_125805_751163_a473e239,student_l1b_c,exposure,1.2,21.666155177154963,0.6233299970626831,0.1365996152162552,0.9320521950721741,0.8851652145385742
20260505_125805_751163_a473e239,teacher_15b,gamma,0.8,24.180418981671508,0.7232325077056885,0.07620606571435928,0.9651768803596497,0.9469248056411743
20260505_125805_751163_a473e239,student_l1b_c,gamma,0.8,22.07726555852116,0.6348187923431396,0.1301480382680893,0.9251956939697266,0.8845844268798828
20260505_125805_751163_a473e239,teacher_15b,gamma,1.2,24.20360431926806,0.7226676344871521,0.0760757178068161,0.9624733328819275,0.9397352933883667
20260505_125805_751163_a473e239,student_l1b_c,gamma,1.2,22.073014020445573,0.6335906982421875,0.13060615956783295,0.9227598309516907,0.8805091381072998
20260505_125805_751163_a473e239,teacher_15b,blur,1.0,22.355066741182288,0.6204711198806763,0.316622257232666,0.9115583896636963,0.829422116279602
20260505_125805_751163_a473e239,student_l1b_c,blur,1.0,17.420265765858435,0.47786468267440796,0.43541669845581055,0.8950390219688416,0.7224953174591064
20260505_125805_751163_a473e239,teacher_15b,blur,2.0,13.992080150991377,0.2736898958683014,0.7103790044784546,0.7502389550209045,0.4468112587928772
20260505_125805_751163_a473e239,student_l1b_c,blur,2.0,12.732097138292877,0.2437138557434082,0.7891262769699097,0.7303141355514526,0.6516357660293579
20260505_125805_751163_a473e239,teacher_15b,noise,0.01,24.11448915618314,0.713570773601532,0.07542140781879425,0.9482201337814331,0.9356784224510193
20260505_125805_751163_a473e239,student_l1b_c,noise,0.01,21.95586188604257,0.6239173412322998,0.13243401050567627,0.9360142946243286,0.8989254236221313
20260505_125805_751163_a473e239,teacher_15b,noise,0.03,23.110738188883545,0.6558129787445068,0.11126351356506348,0.8647071123123169,0.895727276802063
20260505_125805_751163_a473e239,student_l1b_c,noise,0.03,20.586802712451842,0.5454151034355164,0.19520831108093262,0.8272883296012878,0.8375906944274902
20260505_151506_0e5f0f67,teacher_15b,clean,0.0,20.81252583418617,0.6576740741729736,0.22290809452533722,0.900841236114502,0.9321045279502869
20260505_151506_0e5f0f67,student_l1b_c,clean,0.0,17.993514815591695,0.5881534814834595,0.2996375262737274,0.8865061402320862,0.7969135046005249
20260505_151506_0e5f0f67,teacher_15b,exposure,0.8,20.510399528944557,0.6577834486961365,0.22830280661582947,0.8972304463386536,0.9324575066566467
20260505_151506_0e5f0f67,student_l1b_c,exposure,0.8,17.76291184320794,0.5939197540283203,0.30517879128456116,0.8810526132583618,0.790391206741333
20260505_151506_0e5f0f67,teacher_15b,exposure,1.2,20.681231421472216,0.6511563658714294,0.2242630124092102,0.89915531873703,0.9280194044113159
20260505_151506_0e5f0f67,student_l1b_c,exposure,1.2,17.588542625694295,0.570224940776825,0.30350369215011597,0.8888654112815857,0.7919617891311646
20260505_151506_0e5f0f67,teacher_15b,gamma,0.8,20.81761534198006,0.6580910086631775,0.22373783588409424,0.8908774256706238,0.9271789193153381
20260505_151506_0e5f0f67,student_l1b_c,gamma,0.8,17.996916484406388,0.5893812775611877,0.29770997166633606,0.8890682458877563,0.7940218448638916
20260505_151506_0e5f0f67,teacher_15b,gamma,1.2,20.804904685622535,0.657197892665863,0.22261196374893188,0.9068479537963867,0.9345345497131348
20260505_151506_0e5f0f67,student_l1b_c,gamma,1.2,17.99476463963231,0.5875120162963867,0.3030473589897156,0.8891857862472534,0.8007251024246216
20260505_151506_0e5f0f67,teacher_15b,blur,1.0,18.478134653959188,0.5641368627548218,0.4807818531990051,0.8328781127929688,0.7686700820922852
20260505_151506_0e5f0f67,student_l1b_c,blur,1.0,14.509467029873209,0.47716566920280457,0.5403957366943359,0.7821119427680969,0.7367057800292969
20260505_151506_0e5f0f67,teacher_15b,blur,2.0,12.6744279457561,0.40912264585494995,0.7067155838012695,0.7336556315422058,0.4290695786476135
20260505_151506_0e5f0f67,student_l1b_c,blur,2.0,12.44663803974396,0.40396711230278015,0.7216466069221497,0.7313851714134216,0.5477288961410522
20260505_151506_0e5f0f67,teacher_15b,noise,0.01,20.230577348421907,0.6358786821365356,0.23730060458183289,0.8901305794715881,0.9189903736114502
20260505_151506_0e5f0f67,student_l1b_c,noise,0.01,17.561362790747427,0.5675462484359741,0.31779035925865173,0.8870110511779785,0.7574694752693176
20260505_151506_0e5f0f67,teacher_15b,noise,0.03,18.38434367888768,0.5412842035293579,0.3312463164329529,0.8268895149230957,0.7316981554031372
20260505_151506_0e5f0f67,student_l1b_c,noise,0.03,15.926977805394419,0.4795251786708832,0.4024106562137604,0.8055803775787354,0.566627025604248
20260505_144449_145910_f00ca076,teacher_15b,clean,0.0,25.59309610683025,0.8343955874443054,0.10177828371524811,0.9443773627281189,0.9045496582984924
20260505_144449_145910_f00ca076,student_l1b_c,clean,0.0,24.552071336168186,0.8056812286376953,0.1408229023218155,0.9454368352890015,0.8755387663841248
20260505_144449_145910_f00ca076,teacher_15b,exposure,0.8,25.110162480266723,0.8320200443267822,0.10743284225463867,0.9397711753845215,0.8916500806808472
20260505_144449_145910_f00ca076,student_l1b_c,exposure,0.8,23.049995849404826,0.7994182109832764,0.14710994064807892,0.9395726323127747,0.8712865710258484
20260505_144449_145910_f00ca076,teacher_15b,exposure,1.2,24.989626309222324,0.8297308683395386,0.10440196096897125,0.9433245658874512,0.8987777233123779
20260505_144449_145910_f00ca076,student_l1b_c,exposure,1.2,23.621987847338886,0.800463855266571,0.146935373544693,0.9466203451156616,0.8693960905075073
20260505_144449_145910_f00ca076,teacher_15b,gamma,0.8,25.53254484823567,0.8342971801757812,0.10233663767576218,0.941718339920044,0.9041434526443481
20260505_144449_145910_f00ca076,student_l1b_c,gamma,0.8,24.548318541220482,0.8047806620597839,0.13927993178367615,0.9455596804618835,0.8878447413444519
20260505_144449_145910_f00ca076,teacher_15b,gamma,1.2,25.60594069174492,0.834233283996582,0.10174351930618286,0.944084882736206,0.9041458964347839
20260505_144449_145910_f00ca076,student_l1b_c,gamma,1.2,24.47681507783755,0.8049100637435913,0.14359334111213684,0.950036883354187,0.8629440665245056
20260505_144449_145910_f00ca076,teacher_15b,blur,1.0,22.41246299687041,0.7435579299926758,0.328174889087677,0.8940054178237915,0.8455994129180908
20260505_144449_145910_f00ca076,student_l1b_c,blur,1.0,21.144875366709236,0.7020625472068787,0.38171422481536865,0.8862562775611877,0.7459399700164795
20260505_144449_145910_f00ca076,teacher_15b,blur,2.0,16.806224601497327,0.5630900859832764,0.6679593324661255,0.7702335715293884,0.6005626916885376
20260505_144449_145910_f00ca076,student_l1b_c,blur,2.0,16.71735502044165,0.5152396559715271,0.6963397264480591,0.7566148042678833,0.3970763683319092
20260505_144449_145910_f00ca076,teacher_15b,noise,0.01,24.899972107062602,0.8093351125717163,0.1252797693014145,0.9060268402099609,0.7994821071624756
20260505_144449_145910_f00ca076,student_l1b_c,noise,0.01,23.46219912646914,0.7667492628097534,0.17985546588897705,0.909000039100647,0.7214387655258179
20260505_144449_145910_f00ca076,teacher_15b,noise,0.03,15.095540286234556,0.5339717864990234,0.4562775790691376,0.8083044290542603,0.4898625910282135
20260505_144449_145910_f00ca076,student_l1b_c,noise,0.03,12.51397721709494,0.4556260108947754,0.5408227443695068,0.7685256004333496,0.3976602554321289
20260505_132525_952967_36673bd5,teacher_15b,clean,0.0,30.999904896624745,0.9548194408416748,0.03835364431142807,0.9748333096504211,0.8906006813049316
20260505_132525_952967_36673bd5,student_l1b_c,clean,0.0,27.138760131994633,0.9292647242546082,0.09675128012895584,0.9492751359939575,0.7938783764839172
20260505_132525_952967_36673bd5,teacher_15b,exposure,0.8,25.468944894782876,0.9464394450187683,0.055917754769325256,0.9681360125541687,0.8728229403495789
20260505_132525_952967_36673bd5,student_l1b_c,exposure,0.8,23.519757926320004,0.9228328466415405,0.10592053830623627,0.9519853591918945,0.7821204662322998
20260505_132525_952967_36673bd5,teacher_15b,exposure,1.2,31.193715705713593,0.9518611431121826,0.04867833852767944,0.9758709669113159,0.8749491572380066
20260505_132525_952967_36673bd5,student_l1b_c,exposure,1.2,27.87944965563746,0.9296518564224243,0.09924543648958206,0.9520927667617798,0.7687618732452393
20260505_132525_952967_36673bd5,teacher_15b,gamma,0.8,30.93697783662214,0.9544192552566528,0.04193161055445671,0.9743736982345581,0.892265796661377
20260505_132525_952967_36673bd5,student_l1b_c,gamma,0.8,26.688709645003087,0.9269558787345886,0.10234765708446503,0.949491024017334,0.7804151177406311
20260505_132525_952967_36673bd5,teacher_15b,gamma,1.2,30.593417751042253,0.9543681144714355,0.03709929808974266,0.9738792777061462,0.8837008476257324
20260505_132525_952967_36673bd5,student_l1b_c,gamma,1.2,26.868705114519685,0.9291006922721863,0.09509523212909698,0.9472343325614929,0.791651725769043
20260505_132525_952967_36673bd5,teacher_15b,blur,1.0,27.53374228102026,0.9293184280395508,0.14038723707199097,0.9560239315032959,0.753014087677002
20260505_132525_952967_36673bd5,student_l1b_c,blur,1.0,25.271333528231597,0.8953014612197876,0.18076427280902863,0.915438711643219,0.7398615479469299
20260505_132525_952967_36673bd5,teacher_15b,blur,2.0,18.558297074665163,0.7584028244018555,0.5104970932006836,0.8720428347587585,0.4376585781574249
20260505_132525_952967_36673bd5,student_l1b_c,blur,2.0,24.312095997319663,0.8313228487968445,0.4458213746547699,0.8938864469528198,0.5008031129837036
20260505_132525_952967_36673bd5,teacher_15b,noise,0.01,31.282727888812968,0.9354609251022339,0.07623578608036041,0.9461196064949036,0.8044754266738892
20260505_132525_952967_36673bd5,student_l1b_c,noise,0.01,24.708705411268255,0.8885464072227478,0.18634726107120514,0.9406765103340149,0.6846266984939575
20260505_132525_952967_36673bd5,teacher_15b,noise,0.03,18.39153613227926,0.7477290630340576,0.47162559628486633,0.8763312697410583,0.4252209961414337
20260505_132525_952967_36673bd5,student_l1b_c,noise,0.03,21.196734722501272,0.6435480117797852,0.5932124257087708,0.8830676078796387,0.5279093980789185
20260505_144908_293095_f00ca076,teacher_15b,clean,0.0,27.890259553882615,0.8285073637962341,0.0847354307770729,0.9766072034835815,0.907118558883667
20260505_144908_293095_f00ca076,student_l1b_c,clean,0.0,27.376760795428453,0.8195853233337402,0.10533846914768219,0.979981541633606,0.8712684512138367
20260505_144908_293095_f00ca076,teacher_15b,exposure,0.8,27.20020190732265,0.8262314796447754,0.08761126548051834,0.9769969582557678,0.9127044081687927
20260505_144908_293095_f00ca076,student_l1b_c,exposure,0.8,25.77059352486829,0.8142449855804443,0.11015133559703827,0.9796333312988281,0.859684407711029
20260505_144908_293095_f00ca076,teacher_15b,exposure,1.2,26.51752050546947,0.8261026740074158,0.0861005112528801,0.9746137261390686,0.9071261286735535
20260505_144908_293095_f00ca076,student_l1b_c,exposure,1.2,24.960129493477154,0.8152644038200378,0.111806720495224,0.9778914451599121,0.8632636070251465
20260505_144908_293095_f00ca076,teacher_15b,gamma,0.8,27.735382837172153,0.828713595867157,0.08578912913799286,0.9751778841018677,0.9047404527664185
20260505_144908_293095_f00ca076,student_l1b_c,gamma,0.8,27.108637298683572,0.8193726539611816,0.10607331991195679,0.9769266843795776,0.8842093348503113
20260505_144908_293095_f00ca076,teacher_15b,gamma,1.2,27.986039250495377,0.8279516100883484,0.08414147794246674,0.975464940071106,0.9055671691894531
20260505_144908_293095_f00ca076,student_l1b_c,gamma,1.2,27.46795825806808,0.8182787895202637,0.10683085024356842,0.9781020879745483,0.85392826795578
20260505_144908_293095_f00ca076,teacher_15b,blur,1.0,25.18120948911719,0.7677075862884521,0.26935625076293945,0.963839590549469,0.8668010234832764
20260505_144908_293095_f00ca076,student_l1b_c,blur,1.0,24.657772082137804,0.7679539918899536,0.3045821189880371,0.9534687995910645,0.6926184892654419
20260505_144908_293095_f00ca076,teacher_15b,blur,2.0,21.856226893619535,0.6482787728309631,0.5685296058654785,0.8411957025527954,0.31058695912361145
20260505_144908_293095_f00ca076,student_l1b_c,blur,2.0,16.843422384067708,0.5465366244316101,0.6610440015792847,0.8161415457725525,0.5220087766647339
20260505_144908_293095_f00ca076,teacher_15b,noise,0.01,27.27674779478862,0.8112536668777466,0.11498873680830002,0.9722979068756104,0.8771408796310425
20260505_144908_293095_f00ca076,student_l1b_c,noise,0.01,26.480026067317727,0.7880222201347351,0.1417597532272339,0.9589234590530396,0.7775205373764038
20260505_144908_293095_f00ca076,teacher_15b,noise,0.03,18.722263956101948,0.5855755805969238,0.3957291543483734,0.8559063076972961,0.43033427000045776
20260505_144908_293095_f00ca076,student_l1b_c,noise,0.03,13.666141995602574,0.4438806474208832,0.5225825309753418,0.8063828349113464,0.5601662993431091
20260505_145146_602787_f00ca076,teacher_15b,clean,0.0,30.461975801539264,0.9259933233261108,0.0328696183860302,0.9847311973571777,0.967583954334259
20260505_145146_602787_f00ca076,student_l1b_c,clean,0.0,28.709973107105636,0.8958289623260498,0.06219347566366196,0.9295883178710938,0.8537785410881042
20260505_145146_602787_f00ca076,teacher_15b,exposure,0.8,31.687977975243694,0.9256839156150818,0.03420931100845337,0.9811971187591553,0.9637733101844788
20260505_145146_602787_f00ca076,student_l1b_c,exposure,0.8,26.67055200613131,0.8929625749588013,0.06582962721586227,0.9342402219772339,0.8445701599121094
20260505_145146_602787_f00ca076,teacher_15b,exposure,1.2,26.89137769488903,0.9193958640098572,0.037250831723213196,0.9867396354675293,0.9665047526359558
20260505_145146_602787_f00ca076,student_l1b_c,exposure,1.2,24.869738320579625,0.8838076591491699,0.0708664134144783,0.9260591864585876,0.874826192855835
20260505_145146_602787_f00ca076,teacher_15b,gamma,0.8,30.736344190082487,0.9259157180786133,0.03324494510889053,0.9832928776741028,0.9677827954292297
20260505_145146_602787_f00ca076,student_l1b_c,gamma,0.8,28.15435345053478,0.8936090469360352,0.06585313379764557,0.9192484617233276,0.8321876525878906
20260505_145146_602787_f00ca076,teacher_15b,gamma,1.2,30.147236458914474,0.9255502223968506,0.03274816647171974,0.9833506345748901,0.9663256406784058
20260505_145146_602787_f00ca076,student_l1b_c,gamma,1.2,29.069310179143287,0.8965511322021484,0.06018252670764923,0.9322396516799927,0.8737577795982361
20260505_145146_602787_f00ca076,teacher_15b,blur,1.0,25.994905876501974,0.8721117973327637,0.1678754985332489,0.9109209775924683,0.9164106845855713
20260505_145146_602787_f00ca076,student_l1b_c,blur,1.0,24.93997442046462,0.8318651914596558,0.21686653792858124,0.8733816146850586,0.8247416019439697
20260505_145146_602787_f00ca076,teacher_15b,blur,2.0,17.80386333579906,0.72612065076828,0.5426715016365051,0.8022445440292358,0.57652747631073
20260505_145146_602787_f00ca076,student_l1b_c,blur,2.0,17.450394256707042,0.6987361907958984,0.597772479057312,0.8329942226409912,0.5825943946838379
20260505_145146_602787_f00ca076,teacher_15b,noise,0.01,30.209237668175206,0.903897762298584,0.053385160863399506,0.9385418891906738,0.916836678981781
20260505_145146_602787_f00ca076,student_l1b_c,noise,0.01,21.981274587348633,0.8318285942077637,0.1387353241443634,0.9057142734527588,0.7428596615791321
20260505_145146_602787_f00ca076,teacher_15b,noise,0.03,23.79131080046382,0.7184714078903198,0.24385569989681244,0.8628859519958496,0.6775997281074524
20260505_145146_602787_f00ca076,student_l1b_c,noise,0.03,15.796065387155075,0.577069878578186,0.5062088966369629,0.788521945476532,0.629065990447998
20260505_143315_293431_f00ca076,teacher_15b,clean,0.0,24.14515163003612,0.8244900107383728,0.12239404767751694,0.9037337899208069,0.9591832160949707
20260505_143315_293431_f00ca076,student_l1b_c,clean,0.0,22.77390271984848,0.801877498626709,0.1666032075881958,0.8900318145751953,0.9206468462944031
20260505_143315_293431_f00ca076,teacher_15b,exposure,0.8,23.624461116652427,0.8159949779510498,0.12519094347953796,0.9076133370399475,0.9686383605003357
20260505_143315_293431_f00ca076,student_l1b_c,exposure,0.8,22.72626647940895,0.7938286066055298,0.176491841673851,0.8880297541618347,0.939970850944519
20260505_143315_293431_f00ca076,teacher_15b,exposure,1.2,23.729671306383466,0.823470950126648,0.1254628300666809,0.9090409278869629,0.9550232291221619
20260505_143315_293431_f00ca076,student_l1b_c,exposure,1.2,21.65991134678421,0.7967085242271423,0.16737209260463715,0.8763630986213684,0.9117192029953003
20260505_143315_293431_f00ca076,teacher_15b,gamma,0.8,24.126053417748246,0.8236812949180603,0.12274609506130219,0.8981958627700806,0.9600759744644165
20260505_143315_293431_f00ca076,student_l1b_c,gamma,0.8,22.75407552296409,0.8015123605728149,0.16815869510173798,0.8917442560195923,0.927241861820221
20260505_143315_293431_f00ca076,teacher_15b,gamma,1.2,24.15775657318337,0.8247606158256531,0.12239260971546173,0.9065046906471252,0.9593443274497986
20260505_143315_293431_f00ca076,student_l1b_c,gamma,1.2,22.79347415861077,0.800734281539917,0.16657406091690063,0.8908766508102417,0.9169335961341858
20260505_143315_293431_f00ca076,teacher_15b,blur,1.0,22.520089224984453,0.7267065048217773,0.3280576169490814,0.874885082244873,0.8893486261367798
20260505_143315_293431_f00ca076,student_l1b_c,blur,1.0,21.42042916479546,0.7128192186355591,0.37039604783058167,0.8329256772994995,0.9050470590591431
20260505_143315_293431_f00ca076,teacher_15b,blur,2.0,19.82205021780045,0.6105368137359619,0.5734647512435913,0.7871904969215393,0.7842839360237122
20260505_143315_293431_f00ca076,student_l1b_c,blur,2.0,20.416405428328865,0.606528639793396,0.6274376511573792,0.7750704288482666,0.8173140287399292
20260505_143315_293431_f00ca076,teacher_15b,noise,0.01,23.715133187853212,0.7963799834251404,0.1384563446044922,0.8966456651687622,0.9373345375061035
20260505_143315_293431_f00ca076,student_l1b_c,noise,0.01,22.579355602245368,0.7800542116165161,0.17047160863876343,0.888573169708252,0.9092929363250732
20260505_143315_293431_f00ca076,teacher_15b,noise,0.03,21.54907898082572,0.6614588499069214,0.27004316449165344,0.8282572627067566,0.9070575833320618
20260505_143315_293431_f00ca076,student_l1b_c,noise,0.03,20.73255667003256,0.6396230459213257,0.3071167469024658,0.8050827980041504,0.8470933437347412
20260505_133451_046532_36673bd5,teacher_15b,clean,0.0,25.578715963978773,0.8827525973320007,0.09953421354293823,0.9679889678955078,0.9540843367576599
20260505_133451_046532_36673bd5,student_l1b_c,clean,0.0,24.878844029348627,0.8688749670982361,0.13370881974697113,0.9146714210510254,0.8495930433273315
20260505_133451_046532_36673bd5,teacher_15b,exposure,0.8,25.179014040458938,0.8822988271713257,0.09937827289104462,0.9674903154373169,0.9472917318344116
20260505_133451_046532_36673bd5,student_l1b_c,exposure,0.8,24.281578392190376,0.8713240623474121,0.1266959011554718,0.9161069989204407,0.8427330255508423
20260505_133451_046532_36673bd5,teacher_15b,exposure,1.2,24.823605938346564,0.8778618574142456,0.10353658348321915,0.9695636034011841,0.9592304229736328
20260505_133451_046532_36673bd5,student_l1b_c,exposure,1.2,23.601341027775366,0.8637368083000183,0.14155715703964233,0.9274228811264038,0.8496894240379333
20260505_133451_046532_36673bd5,teacher_15b,gamma,0.8,25.739223829521812,0.8838635683059692,0.09923230856657028,0.9690645933151245,0.9569867849349976
20260505_133451_046532_36673bd5,student_l1b_c,gamma,0.8,24.463178676678027,0.8623031377792358,0.13913732767105103,0.9183114171028137,0.8192999362945557
20260505_133451_046532_36673bd5,teacher_15b,gamma,1.2,25.5023048622591,0.8822419047355652,0.0997026264667511,0.9663114547729492,0.9505488872528076
20260505_133451_046532_36673bd5,student_l1b_c,gamma,1.2,25.234910997760466,0.8738724589347839,0.12908558547496796,0.9202693700790405,0.8618210554122925
20260505_133451_046532_36673bd5,teacher_15b,blur,1.0,22.830414113151896,0.7895247340202332,0.2617095112800598,0.9286514520645142,0.8265796899795532
20260505_133451_046532_36673bd5,student_l1b_c,blur,1.0,24.19190923599109,0.803921639919281,0.283143550157547,0.8965341448783875,0.7443532943725586
20260505_133451_046532_36673bd5,teacher_15b,blur,2.0,17.50641647944194,0.6327929496765137,0.5522171258926392,0.8102842569351196,0.6681187152862549
20260505_133451_046532_36673bd5,student_l1b_c,blur,2.0,19.67954208272995,0.6664463877677917,0.5858944058418274,0.8464794754981995,0.7992696762084961
20260505_133451_046532_36673bd5,teacher_15b,noise,0.01,24.328842632869154,0.8553131818771362,0.12538807094097137,0.9444952011108398,0.9317106604576111
20260505_133451_046532_36673bd5,student_l1b_c,noise,0.01,21.997339156866996,0.81768798828125,0.18591010570526123,0.912838339805603,0.7841423749923706
20260505_133451_046532_36673bd5,teacher_15b,noise,0.03,19.673140404365135,0.6786482334136963,0.3122760057449341,0.8868352770805359,0.6709449887275696
20260505_133451_046532_36673bd5,student_l1b_c,noise,0.03,16.68133462427934,0.6024842262268066,0.452418714761734,0.8576678037643433,0.6773600578308105
20260505_150721_17c16bd0,teacher_15b,clean,0.0,25.181569559298865,0.9096482992172241,0.04456454887986183,0.9911370873451233,0.9572511911392212
20260505_150721_17c16bd0,student_l1b_c,clean,0.0,29.346034705729494,0.904815673828125,0.04478982836008072,0.9904521703720093,0.9126455783843994
20260505_150721_17c16bd0,teacher_15b,exposure,0.8,26.659774443312322,0.9129540324211121,0.04926247522234917,0.9918291568756104,0.9571170806884766
20260505_150721_17c16bd0,student_l1b_c,exposure,0.8,28.132603971704594,0.9049956202507019,0.04821331799030304,0.9900161623954773,0.9373295903205872
20260505_150721_17c16bd0,teacher_15b,exposure,1.2,24.42809231569364,0.9054264426231384,0.044528767466545105,0.9903740286827087,0.9539854526519775
20260505_150721_17c16bd0,student_l1b_c,exposure,1.2,26.820590910929717,0.8957313895225525,0.05343523621559143,0.9876805543899536,0.8460920453071594
20260505_150721_17c16bd0,teacher_15b,gamma,0.8,25.114296932220604,0.9095321893692017,0.046200454235076904,0.9902690649032593,0.956310510635376
20260505_150721_17c16bd0,student_l1b_c,gamma,0.8,29.42953538451738,0.9064146280288696,0.045528873801231384,0.9918169975280762,0.9217283725738525
20260505_150721_17c16bd0,teacher_15b,gamma,1.2,25.317019532034948,0.9100596308708191,0.043483201414346695,0.9908421635627747,0.9574384689331055
20260505_150721_17c16bd0,student_l1b_c,gamma,1.2,29.222773499445054,0.9032310247421265,0.04499855265021324,0.9913268685340881,0.8995234966278076
20260505_150721_17c16bd0,teacher_15b,blur,1.0,23.96460891911544,0.874269425868988,0.18246765434741974,0.9785019159317017,0.9558076858520508
20260505_150721_17c16bd0,student_l1b_c,blur,1.0,23.676228946813318,0.8360201120376587,0.24744096398353577,0.945414125919342,0.7258198261260986
20260505_150721_17c16bd0,teacher_15b,blur,2.0,18.298048355322344,0.7364553213119507,0.45392972230911255,0.9117846488952637,0.5757090449333191
20260505_150721_17c16bd0,student_l1b_c,blur,2.0,19.816347366085118,0.7376694083213806,0.45520418882369995,0.920444130897522,0.6396014094352722
20260505_150721_17c16bd0,teacher_15b,noise,0.01,23.690291877063963,0.8088878393173218,0.21236340701580048,0.9541401863098145,0.815742015838623
20260505_150721_17c16bd0,student_l1b_c,noise,0.01,23.274077307622022,0.7740690112113953,0.25970691442489624,0.8688969016075134,0.4617431163787842
20260505_150721_17c16bd0,teacher_15b,noise,0.03,22.259293241990456,0.599987268447876,0.5302058458328247,0.8753987550735474,0.33235204219818115
20260505_150721_17c16bd0,student_l1b_c,noise,0.03,18.141554610039382,0.4933818280696869,0.5677092671394348,0.8472185730934143,0.21810559928417206
20260505_134038_534812_cf8c21ee,teacher_15b,clean,0.0,20.05208227552931,0.7273591756820679,0.2185201346874237,0.9118440747261047,0.8171340227127075
20260505_134038_534812_cf8c21ee,student_l1b_c,clean,0.0,20.84655074284793,0.7338864207267761,0.22125999629497528,0.8217220306396484,0.8481055498123169
20260505_134038_534812_cf8c21ee,teacher_15b,exposure,0.8,19.398371248437137,0.7228469252586365,0.22805047035217285,0.9109762907028198,0.8400710821151733
20260505_134038_534812_cf8c21ee,student_l1b_c,exposure,0.8,20.130714142856093,0.7281326651573181,0.2369709312915802,0.8125672340393066,0.8374249935150146
20260505_134038_534812_cf8c21ee,teacher_15b,exposure,1.2,20.143001227761616,0.7284181118011475,0.21444188058376312,0.9109463691711426,0.8090528249740601
20260505_134038_534812_cf8c21ee,student_l1b_c,exposure,1.2,20.388130606667303,0.7307855486869812,0.21542951464653015,0.8511470556259155,0.8492779731750488
20260505_134038_534812_cf8c21ee,teacher_15b,gamma,0.8,19.97254720899473,0.7255656123161316,0.21789321303367615,0.922135591506958,0.8184679746627808
20260505_134038_534812_cf8c21ee,student_l1b_c,gamma,0.8,20.78271928299907,0.7314597964286804,0.22317302227020264,0.8152443170547485,0.8497925996780396
20260505_134038_534812_cf8c21ee,teacher_15b,gamma,1.2,20.074732745896597,0.7286560535430908,0.21951857209205627,0.9141650199890137,0.8157287240028381
20260505_134038_534812_cf8c21ee,student_l1b_c,gamma,1.2,20.80732148176651,0.7353649139404297,0.22176089882850647,0.8198460340499878,0.8425673246383667
20260505_134038_534812_cf8c21ee,teacher_15b,blur,1.0,20.52565208082999,0.7169491052627563,0.30366361141204834,0.8443595767021179,0.79347825050354
20260505_134038_534812_cf8c21ee,student_l1b_c,blur,1.0,20.239374326142567,0.7116950750350952,0.35965242981910706,0.8502377271652222,0.8467826843261719
20260505_134038_534812_cf8c21ee,teacher_15b,blur,2.0,19.334187705071333,0.6670475006103516,0.5067100524902344,0.7575771808624268,0.7262230515480042
20260505_134038_534812_cf8c21ee,student_l1b_c,blur,2.0,19.295129217694786,0.6397820711135864,0.5912138819694519,0.8273510932922363,0.6975774765014648
20260505_134038_534812_cf8c21ee,teacher_15b,noise,0.01,20.552945621065973,0.7110990881919861,0.23591971397399902,0.9041517376899719,0.8341705203056335
20260505_134038_534812_cf8c21ee,student_l1b_c,noise,0.01,20.242360654734345,0.6987998485565186,0.23701930046081543,0.8404839634895325,0.8396729230880737
20260505_134038_534812_cf8c21ee,teacher_15b,noise,0.03,19.9543134716695,0.6056933403015137,0.38158074021339417,0.88250333070755,0.8380963802337646
20260505_134038_534812_cf8c21ee,student_l1b_c,noise,0.03,18.58161009466699,0.5582336187362671,0.39614737033843994,0.8661887645721436,0.7976656556129456
20260505_150037_17c16bd0,teacher_15b,clean,0.0,22.70332381984833,0.6531974077224731,0.16308604180812836,0.985140860080719,0.9285730719566345
20260505_150037_17c16bd0,student_l1b_c,clean,0.0,21.413735411622177,0.6415113806724548,0.18821866810321808,0.9632983803749084,0.8825362920761108
20260505_150037_17c16bd0,teacher_15b,exposure,0.8,22.829840602332677,0.6574857234954834,0.1760745644569397,0.9859715104103088,0.922198474407196
20260505_150037_17c16bd0,student_l1b_c,exposure,0.8,21.026214159524656,0.6583907604217529,0.20232750475406647,0.966485857963562,0.897246241569519
20260505_150037_17c16bd0,teacher_15b,exposure,1.2,22.48656995261491,0.6470015645027161,0.1575062870979309,0.986899733543396,0.9365935921669006
20260505_150037_17c16bd0,student_l1b_c,exposure,1.2,20.717910955941683,0.6054440140724182,0.19159314036369324,0.963253378868103,0.8691028356552124
20260505_150037_17c16bd0,teacher_15b,gamma,0.8,22.757799709994853,0.6533303260803223,0.166126549243927,0.9856331944465637,0.9280647039413452
20260505_150037_17c16bd0,student_l1b_c,gamma,0.8,21.355467281365552,0.6431768536567688,0.19261983036994934,0.9642133712768555,0.888054609298706
20260505_150037_17c16bd0,teacher_15b,gamma,1.2,22.67056799395883,0.6534621119499207,0.16142849624156952,0.9863272905349731,0.927282452583313
20260505_150037_17c16bd0,student_l1b_c,gamma,1.2,21.488932935549467,0.6425702571868896,0.18518735468387604,0.9690298438072205,0.8806765079498291
20260505_150037_17c16bd0,teacher_15b,blur,1.0,19.675984179573366,0.6276264190673828,0.3281692862510681,0.9522354602813721,0.812912106513977
20260505_150037_17c16bd0,student_l1b_c,blur,1.0,9.465184855918123,0.3447619378566742,0.629524827003479,0.8908751606941223,0.5170506238937378
20260505_150037_17c16bd0,teacher_15b,blur,2.0,8.887602387796571,0.2849278450012207,0.8438650965690613,0.8584886789321899,0.3732994794845581
20260505_150037_17c16bd0,student_l1b_c,blur,2.0,8.12082516613033,0.31525883078575134,0.8456977009773254,0.8587515950202942,0.4234125316143036
20260505_150037_17c16bd0,teacher_15b,noise,0.01,21.905737342866068,0.6234070062637329,0.17490683495998383,0.9830228090286255,0.9112311601638794
20260505_150037_17c16bd0,student_l1b_c,noise,0.01,18.115524368048238,0.5355930328369141,0.26476991176605225,0.9654155969619751,0.7586119174957275
20260505_150037_17c16bd0,teacher_15b,noise,0.03,11.552068261687882,0.3071720004081726,0.48808199167251587,0.8825888633728027,0.5426720380783081
20260505_150037_17c16bd0,student_l1b_c,noise,0.03,11.330519273316195,0.2713874876499176,0.5687319040298462,0.8918393850326538,0.5735215544700623
20260505_130039_270131_a473e239,teacher_15b,clean,0.0,24.36547380361013,0.7192658185958862,0.09121881425380707,0.9429560899734497,0.9540262222290039
20260505_130039_270131_a473e239,student_l1b_c,clean,0.0,22.43103637761906,0.6384957432746887,0.14008167386054993,0.9334050416946411,0.8930324912071228
20260505_130039_270131_a473e239,teacher_15b,exposure,0.8,24.253211051639006,0.7172696590423584,0.0982169508934021,0.9528701901435852,0.9536350965499878
20260505_130039_270131_a473e239,student_l1b_c,exposure,0.8,22.27564763088852,0.6386112570762634,0.1479579210281372,0.9387408494949341,0.8939557671546936
20260505_130039_270131_a473e239,teacher_15b,exposure,1.2,24.1322406554662,0.7158336043357849,0.08960649371147156,0.9336152672767639,0.9533900022506714
20260505_130039_270131_a473e239,student_l1b_c,exposure,1.2,21.867855965890634,0.6251281499862671,0.14906829595565796,0.9279202818870544,0.8913049101829529
20260505_130039_270131_a473e239,teacher_15b,gamma,0.8,24.35127314201583,0.7194005846977234,0.09161350876092911,0.9430564641952515,0.9542217254638672
20260505_130039_270131_a473e239,student_l1b_c,gamma,0.8,22.429063834902024,0.6392223834991455,0.14007771015167236,0.9389365911483765,0.8873625993728638
20260505_130039_270131_a473e239,teacher_15b,gamma,1.2,24.375356480039095,0.7188693881034851,0.09128129482269287,0.9435023069381714,0.9540433883666992
20260505_130039_270131_a473e239,student_l1b_c,gamma,1.2,22.413864574632232,0.6373353004455566,0.14156761765480042,0.9289907813072205,0.8984713554382324
20260505_130039_270131_a473e239,teacher_15b,blur,1.0,22.60133989621754,0.6206409335136414,0.31237438321113586,0.9319436550140381,0.8894911408424377
20260505_130039_270131_a473e239,student_l1b_c,blur,1.0,16.713789382542124,0.46772584319114685,0.43514469265937805,0.8849620819091797,0.7440434694290161
20260505_130039_270131_a473e239,teacher_15b,blur,2.0,14.338045560812757,0.28118234872817993,0.6777387857437134,0.8353868722915649,0.5531244277954102
20260505_130039_270131_a473e239,student_l1b_c,blur,2.0,12.701980802134237,0.2428341507911682,0.763205885887146,0.8523437976837158,0.6755387783050537
20260505_130039_270131_a473e239,teacher_15b,noise,0.01,24.271555349806107,0.7092500925064087,0.08886885643005371,0.9373801946640015,0.9473597407341003
20260505_130039_270131_a473e239,student_l1b_c,noise,0.01,22.28093214727419,0.6260937452316284,0.14097960293293,0.9305176734924316,0.9018654227256775
20260505_130039_270131_a473e239,teacher_15b,noise,0.03,23.314169194049352,0.6478955745697021,0.12454400211572647,0.8953245282173157,0.875109076499939
20260505_130039_270131_a473e239,student_l1b_c,noise,0.03,20.517716985277623,0.5348153114318848,0.21329669654369354,0.8763351440429688,0.7925594449043274
20260505_154355_0c4eecad,teacher_15b,clean,0.0,27.750414626605917,0.8970949649810791,0.04992810636758804,0.9565984010696411,0.9479510188102722
20260505_154355_0c4eecad,student_l1b_c,clean,0.0,25.72070218387216,0.8735165596008301,0.07875934988260269,0.9080649614334106,0.9371604919433594
20260505_154355_0c4eecad,teacher_15b,exposure,0.8,27.160170933463156,0.8885936141014099,0.05444365367293358,0.9542074799537659,0.9475147128105164
20260505_154355_0c4eecad,student_l1b_c,exposure,0.8,25.419565271021142,0.8629473447799683,0.0819309800863266,0.903433620929718,0.9232504963874817
20260505_154355_0c4eecad,teacher_15b,exposure,1.2,26.56935105737341,0.8959782123565674,0.05208209156990051,0.9542989134788513,0.945019006729126
20260505_154355_0c4eecad,student_l1b_c,exposure,1.2,23.74154543380122,0.8691133260726929,0.08556103706359863,0.9033302664756775,0.9390554428100586
20260505_154355_0c4eecad,teacher_15b,gamma,0.8,27.623645456958915,0.8964557647705078,0.05034243315458298,0.9548133611679077,0.947823166847229
20260505_154355_0c4eecad,student_l1b_c,gamma,0.8,25.36942562782145,0.8709169626235962,0.07913778722286224,0.9014028310775757,0.9371019601821899
20260505_154355_0c4eecad,teacher_15b,gamma,1.2,27.80507835367793,0.8964841365814209,0.05045706778764725,0.9556121826171875,0.9477939009666443
20260505_154355_0c4eecad,student_l1b_c,gamma,1.2,25.98898723794516,0.8735029101371765,0.07978540658950806,0.9144644737243652,0.9331405162811279
20260505_154355_0c4eecad,teacher_15b,blur,1.0,24.068359045155752,0.744844913482666,0.30486932396888733,0.9412474632263184,0.8592832088470459
20260505_154355_0c4eecad,student_l1b_c,blur,1.0,22.60418565332258,0.7287753820419312,0.3251112699508667,0.8961629867553711,0.8371970057487488
20260505_154355_0c4eecad,teacher_15b,blur,2.0,19.82159251835832,0.5973318219184875,0.5554362535476685,0.7871371507644653,0.6034868955612183
20260505_154355_0c4eecad,student_l1b_c,blur,2.0,19.91860754349055,0.5948030948638916,0.5627174377441406,0.8042822480201721,0.6390008926391602
20260505_154355_0c4eecad,teacher_15b,noise,0.01,27.341979416533825,0.8787136077880859,0.06012625992298126,0.9613704681396484,0.9155765175819397
20260505_154355_0c4eecad,student_l1b_c,noise,0.01,25.759480494952307,0.8573273420333862,0.08823096752166748,0.9102290868759155,0.9007953405380249
20260505_154355_0c4eecad,teacher_15b,noise,0.03,24.705679522740283,0.7827438116073608,0.15807639062404633,0.9258138537406921,0.8040024638175964
20260505_154355_0c4eecad,student_l1b_c,noise,0.03,22.759653648027122,0.7600194811820984,0.1992931067943573,0.8685871362686157,0.7726128697395325
20260505_124447_170690_a473e239,teacher_15b,clean,0.0,24.95000375509818,0.8102551698684692,0.10127526521682739,0.9795374870300293,0.962743878364563
20260505_124447_170690_a473e239,student_l1b_c,clean,0.0,23.063075723040996,0.7776403427124023,0.1616908758878708,0.9571948647499084,0.8454506397247314
20260505_124447_170690_a473e239,teacher_15b,exposure,0.8,23.770191052809952,0.79908287525177,0.10911580920219421,0.9801057577133179,0.9652714729309082
20260505_124447_170690_a473e239,student_l1b_c,exposure,0.8,22.098928879258043,0.7646917104721069,0.17466062307357788,0.9589155912399292,0.8787007927894592
20260505_124447_170690_a473e239,teacher_15b,exposure,1.2,24.806569896510524,0.813441276550293,0.10114133358001709,0.9762123823165894,0.959367573261261
20260505_124447_170690_a473e239,student_l1b_c,exposure,1.2,21.957419368128587,0.7764386534690857,0.15900784730911255,0.9538211822509766,0.8020237684249878
20260505_124447_170690_a473e239,teacher_15b,gamma,0.8,25.049644737943066,0.8103408813476562,0.10176968574523926,0.9798263311386108,0.9611366391181946
20260505_124447_170690_a473e239,student_l1b_c,gamma,0.8,22.916295798545974,0.7764447927474976,0.16346541047096252,0.9517568349838257,0.8466023802757263
20260505_124447_170690_a473e239,teacher_15b,gamma,1.2,24.783542954464735,0.8091970682144165,0.10160768777132034,0.9819324016571045,0.9639050364494324
20260505_124447_170690_a473e239,student_l1b_c,gamma,1.2,23.047236598286602,0.7767523527145386,0.16182154417037964,0.95179283618927,0.8482959866523743
20260505_124447_170690_a473e239,teacher_15b,blur,1.0,22.687086043578617,0.7045518755912781,0.34158921241760254,0.9447512030601501,0.9181033968925476
20260505_124447_170690_a473e239,student_l1b_c,blur,1.0,20.298049183963908,0.6608388423919678,0.4306786358356476,0.9261118173599243,0.8092982172966003
20260505_124447_170690_a473e239,teacher_15b,blur,2.0,16.762838719670757,0.5589379072189331,0.6586199998855591,0.7962275743484497,0.6305034160614014
20260505_124447_170690_a473e239,student_l1b_c,blur,2.0,17.38933365643263,0.5513031482696533,0.6859700679779053,0.775226891040802,0.649619996547699
20260505_124447_170690_a473e239,teacher_15b,noise,0.01,24.03027904585968,0.7823073863983154,0.12324889749288559,0.9753366112709045,0.9528579115867615
20260505_124447_170690_a473e239,student_l1b_c,noise,0.01,22.769780862247522,0.755226731300354,0.1737033873796463,0.9564121961593628,0.8245863914489746
20260505_124447_170690_a473e239,teacher_15b,noise,0.03,20.202674066523567,0.6430649161338806,0.30076366662979126,0.9280460476875305,0.8515112400054932
20260505_124447_170690_a473e239,student_l1b_c,noise,0.03,19.03504159297297,0.60079026222229,0.34353259205818176,0.9100772738456726,0.7553180456161499
20260505_144606_216097_f00ca076,teacher_15b,clean,0.0,27.73317042343382,0.8567403554916382,0.08469425141811371,0.9602788090705872,0.9101510047912598
20260505_144606_216097_f00ca076,student_l1b_c,clean,0.0,26.441217792970484,0.8241462707519531,0.10860316455364227,0.9526950120925903,0.8750981688499451
20260505_144606_216097_f00ca076,teacher_15b,exposure,0.8,26.95383498874573,0.8452152013778687,0.09109412133693695,0.9668655395507812,0.9055274724960327
20260505_144606_216097_f00ca076,student_l1b_c,exposure,0.8,24.382303679574893,0.8078675270080566,0.1189238429069519,0.9524142742156982,0.8605399131774902
20260505_144606_216097_f00ca076,teacher_15b,exposure,1.2,26.328947653833737,0.854324460029602,0.08737493306398392,0.9631723165512085,0.9239835739135742
20260505_144606_216097_f00ca076,student_l1b_c,exposure,1.2,24.361543087043746,0.8152839541435242,0.1173294186592102,0.9454711675643921,0.8589708209037781
20260505_144606_216097_f00ca076,teacher_15b,gamma,0.8,27.589875801604137,0.8560894727706909,0.08408788591623306,0.9613292217254639,0.9093785285949707
20260505_144606_216097_f00ca076,student_l1b_c,gamma,0.8,26.164111140710634,0.8190338611602783,0.11069253087043762,0.9547315835952759,0.8789868354797363
20260505_144606_216097_f00ca076,teacher_15b,gamma,1.2,27.7729269513953,0.8555514216423035,0.08600309491157532,0.9620507955551147,0.9109805226325989
20260505_144606_216097_f00ca076,student_l1b_c,gamma,1.2,26.462899518709754,0.8246974945068359,0.11128725111484528,0.952168345451355,0.847934365272522
20260505_144606_216097_f00ca076,teacher_15b,blur,1.0,24.637332339971913,0.7624439001083374,0.24876722693443298,0.9226711392402649,0.8395291566848755
20260505_144606_216097_f00ca076,student_l1b_c,blur,1.0,19.50792321324158,0.6677459478378296,0.33943021297454834,0.9194015264511108,0.541094183921814
20260505_144606_216097_f00ca076,teacher_15b,blur,2.0,16.601044604131737,0.5863028168678284,0.5445349812507629,0.7285977005958557,0.3645530939102173
20260505_144606_216097_f00ca076,student_l1b_c,blur,2.0,16.607911010431327,0.5186460018157959,0.6247636675834656,0.7874865531921387,0.28674882650375366
20260505_144606_216097_f00ca076,teacher_15b,noise,0.01,27.610779510552433,0.8428449034690857,0.10106590390205383,0.9474591612815857,0.9215996861457825
20260505_144606_216097_f00ca076,student_l1b_c,noise,0.01,26.109515111039784,0.7928160429000854,0.1419728845357895,0.9475486278533936,0.7872790694236755
20260505_144606_216097_f00ca076,teacher_15b,noise,0.03,17.666266725402625,0.6169561743736267,0.36718910932540894,0.8960074186325073,0.6868267059326172
20260505_144606_216097_f00ca076,student_l1b_c,noise,0.03,13.736533519878645,0.4280024468898773,0.5031363368034363,0.794829249382019,0.4798901081085205
20260505_124341_065405_a473e239,teacher_15b,clean,0.0,27.145528010660918,0.8038021326065063,0.1066989004611969,0.9495905637741089,0.9443041086196899
20260505_124341_065405_a473e239,student_l1b_c,clean,0.0,25.119539561339728,0.7639278173446655,0.1577526330947876,0.9314852356910706,0.9157055616378784
20260505_124341_065405_a473e239,teacher_15b,exposure,0.8,26.675285577219583,0.7967182397842407,0.1106172427535057,0.9498560428619385,0.9456499218940735
20260505_124341_065405_a473e239,student_l1b_c,exposure,0.8,24.37315577136635,0.7511584162712097,0.16216209530830383,0.9399905204772949,0.9220588207244873
20260505_124341_065405_a473e239,teacher_15b,exposure,1.2,26.684681506467083,0.8035866022109985,0.10820964723825455,0.9547671675682068,0.9481651186943054
20260505_124341_065405_a473e239,student_l1b_c,exposure,1.2,23.901678666447502,0.761218786239624,0.1685120016336441,0.9326403737068176,0.9225752353668213
20260505_124341_065405_a473e239,teacher_15b,gamma,0.8,27.0238143677498,0.8035656213760376,0.10718132555484772,0.9488095045089722,0.9450950622558594
20260505_124341_065405_a473e239,student_l1b_c,gamma,0.8,25.011004451057023,0.7629172205924988,0.15667399764060974,0.9368026256561279,0.9204092025756836
20260505_124341_065405_a473e239,teacher_15b,gamma,1.2,27.219509772033387,0.8033117651939392,0.10677631199359894,0.9504056572914124,0.9432088136672974
20260505_124341_065405_a473e239,student_l1b_c,gamma,1.2,25.253029679683703,0.7632202506065369,0.15996196866035461,0.9336349964141846,0.912976861000061
20260505_124341_065405_a473e239,teacher_15b,blur,1.0,24.645063692102326,0.6471493244171143,0.3987225294113159,0.9082952737808228,0.9006689190864563
20260505_124341_065405_a473e239,student_l1b_c,blur,1.0,23.71883695918987,0.6259284019470215,0.4488501250743866,0.9280831217765808,0.8898508548736572
20260505_124341_065405_a473e239,teacher_15b,blur,2.0,21.172199279895928,0.5265151262283325,0.6729750633239746,0.883687436580658,0.7200781106948853
20260505_124341_065405_a473e239,student_l1b_c,blur,2.0,20.306295623130318,0.507282018661499,0.688001275062561,0.8371604084968567,0.7299619913101196
20260505_124341_065405_a473e239,teacher_15b,noise,0.01,25.555175689614398,0.77846360206604,0.11608843505382538,0.9178458452224731,0.9307106733322144
20260505_124341_065405_a473e239,student_l1b_c,noise,0.01,24.479502347164296,0.7430156469345093,0.16787703335285187,0.9047936201095581,0.9198322296142578
20260505_124341_065405_a473e239,teacher_15b,noise,0.03,22.070815042021778,0.6456782817840576,0.2385331243276596,0.8696365356445312,0.8663138747215271
20260505_124341_065405_a473e239,student_l1b_c,noise,0.03,22.16353999011698,0.6347606182098389,0.27342143654823303,0.8818486928939819,0.8751899003982544
20260505_161228_0c4eecad,teacher_15b,clean,0.0,25.772455404123917,0.8179590106010437,0.12460435181856155,0.9578591585159302,0.9580511450767517
20260505_161228_0c4eecad,student_l1b_c,clean,0.0,23.86613556411964,0.7849915027618408,0.18473996222019196,0.9040396213531494,0.9227672815322876
20260505_161228_0c4eecad,teacher_15b,exposure,0.8,24.760418677050993,0.8059142827987671,0.13288132846355438,0.9540343284606934,0.9575191140174866
20260505_161228_0c4eecad,student_l1b_c,exposure,0.8,22.516100179947564,0.772232174873352,0.19670984148979187,0.9083380699157715,0.9211978912353516
20260505_161228_0c4eecad,teacher_15b,exposure,1.2,25.57798205992345,0.8206987380981445,0.12584546208381653,0.9561190605163574,0.946943998336792
20260505_161228_0c4eecad,student_l1b_c,exposure,1.2,23.651907668569784,0.7852508425712585,0.1836702823638916,0.9141615629196167,0.9245511889457703
20260505_161228_0c4eecad,teacher_15b,gamma,0.8,25.851302693059782,0.8161370158195496,0.1260681301355362,0.9560685157775879,0.959003210067749
20260505_161228_0c4eecad,student_l1b_c,gamma,0.8,24.044498134061058,0.782798707485199,0.18734659254550934,0.9106159210205078,0.9244461059570312
20260505_161228_0c4eecad,teacher_15b,gamma,1.2,25.6243762916416,0.8186396956443787,0.12421727180480957,0.9621797204017639,0.9573272466659546
20260505_161228_0c4eecad,student_l1b_c,gamma,1.2,23.431918771679744,0.7846096754074097,0.1863580346107483,0.903464138507843,0.9197704792022705
20260505_161228_0c4eecad,teacher_15b,blur,1.0,24.300164546441753,0.7247754335403442,0.33224666118621826,0.8966509699821472,0.8820623159408569
20260505_161228_0c4eecad,student_l1b_c,blur,1.0,20.980747529933875,0.6830436587333679,0.4297477602958679,0.8680675625801086,0.8758823275566101
20260505_161228_0c4eecad,teacher_15b,blur,2.0,13.566842047855538,0.5548078417778015,0.6274886727333069,0.7477415800094604,0.5961050987243652
20260505_161228_0c4eecad,student_l1b_c,blur,2.0,16.08790153015926,0.5840665698051453,0.6495699286460876,0.7601600885391235,0.49995362758636475
20260505_161228_0c4eecad,teacher_15b,noise,0.01,24.991509439816927,0.7911979556083679,0.1448373943567276,0.9554941058158875,0.9478541612625122
20260505_161228_0c4eecad,student_l1b_c,noise,0.01,23.748612077213494,0.758036732673645,0.2119588702917099,0.8961622714996338,0.9042636156082153
20260505_161228_0c4eecad,teacher_15b,noise,0.03,21.987031866480674,0.6745144128799438,0.2708629071712494,0.9210737347602844,0.8607457876205444
20260505_161228_0c4eecad,student_l1b_c,noise,0.03,22.156626516267842,0.6344533562660217,0.34893691539764404,0.819271445274353,0.8108749389648438
20260505_123809_659915_a473e239,teacher_15b,clean,0.0,23.274432763302244,0.8507288694381714,0.12093913555145264,0.9662948846817017,0.9401835203170776
20260505_123809_659915_a473e239,student_l1b_c,clean,0.0,22.57183802431326,0.8209144473075867,0.15689507126808167,0.9669245481491089,0.9614115357398987
20260505_123809_659915_a473e239,teacher_15b,exposure,0.8,22.97120670992326,0.8490738272666931,0.1217586025595665,0.9618690609931946,0.9409087300300598
20260505_123809_659915_a473e239,student_l1b_c,exposure,0.8,22.323970064021324,0.8207223415374756,0.1596391797065735,0.9574316143989563,0.9590996503829956
20260505_123809_659915_a473e239,teacher_15b,exposure,1.2,22.755567408269318,0.8451160192489624,0.12438072264194489,0.9700015783309937,0.940840482711792
20260505_123809_659915_a473e239,student_l1b_c,exposure,1.2,21.3523742311179,0.8092474937438965,0.1628395915031433,0.9636446237564087,0.9568606615066528
20260505_123809_659915_a473e239,teacher_15b,gamma,0.8,23.548405646500367,0.8514816761016846,0.1199231818318367,0.9654626846313477,0.9427108764648438
20260505_123809_659915_a473e239,student_l1b_c,gamma,0.8,22.69976916845848,0.8211654424667358,0.15541686117649078,0.9668923616409302,0.9637669324874878
20260505_123809_659915_a473e239,teacher_15b,gamma,1.2,23.035276465183564,0.8497850298881531,0.12248055636882782,0.9649178385734558,0.9379944205284119
20260505_123809_659915_a473e239,student_l1b_c,gamma,1.2,22.3788828240887,0.820305347442627,0.16033333539962769,0.9635045528411865,0.95709228515625
20260505_123809_659915_a473e239,teacher_15b,blur,1.0,21.775206836889865,0.7651089429855347,0.35795271396636963,0.9452567100524902,0.9363435506820679
20260505_123809_659915_a473e239,student_l1b_c,blur,1.0,20.01825972433231,0.7255961298942566,0.4289100468158722,0.8980942964553833,0.9239591956138611
20260505_123809_659915_a473e239,teacher_15b,blur,2.0,18.105890450791463,0.6351279616355896,0.6143960952758789,0.6868704557418823,0.6915301084518433
20260505_123809_659915_a473e239,student_l1b_c,blur,2.0,18.643805380037996,0.6339799761772156,0.6517622470855713,0.7433849573135376,0.7114232778549194
20260505_123809_659915_a473e239,teacher_15b,noise,0.01,23.04736183242803,0.8286005854606628,0.13208888471126556,0.9673116207122803,0.9515272974967957
20260505_123809_659915_a473e239,student_l1b_c,noise,0.01,22.33772198588688,0.7919198870658875,0.17938825488090515,0.9682352542877197,0.9564218521118164
20260505_123809_659915_a473e239,teacher_15b,noise,0.03,20.345003758064763,0.7048337459564209,0.24671292304992676,0.9504179358482361,0.9160414338111877
20260505_123809_659915_a473e239,student_l1b_c,noise,0.03,20.062097460909133,0.6581302881240845,0.29847824573516846,0.9385174512863159,0.9295339584350586
20260505_143112_176439_f00ca076,teacher_15b,clean,0.0,24.31561316595115,0.8316618204116821,0.12230423092842102,0.9395968914031982,0.9364144206047058
20260505_143112_176439_f00ca076,student_l1b_c,clean,0.0,22.30578303348524,0.7870512008666992,0.15830527245998383,0.9102507829666138,0.9165010452270508
20260505_143112_176439_f00ca076,teacher_15b,exposure,0.8,23.552805237860998,0.8274802565574646,0.12493309378623962,0.9344082474708557,0.9311528205871582
20260505_143112_176439_f00ca076,student_l1b_c,exposure,0.8,21.669921176518177,0.7840402126312256,0.1624465137720108,0.9162609577178955,0.9114009737968445
20260505_143112_176439_f00ca076,teacher_15b,exposure,1.2,24.3796780851096,0.8305009603500366,0.12299323081970215,0.9420844912528992,0.9330346584320068
20260505_143112_176439_f00ca076,student_l1b_c,exposure,1.2,22.075567640035118,0.7810007333755493,0.16346605122089386,0.9051746129989624,0.9000183343887329
20260505_143112_176439_f00ca076,teacher_15b,gamma,0.8,24.38876697764819,0.8324412703514099,0.12219775468111038,0.9359353184700012,0.9390718340873718
20260505_143112_176439_f00ca076,student_l1b_c,gamma,0.8,22.45820075386397,0.7894346714019775,0.1570809781551361,0.9194980263710022,0.9198431968688965
20260505_143112_176439_f00ca076,teacher_15b,gamma,1.2,24.237937628290183,0.830680251121521,0.12264938652515411,0.9415897130966187,0.9352148771286011
20260505_143112_176439_f00ca076,student_l1b_c,gamma,1.2,22.10885736216841,0.7842010855674744,0.1603311151266098,0.9002830982208252,0.9133284091949463
20260505_143112_176439_f00ca076,teacher_15b,blur,1.0,22.97010853690326,0.745823085308075,0.2744019031524658,0.9315779209136963,0.8839316368103027
20260505_143112_176439_f00ca076,student_l1b_c,blur,1.0,18.557302924934838,0.6836421489715576,0.34703463315963745,0.8754924535751343,0.8076146841049194
20260505_143112_176439_f00ca076,teacher_15b,blur,2.0,14.202733020844304,0.5370893478393555,0.5911970138549805,0.850455641746521,0.655510425567627
20260505_143112_176439_f00ca076,student_l1b_c,blur,2.0,16.67879083132609,0.5673738718032837,0.6100137829780579,0.8540076017379761,0.6476421356201172
20260505_143112_176439_f00ca076,teacher_15b,noise,0.01,24.111017483429478,0.7998923063278198,0.14196477830410004,0.9076641798019409,0.9252563714981079
20260505_143112_176439_f00ca076,student_l1b_c,noise,0.01,22.225075173058787,0.7595467567443848,0.18145966529846191,0.9106690287590027,0.9173671007156372
20260505_143112_176439_f00ca076,teacher_15b,noise,0.03,21.55123940810997,0.6340502500534058,0.30539196729660034,0.8222161531448364,0.8395915031433105
20260505_143112_176439_f00ca076,student_l1b_c,noise,0.03,20.01181692492604,0.6025216579437256,0.34381556510925293,0.8513436913490295,0.8501338958740234
20260505_151523_0e5f0f67,teacher_15b,clean,0.0,23.236745412972653,0.743008017539978,0.13197842240333557,0.9585946798324585,0.914936363697052
20260505_151523_0e5f0f67,student_l1b_c,clean,0.0,20.849819585065504,0.6733259558677673,0.24941526353359222,0.9039238095283508,0.8859102129936218
20260505_151523_0e5f0f67,teacher_15b,exposure,0.8,24.89354572155562,0.7512664198875427,0.13021370768547058,0.9530935883522034,0.9158070683479309
20260505_151523_0e5f0f67,student_l1b_c,exposure,0.8,22.694816872270707,0.6888308525085449,0.24798685312271118,0.8967999815940857,0.8667886257171631
20260505_151523_0e5f0f67,teacher_15b,exposure,1.2,22.27373723323383,0.7340950965881348,0.1401476263999939,0.954372763633728,0.896856963634491
20260505_151523_0e5f0f67,student_l1b_c,exposure,1.2,19.266443416364297,0.6513030529022217,0.25325512886047363,0.9068727493286133,0.8843542337417603
20260505_151523_0e5f0f67,teacher_15b,gamma,0.8,22.946362262931906,0.7404705882072449,0.13505025207996368,0.9607517123222351,0.9177173376083374
20260505_151523_0e5f0f67,student_l1b_c,gamma,0.8,20.871363033983663,0.6728276610374451,0.25280138850212097,0.9019085764884949,0.8843802213668823
20260505_151523_0e5f0f67,teacher_15b,gamma,1.2,23.578244719334073,0.7455081939697266,0.12931114435195923,0.9676154255867004,0.9129490256309509
20260505_151523_0e5f0f67,student_l1b_c,gamma,1.2,21.026694703041763,0.6750383377075195,0.24699604511260986,0.9072848558425903,0.881199836730957
20260505_151523_0e5f0f67,teacher_15b,blur,1.0,20.76603221809274,0.6555606126785278,0.3843957781791687,0.8675945997238159,0.820375919342041
20260505_151523_0e5f0f67,student_l1b_c,blur,1.0,13.231438215020603,0.521536111831665,0.5324302911758423,0.8651918172836304,0.5861763954162598
20260505_151523_0e5f0f67,teacher_15b,blur,2.0,13.356355351402021,0.450655072927475,0.7151660323143005,0.7488849759101868,0.3559812605381012
20260505_151523_0e5f0f67,student_l1b_c,blur,2.0,12.85022095138443,0.45991596579551697,0.7339856624603271,0.7671576738357544,0.4560163617134094
20260505_151523_0e5f0f67,teacher_15b,noise,0.01,22.90162585366133,0.7286763191223145,0.14014840126037598,0.9065716862678528,0.896741509437561
20260505_151523_0e5f0f67,student_l1b_c,noise,0.01,20.553994069474818,0.6578595042228699,0.2528853118419647,0.9236787557601929,0.8654762506484985
20260505_151523_0e5f0f67,teacher_15b,noise,0.03,23.125588083684505,0.6480346918106079,0.22456766664981842,0.8956919312477112,0.8432514667510986
20260505_151523_0e5f0f67,student_l1b_c,noise,0.03,19.086846471859445,0.551327109336853,0.33078837394714355,0.8958361148834229,0.7784376740455627
20260504_163820_d079d923,teacher_15b,clean,0.0,22.94303877066719,0.7805285453796387,0.12613682448863983,0.9205912947654724,0.8826537132263184
20260504_163820_d079d923,student_l1b_c,clean,0.0,18.248774260894326,0.6754059791564941,0.2660706043243408,0.8677577972412109,0.7872326970100403
20260504_163820_d079d923,teacher_15b,exposure,0.8,22.821110709902698,0.7783955335617065,0.13057425618171692,0.9215165376663208,0.8746843338012695
20260504_163820_d079d923,student_l1b_c,exposure,0.8,17.987948497780224,0.6731430888175964,0.2758166193962097,0.8714350461959839,0.7873818874359131
20260504_163820_d079d923,teacher_15b,exposure,1.2,22.74779212189244,0.7780483961105347,0.1264583319425583,0.9226117730140686,0.8887851238250732
20260504_163820_d079d923,student_l1b_c,exposure,1.2,18.356415102420222,0.6752711534500122,0.26152437925338745,0.8588837385177612,0.7927923202514648
20260504_163820_d079d923,teacher_15b,gamma,0.8,22.909663569189362,0.7774002552032471,0.12630246579647064,0.9107931852340698,0.881384015083313
20260504_163820_d079d923,student_l1b_c,gamma,0.8,18.342946613120258,0.6732525825500488,0.26876339316368103,0.8423491716384888,0.7948033809661865
20260504_163820_d079d923,teacher_15b,gamma,1.2,22.81176537012921,0.7800382971763611,0.12975144386291504,0.9198940992355347,0.881369411945343
20260504_163820_d079d923,student_l1b_c,gamma,1.2,18.085707436862677,0.6738781332969666,0.27038073539733887,0.8710578680038452,0.773374080657959
20260504_163820_d079d923,teacher_15b,blur,1.0,22.069341098528668,0.7430374026298523,0.3110108971595764,0.8596999645233154,0.8594588041305542
20260504_163820_d079d923,student_l1b_c,blur,1.0,18.25591764219834,0.6773204803466797,0.44336265325546265,0.830420196056366,0.7930823564529419
20260504_163820_d079d923,teacher_15b,blur,2.0,18.22551294712158,0.6375439167022705,0.5655191540718079,0.7772789597511292,0.347121924161911
20260504_163820_d079d923,student_l1b_c,blur,2.0,16.543028043990844,0.5740100145339966,0.6606990098953247,0.7842932939529419,0.5889036655426025
20260504_163820_d079d923,teacher_15b,noise,0.01,22.235356505790897,0.7527219653129578,0.15338145196437836,0.8824654817581177,0.870989203453064
20260504_163820_d079d923,student_l1b_c,noise,0.01,17.67760387870163,0.6375066041946411,0.30150875449180603,0.8322759866714478,0.765389084815979
20260504_163820_d079d923,teacher_15b,noise,0.03,18.12201022977264,0.5816735029220581,0.4006255269050598,0.7829829454421997,0.6147478222846985
20260504_163820_d079d923,student_l1b_c,noise,0.03,17.931356727075737,0.5159294605255127,0.4897138476371765,0.7318950891494751,0.24569904804229736
20260505_151459_0e5f0f67,teacher_15b,clean,0.0,23.32263053798946,0.7457983493804932,0.16186508536338806,0.9333373308181763,0.9049314260482788
20260505_151459_0e5f0f67,student_l1b_c,clean,0.0,21.24574311571338,0.6941598653793335,0.2283209264278412,0.892501950263977,0.8877961039543152
20260505_151459_0e5f0f67,teacher_15b,exposure,0.8,23.256160884240412,0.7424632906913757,0.16997358202934265,0.9425866603851318,0.8877003192901611
20260505_151459_0e5f0f67,student_l1b_c,exposure,0.8,20.864095483315555,0.6995429992675781,0.23069655895233154,0.8948377370834351,0.8843153715133667
20260505_151459_0e5f0f67,teacher_15b,exposure,1.2,23.170488104760434,0.7418148517608643,0.16504429280757904,0.9299523830413818,0.9154422283172607
20260505_151459_0e5f0f67,student_l1b_c,exposure,1.2,20.723089456607,0.6783713698387146,0.23830722272396088,0.9029533863067627,0.8875186443328857
20260505_151459_0e5f0f67,teacher_15b,gamma,0.8,23.25712148166007,0.7443503737449646,0.16320312023162842,0.9380419254302979,0.8961809873580933
20260505_151459_0e5f0f67,student_l1b_c,gamma,0.8,21.294257463767167,0.6957935094833374,0.22819042205810547,0.9067741632461548,0.8882635235786438
20260505_151459_0e5f0f67,teacher_15b,gamma,1.2,23.349005445913345,0.7465256452560425,0.16166698932647705,0.9342231750488281,0.9108538627624512
20260505_151459_0e5f0f67,student_l1b_c,gamma,1.2,21.170326343731347,0.6931039094924927,0.2287352979183197,0.9007437825202942,0.8867464661598206
20260505_151459_0e5f0f67,teacher_15b,blur,1.0,21.508443255475992,0.6529513597488403,0.3852902352809906,0.9172369241714478,0.8369541764259338
20260505_151459_0e5f0f67,student_l1b_c,blur,1.0,18.655802686499023,0.5943496227264404,0.43167221546173096,0.8761371374130249,0.7419453859329224
20260505_151459_0e5f0f67,teacher_15b,blur,2.0,14.266153530653973,0.4685303568840027,0.6429216265678406,0.7865951657295227,0.4664918780326843
20260505_151459_0e5f0f67,student_l1b_c,blur,2.0,15.289850277828425,0.4841790199279785,0.6447542905807495,0.8075140714645386,0.5286885499954224
20260505_151459_0e5f0f67,teacher_15b,noise,0.01,23.144575261838597,0.732421338558197,0.16838383674621582,0.916723370552063,0.8973795175552368
20260505_151459_0e5f0f67,student_l1b_c,noise,0.01,21.30608052816839,0.6826169490814209,0.2314656674861908,0.923544704914093,0.8841500282287598
20260505_151459_0e5f0f67,teacher_15b,noise,0.03,20.25950470429685,0.6332814693450928,0.2685149013996124,0.9082286357879639,0.8157421946525574
20260505_151459_0e5f0f67,student_l1b_c,noise,0.03,19.565870348228685,0.5738003253936768,0.3359817862510681,0.8882462978363037,0.7253177165985107
20260505_134617_028394_cf8c21ee,teacher_15b,clean,0.0,20.892276190962747,0.8644180297851562,0.09838476777076721,0.9407556056976318,0.9471293687820435
20260505_134617_028394_cf8c21ee,student_l1b_c,clean,0.0,19.455828137368357,0.8348501920700073,0.12158556282520294,0.9346569776535034,0.92992103099823
20260505_134617_028394_cf8c21ee,teacher_15b,exposure,0.8,19.19955765094734,0.8675603270530701,0.09877082705497742,0.9356802701950073,0.950623631477356
20260505_134617_028394_cf8c21ee,student_l1b_c,exposure,0.8,18.008129944445777,0.813103437423706,0.12821388244628906,0.9385607838630676,0.9219975471496582
20260505_134617_028394_cf8c21ee,teacher_15b,exposure,1.2,21.163043557717263,0.8489693999290466,0.10522917658090591,0.9300767183303833,0.9407126307487488
20260505_134617_028394_cf8c21ee,student_l1b_c,exposure,1.2,20.23267549393049,0.8403706550598145,0.12606488168239594,0.9190511703491211,0.9438005685806274
20260505_134617_028394_cf8c21ee,teacher_15b,gamma,0.8,21.065838771847606,0.8597766757011414,0.10177332162857056,0.9377161264419556,0.948248028755188
20260505_134617_028394_cf8c21ee,student_l1b_c,gamma,0.8,19.632141058444343,0.8192746639251709,0.1305171251296997,0.9359443783760071,0.9291441440582275
20260505_134617_028394_cf8c21ee,teacher_15b,gamma,1.2,20.658001906738818,0.8688766956329346,0.0954647809267044,0.944442629814148,0.9453045129776001
20260505_134617_028394_cf8c21ee,student_l1b_c,gamma,1.2,18.994194705033788,0.8378598093986511,0.11824554204940796,0.9354898929595947,0.9296078681945801
20260505_134617_028394_cf8c21ee,teacher_15b,blur,1.0,20.981873596476515,0.788944661617279,0.28570079803466797,0.8970056772232056,0.8931158781051636
20260505_134617_028394_cf8c21ee,student_l1b_c,blur,1.0,19.157190397214478,0.7448667883872986,0.3125419616699219,0.901714026927948,0.9235450029373169
20260505_134617_028394_cf8c21ee,teacher_15b,blur,2.0,18.88457340512087,0.6525893211364746,0.47370460629463196,0.7918547987937927,0.8081756830215454
20260505_134617_028394_cf8c21ee,student_l1b_c,blur,2.0,17.785513987670786,0.5778718590736389,0.5191171765327454,0.7914748191833496,0.8529873490333557
20260505_134617_028394_cf8c21ee,teacher_15b,noise,0.01,20.21644578164226,0.8163775205612183,0.1246938407421112,0.945518970489502,0.9480981826782227
20260505_134617_028394_cf8c21ee,student_l1b_c,noise,0.01,18.780807262419213,0.8053827285766602,0.14242707192897797,0.9255512952804565,0.923750638961792
20260505_134617_028394_cf8c21ee,teacher_15b,noise,0.03,17.99853055773614,0.6960179805755615,0.20359408855438232,0.9417605400085449,0.9149448871612549
20260505_134617_028394_cf8c21ee,student_l1b_c,noise,0.03,18.538871765236898,0.6485112905502319,0.25883275270462036,0.8777036666870117,0.9109963178634644
20260505_130151_588499_a473e239,teacher_15b,clean,0.0,24.56734339093918,0.719596266746521,0.08240506798028946,0.9849075675010681,0.9503064155578613
20260505_130151_588499_a473e239,student_l1b_c,clean,0.0,22.571417208035296,0.6353028416633606,0.14549292623996735,0.960796594619751,0.8967218995094299
20260505_130151_588499_a473e239,teacher_15b,exposure,0.8,24.466870182385282,0.7181503772735596,0.09079169481992722,0.9838787317276001,0.9554936289787292
20260505_130151_588499_a473e239,student_l1b_c,exposure,0.8,22.441304589877472,0.6355372667312622,0.1515646129846573,0.9526810646057129,0.8972471952438354
20260505_130151_588499_a473e239,teacher_15b,exposure,1.2,24.31343077718295,0.715714693069458,0.08007095754146576,0.9798116683959961,0.9457558393478394
20260505_130151_588499_a473e239,student_l1b_c,exposure,1.2,22.004508779157273,0.6227397918701172,0.15415339171886444,0.9558067321777344,0.8933064937591553
20260505_130151_588499_a473e239,teacher_15b,gamma,0.8,24.55581669584648,0.7197879552841187,0.08251121640205383,0.9804831147193909,0.9514318704605103
20260505_130151_588499_a473e239,student_l1b_c,gamma,0.8,22.57289956919362,0.6358863711357117,0.14503104984760284,0.9579851031303406,0.8985071778297424
20260505_130151_588499_a473e239,teacher_15b,gamma,1.2,24.575686697764652,0.7192000150680542,0.08306507766246796,0.9860720038414001,0.9492765665054321
20260505_130151_588499_a473e239,student_l1b_c,gamma,1.2,22.555736811176388,0.6343962550163269,0.14728201925754547,0.958365797996521,0.8957770466804504
20260505_130151_588499_a473e239,teacher_15b,blur,1.0,22.779577723980204,0.6247023344039917,0.3110424280166626,0.946157693862915,0.8979154825210571
20260505_130151_588499_a473e239,student_l1b_c,blur,1.0,17.954713222315753,0.48398274183273315,0.41676217317581177,0.9149037599563599,0.6918778419494629
20260505_130151_588499_a473e239,teacher_15b,blur,2.0,14.372196158658584,0.2776801586151123,0.6932709813117981,0.8403292298316956,0.5633837580680847
20260505_130151_588499_a473e239,student_l1b_c,blur,2.0,12.695391183092015,0.2407178282737732,0.7652668952941895,0.8391158580780029,0.6110337972640991
20260505_130151_588499_a473e239,teacher_15b,noise,0.01,24.445197765155168,0.7091538310050964,0.0835505798459053,0.9746796488761902,0.9391945004463196
20260505_130151_588499_a473e239,student_l1b_c,noise,0.01,22.35422786767515,0.6216593384742737,0.1482211947441101,0.9499157071113586,0.8943387269973755
20260505_130151_588499_a473e239,teacher_15b,noise,0.03,23.53846904608886,0.6482593417167664,0.11812247335910797,0.9070829153060913,0.8899712562561035
20260505_130151_588499_a473e239,student_l1b_c,noise,0.03,20.571674281688793,0.5316985845565796,0.2184358537197113,0.8920812010765076,0.809197187423706
20260505_132409_828055_36673bd5,teacher_15b,clean,0.0,21.862121527774438,0.7801275253295898,0.12853549420833588,0.9779414534568787,0.7593100666999817
20260505_132409_828055_36673bd5,student_l1b_c,clean,0.0,22.26427038335224,0.7503787875175476,0.1515294760465622,0.9291614890098572,0.6117804050445557
20260505_132409_828055_36673bd5,teacher_15b,exposure,0.8,22.465298532230477,0.7826813459396362,0.12462674081325531,0.9762335419654846,0.7594332098960876
20260505_132409_828055_36673bd5,student_l1b_c,exposure,0.8,22.476905735981063,0.7708770632743835,0.13498535752296448,0.9490861892700195,0.5957870483398438
20260505_132409_828055_36673bd5,teacher_15b,exposure,1.2,20.810606740589535,0.767633855342865,0.13791511952877045,0.9766124486923218,0.7546399831771851
20260505_132409_828055_36673bd5,student_l1b_c,exposure,1.2,19.79834832842743,0.6939685344696045,0.20827871561050415,0.94059157371521,0.6289861798286438
20260505_132409_828055_36673bd5,teacher_15b,gamma,0.8,21.903844638550108,0.776283860206604,0.12949684262275696,0.9750463962554932,0.758152961730957
20260505_132409_828055_36673bd5,student_l1b_c,gamma,0.8,21.541238116062015,0.7335982322692871,0.17358079552650452,0.9433476328849792,0.6319829225540161
20260505_132409_828055_36673bd5,teacher_15b,gamma,1.2,21.877719083885484,0.783826470375061,0.1269228160381317,0.9794353246688843,0.7621347904205322
20260505_132409_828055_36673bd5,student_l1b_c,gamma,1.2,22.484592815276535,0.7649948596954346,0.14273189008235931,0.9412256479263306,0.6016348600387573
20260505_132409_828055_36673bd5,teacher_15b,blur,1.0,18.949778703378165,0.6983284950256348,0.29221710562705994,0.9556620121002197,0.4794718623161316
20260505_132409_828055_36673bd5,student_l1b_c,blur,1.0,14.392170895403975,0.5972660183906555,0.4073539972305298,0.9109808802604675,0.38212084770202637
20260505_132409_828055_36673bd5,teacher_15b,blur,2.0,14.246415866846418,0.4788244664669037,0.6077121496200562,0.8492470979690552,0.28839385509490967
20260505_132409_828055_36673bd5,student_l1b_c,blur,2.0,14.340210470541345,0.5503390431404114,0.5913226008415222,0.8978563547134399,0.25517070293426514
20260505_132409_828055_36673bd5,teacher_15b,noise,0.01,22.32727453269744,0.7165322303771973,0.13313497602939606,0.920541524887085,0.7141067385673523
20260505_132409_828055_36673bd5,student_l1b_c,noise,0.01,14.684157200534486,0.4737240970134735,0.34128302335739136,0.886757493019104,0.4467148184776306
20260505_132409_828055_36673bd5,teacher_15b,noise,0.03,15.305417712376507,0.4703992009162903,0.5179438591003418,0.8153010010719299,0.4891330897808075
20260505_132409_828055_36673bd5,student_l1b_c,noise,0.03,14.37394185197938,0.41625040769577026,0.6408324241638184,0.8032307028770447,0.5070300102233887
20260505_153314_0c4eecad,teacher_15b,clean,0.0,24.541670248072446,0.8351491689682007,0.11694982647895813,0.9700734615325928,0.9571977853775024
20260505_153314_0c4eecad,student_l1b_c,clean,0.0,23.45815532611098,0.8067706823348999,0.16972222924232483,0.943691074848175,0.9196064472198486
20260505_153314_0c4eecad,teacher_15b,exposure,0.8,23.680296082859492,0.8256955146789551,0.12140409648418427,0.9686652421951294,0.957617998123169
20260505_153314_0c4eecad,student_l1b_c,exposure,0.8,22.959564589587316,0.8006734848022461,0.16983714699745178,0.9294820427894592,0.9095630645751953
20260505_153314_0c4eecad,teacher_15b,exposure,1.2,24.27298050400273,0.8332237005233765,0.11901777237653732,0.9644167423248291,0.9520666003227234
20260505_153314_0c4eecad,student_l1b_c,exposure,1.2,22.400410700653236,0.7987145185470581,0.17611856758594513,0.9471637010574341,0.9199432730674744
20260505_153314_0c4eecad,teacher_15b,gamma,0.8,24.58981334991642,0.8353742957115173,0.11687728762626648,0.9721973538398743,0.956206738948822
20260505_153314_0c4eecad,student_l1b_c,gamma,0.8,23.466393150542217,0.8084518313407898,0.16821283102035522,0.9430404901504517,0.9230263233184814
20260505_153314_0c4eecad,teacher_15b,gamma,1.2,24.491173259587484,0.8344234824180603,0.11768900603055954,0.970572829246521,0.9580004215240479
20260505_153314_0c4eecad,student_l1b_c,gamma,1.2,23.449389798382345,0.80430668592453,0.17170055210590363,0.939491331577301,0.9154602289199829
20260505_153314_0c4eecad,teacher_15b,blur,1.0,22.878631086848316,0.7238136529922485,0.28393661975860596,0.9541968107223511,0.8423874974250793
20260505_153314_0c4eecad,student_l1b_c,blur,1.0,21.04788113446659,0.6844095587730408,0.3505353331565857,0.901890754699707,0.7727195024490356
20260505_153314_0c4eecad,teacher_15b,blur,2.0,16.7021165646774,0.570010244846344,0.5853331089019775,0.7998812198638916,0.6643524765968323
20260505_153314_0c4eecad,student_l1b_c,blur,2.0,17.41663311478685,0.5793571472167969,0.6139523386955261,0.7948217391967773,0.5517169237136841
20260505_153314_0c4eecad,teacher_15b,noise,0.01,24.14585526515614,0.8167950510978699,0.13187365233898163,0.972309410572052,0.9590749740600586
20260505_153314_0c4eecad,student_l1b_c,noise,0.01,23.074439105439506,0.7835499048233032,0.18530982732772827,0.9429441690444946,0.9197226166725159
20260505_153314_0c4eecad,teacher_15b,noise,0.03,22.021319931069726,0.7029069662094116,0.26061514019966125,0.9479520320892334,0.890225350856781
20260505_153314_0c4eecad,student_l1b_c,noise,0.03,20.45364543933524,0.6481595039367676,0.32493799924850464,0.9084943532943726,0.8633286952972412
20260505_153904_0c4eecad,teacher_15b,clean,0.0,22.202828757401022,0.7557690143585205,0.13343043625354767,0.9361214637756348,0.9492831826210022
20260505_153904_0c4eecad,student_l1b_c,clean,0.0,20.66158444907208,0.7156330347061157,0.2052268087863922,0.8438880443572998,0.8880816698074341
20260505_153904_0c4eecad,teacher_15b,exposure,0.8,21.336753197226336,0.7428727149963379,0.1435883343219757,0.9295633435249329,0.9433888792991638
20260505_153904_0c4eecad,student_l1b_c,exposure,0.8,19.795461130852892,0.6995856761932373,0.21946336328983307,0.8316671252250671,0.8930097222328186
20260505_153904_0c4eecad,teacher_15b,exposure,1.2,21.859438053628033,0.7540103793144226,0.133577361702919,0.9244677424430847,0.9494166374206543
20260505_153904_0c4eecad,student_l1b_c,exposure,1.2,20.31665641236097,0.7154094576835632,0.20349863171577454,0.8418314456939697,0.8707758188247681
20260505_153904_0c4eecad,teacher_15b,gamma,0.8,22.195507156830377,0.7552592754364014,0.13557776808738708,0.9339098930358887,0.9508162140846252
20260505_153904_0c4eecad,student_l1b_c,gamma,0.8,20.610025862674235,0.7143360376358032,0.20858047902584076,0.8520002365112305,0.8924546241760254
20260505_153904_0c4eecad,teacher_15b,gamma,1.2,22.186649431818672,0.755766749382019,0.13258135318756104,0.9291121959686279,0.9483153820037842
20260505_153904_0c4eecad,student_l1b_c,gamma,1.2,20.641603961034065,0.7149598002433777,0.20372314751148224,0.8328769207000732,0.885297954082489
20260505_153904_0c4eecad,teacher_15b,blur,1.0,19.211696332705316,0.6314987540245056,0.39708638191223145,0.7720596790313721,0.8651558756828308
20260505_153904_0c4eecad,student_l1b_c,blur,1.0,17.677601035380363,0.5870085954666138,0.4425167441368103,0.7710269093513489,0.8324215412139893
20260505_153904_0c4eecad,teacher_15b,blur,2.0,15.051026613475315,0.4758719801902771,0.6395167112350464,0.4964055120944977,0.6410664319992065
20260505_153904_0c4eecad,student_l1b_c,blur,2.0,16.262943717393917,0.47580084204673767,0.6489993333816528,0.6124545931816101,0.6481906175613403
20260505_153904_0c4eecad,teacher_15b,noise,0.01,21.922415644772517,0.741549015045166,0.1386587917804718,0.9108553528785706,0.9105415344238281
20260505_153904_0c4eecad,student_l1b_c,noise,0.01,20.401825711972208,0.7036145925521851,0.20407544076442719,0.8470550179481506,0.8747144937515259
20260505_153904_0c4eecad,teacher_15b,noise,0.03,19.083867737320997,0.6494584083557129,0.19595198333263397,0.7995157241821289,0.7972670197486877
20260505_153904_0c4eecad,student_l1b_c,noise,0.03,17.263146952202668,0.6092602610588074,0.2732315957546234,0.7166279554367065,0.7067923545837402
20260504_200126_1d2f5c44,teacher_15b,clean,0.0,23.861780473817674,0.8153716921806335,0.09744831919670105,0.9514315724372864,0.8413069248199463
20260504_200126_1d2f5c44,student_l1b_c,clean,0.0,22.762602417304656,0.803896427154541,0.12377540022134781,0.9282810091972351,0.8288838863372803
20260504_200126_1d2f5c44,teacher_15b,exposure,0.8,23.810099365460687,0.8060659170150757,0.11286337673664093,0.9590892791748047,0.8271232843399048
20260504_200126_1d2f5c44,student_l1b_c,exposure,0.8,22.59246294594653,0.7898958921432495,0.1265687793493271,0.9475931525230408,0.8206089735031128
20260504_200126_1d2f5c44,teacher_15b,exposure,1.2,23.514862380256112,0.8166912794113159,0.09374544024467468,0.9502196311950684,0.852779746055603
20260504_200126_1d2f5c44,student_l1b_c,exposure,1.2,21.66390598425155,0.8091939687728882,0.13138817250728607,0.8950484395027161,0.8294973969459534
20260504_200126_1d2f5c44,teacher_15b,gamma,0.8,23.882224096298636,0.8165693283081055,0.09767474234104156,0.952297568321228,0.8493175506591797
20260504_200126_1d2f5c44,student_l1b_c,gamma,0.8,22.84356897969971,0.8047618269920349,0.12286733835935593,0.9334988594055176,0.8244853019714355
20260504_200126_1d2f5c44,teacher_15b,gamma,1.2,23.835772552812642,0.813657283782959,0.09819117188453674,0.9575968980789185,0.8303737044334412
20260504_200126_1d2f5c44,student_l1b_c,gamma,1.2,22.73036087659795,0.8008000254631042,0.1256449967622757,0.913489043712616,0.8260269165039062
20260504_200126_1d2f5c44,teacher_15b,blur,1.0,22.82896379715828,0.7321504354476929,0.2290533035993576,0.9336614608764648,0.7843270301818848
20260504_200126_1d2f5c44,student_l1b_c,blur,1.0,21.80768109709412,0.7244905233383179,0.27607178688049316,0.9054368138313293,0.7343800663948059
20260504_200126_1d2f5c44,teacher_15b,blur,2.0,19.435910398760498,0.6276266574859619,0.5229487419128418,0.8516609072685242,0.44004037976264954
20260504_200126_1d2f5c44,student_l1b_c,blur,2.0,18.433158989797494,0.5921978950500488,0.6175488233566284,0.9054433107376099,0.52365642786026
20260504_200126_1d2f5c44,teacher_15b,noise,0.01,22.777919607656084,0.7607361674308777,0.1799870729446411,0.9308301210403442,0.8442885875701904
20260504_200126_1d2f5c44,student_l1b_c,noise,0.01,22.23256247984445,0.7756524085998535,0.19159084558486938,0.9290727376937866,0.8570135831832886
20260504_200126_1d2f5c44,teacher_15b,noise,0.03,19.216294540567883,0.5290812253952026,0.49630221724510193,0.8997380137443542,0.674567461013794
20260504_200126_1d2f5c44,student_l1b_c,noise,0.03,19.710709585129187,0.4913818836212158,0.5194552540779114,0.8701052665710449,0.5998560786247253
20260505_124552_286958_a473e239,teacher_15b,clean,0.0,19.66457343348904,0.7066531181335449,0.16372321546077728,0.8906258940696716,0.9189569354057312
20260505_124552_286958_a473e239,student_l1b_c,clean,0.0,20.13987314688302,0.6931813955307007,0.17687276005744934,0.8818034529685974,0.9161317944526672
20260505_124552_286958_a473e239,teacher_15b,exposure,0.8,19.344393236277433,0.7084002494812012,0.1703719049692154,0.872920036315918,0.9224107265472412
20260505_124552_286958_a473e239,student_l1b_c,exposure,0.8,19.802162911644793,0.6957694888114929,0.18871504068374634,0.8817673921585083,0.9179067611694336
20260505_124552_286958_a473e239,teacher_15b,exposure,1.2,19.800164617893937,0.702752947807312,0.1607893407344818,0.8924782276153564,0.913905143737793
20260505_124552_286958_a473e239,student_l1b_c,exposure,1.2,20.103134589707818,0.6826044917106628,0.17574143409729004,0.8813902139663696,0.9139007925987244
20260505_124552_286958_a473e239,teacher_15b,gamma,0.8,19.66109735018523,0.7077383995056152,0.1647307127714157,0.8882766962051392,0.9204554557800293
20260505_124552_286958_a473e239,student_l1b_c,gamma,0.8,20.068271013406687,0.6949864625930786,0.1806321144104004,0.8761126399040222,0.9165029525756836
20260505_124552_286958_a473e239,teacher_15b,gamma,1.2,19.673937659414218,0.7062772512435913,0.1631113439798355,0.8888853788375854,0.9169094562530518
20260505_124552_286958_a473e239,student_l1b_c,gamma,1.2,20.158980099212283,0.6915199756622314,0.17523795366287231,0.8876709938049316,0.9145984649658203
20260505_124552_286958_a473e239,teacher_15b,blur,1.0,20.965988655443457,0.7030320167541504,0.3298911452293396,0.8865731358528137,0.9018059968948364
20260505_124552_286958_a473e239,student_l1b_c,blur,1.0,18.815350620462464,0.6554176807403564,0.4464164972305298,0.8057416677474976,0.7639039158821106
20260505_124552_286958_a473e239,teacher_15b,blur,2.0,18.317890723633884,0.636346161365509,0.632960855960846,0.7456631064414978,0.6030769348144531
20260505_124552_286958_a473e239,student_l1b_c,blur,2.0,18.305798467154023,0.6279950141906738,0.6907860636711121,0.8218770027160645,0.5573807954788208
20260505_124552_286958_a473e239,teacher_15b,noise,0.01,19.3926674289576,0.6522015929222107,0.19244694709777832,0.8684982061386108,0.8859685659408569
20260505_124552_286958_a473e239,student_l1b_c,noise,0.01,19.24031804220114,0.6452550292015076,0.22342939674854279,0.8849314451217651,0.9245159029960632
20260505_124552_286958_a473e239,teacher_15b,noise,0.03,19.684334873297985,0.49496740102767944,0.4478631019592285,0.8329594135284424,0.7915972471237183
20260505_124552_286958_a473e239,student_l1b_c,noise,0.03,19.404847091274952,0.48130306601524353,0.4723576605319977,0.787445068359375,0.7051546573638916
20260505_145205_17c16bd0,teacher_15b,clean,0.0,28.950675025543834,0.9021816253662109,0.04465377703309059,0.942813515663147,0.9675205945968628
20260505_145205_17c16bd0,student_l1b_c,clean,0.0,23.773179287090805,0.8386631011962891,0.1349886953830719,0.9085268974304199,0.9305307865142822
20260505_145205_17c16bd0,teacher_15b,exposure,0.8,28.5730405677265,0.9001320600509644,0.04911766201257706,0.9425264596939087,0.9684900045394897
20260505_145205_17c16bd0,student_l1b_c,exposure,0.8,22.426786651878714,0.8302432894706726,0.1481882631778717,0.9030279517173767,0.9080586433410645
20260505_145205_17c16bd0,teacher_15b,exposure,1.2,27.369727955416426,0.899999737739563,0.04550407826900482,0.9454898238182068,0.9659425616264343
20260505_145205_17c16bd0,student_l1b_c,exposure,1.2,23.363555642183695,0.8352108001708984,0.13775232434272766,0.9064357280731201,0.9415158033370972
20260505_145205_17c16bd0,teacher_15b,gamma,0.8,28.94929266412657,0.9023942947387695,0.044767916202545166,0.9448099136352539,0.9662797451019287
20260505_145205_17c16bd0,student_l1b_c,gamma,0.8,23.897425727915177,0.838853120803833,0.13456782698631287,0.9088298082351685,0.9325580596923828
20260505_145205_17c16bd0,teacher_15b,gamma,1.2,28.96669754228568,0.9018423557281494,0.045039184391498566,0.9430059194564819,0.9688020944595337
20260505_145205_17c16bd0,student_l1b_c,gamma,1.2,23.42999242150189,0.8360719084739685,0.138526052236557,0.9011741876602173,0.9247245788574219
20260505_145205_17c16bd0,teacher_15b,blur,1.0,26.213070913391043,0.8612488508224487,0.17947253584861755,0.9159477949142456,0.9133856892585754
20260505_145205_17c16bd0,student_l1b_c,blur,1.0,21.438573492272898,0.7879049181938171,0.28976863622665405,0.8426145315170288,0.8815507888793945
20260505_145205_17c16bd0,teacher_15b,blur,2.0,21.205467170075217,0.7549924850463867,0.4116058349609375,0.8342742323875427,0.796639621257782
20260505_145205_17c16bd0,student_l1b_c,blur,2.0,17.99481561888326,0.6929022669792175,0.5264588594436646,0.8498533964157104,0.825533390045166
20260505_145205_17c16bd0,teacher_15b,noise,0.01,26.75869246529365,0.8624000549316406,0.0934348851442337,0.9323607683181763,0.9373182654380798
20260505_145205_17c16bd0,student_l1b_c,noise,0.01,18.58280944825585,0.7492477893829346,0.25416162610054016,0.8839249014854431,0.8094838857650757
20260505_145205_17c16bd0,teacher_15b,noise,0.03,17.10718010521171,0.593218207359314,0.4952555000782013,0.7918267846107483,0.7596885561943054
20260505_145205_17c16bd0,student_l1b_c,noise,0.03,17.455806105159063,0.6104226112365723,0.47060126066207886,0.7987521886825562,0.8395949006080627
20260505_143942_686550_f00ca076,teacher_15b,clean,0.0,26.444117395716148,0.7970721125602722,0.10458038747310638,0.9609577655792236,0.8928287625312805
20260505_143942_686550_f00ca076,student_l1b_c,clean,0.0,26.129309742008214,0.7773012518882751,0.1284799575805664,0.9418083429336548,0.907555103302002
20260505_143942_686550_f00ca076,teacher_15b,exposure,0.8,27.415310744155757,0.7979789972305298,0.10927236825227737,0.9575391411781311,0.8895267844200134
20260505_143942_686550_f00ca076,student_l1b_c,exposure,0.8,26.371503696835678,0.7759079933166504,0.13441334664821625,0.9386576414108276,0.8967112302780151
20260505_143942_686550_f00ca076,teacher_15b,exposure,1.2,24.767965977970295,0.7923212051391602,0.10535186529159546,0.962649405002594,0.8941527605056763
20260505_143942_686550_f00ca076,student_l1b_c,exposure,1.2,22.879395921638753,0.7708511352539062,0.13386733829975128,0.9283100962638855,0.9051060080528259
20260505_143942_686550_f00ca076,teacher_15b,gamma,0.8,26.31924262304465,0.7957067489624023,0.10493659228086472,0.9591120481491089,0.8913077116012573
20260505_143942_686550_f00ca076,student_l1b_c,gamma,0.8,25.94006139862906,0.7736026048660278,0.1331602931022644,0.932592511177063,0.9099262952804565
20260505_143942_686550_f00ca076,teacher_15b,gamma,1.2,26.5769582851268,0.7977799773216248,0.10515960305929184,0.9566441774368286,0.8914419412612915
20260505_143942_686550_f00ca076,student_l1b_c,gamma,1.2,26.54661265144815,0.7794472575187683,0.12645041942596436,0.9480724930763245,0.9027578830718994
20260505_143942_686550_f00ca076,teacher_15b,blur,1.0,25.208190588712398,0.7663785219192505,0.3063502907752991,0.9361064434051514,0.8137180805206299
20260505_143942_686550_f00ca076,student_l1b_c,blur,1.0,20.137135105357192,0.6534320116043091,0.4236827790737152,0.8589581251144409,0.6311370134353638
20260505_143942_686550_f00ca076,teacher_15b,blur,2.0,17.432888236901636,0.5719043612480164,0.6397947072982788,0.7228703498840332,0.4393620193004608
20260505_143942_686550_f00ca076,student_l1b_c,blur,2.0,16.096167155751782,0.5117312669754028,0.6934247612953186,0.7849535942077637,0.44671058654785156
20260505_143942_686550_f00ca076,teacher_15b,noise,0.01,26.801092256732815,0.774202823638916,0.13436292111873627,0.9554504752159119,0.8744834661483765
20260505_143942_686550_f00ca076,student_l1b_c,noise,0.01,25.91889265633025,0.742581844329834,0.16825899481773376,0.9144424796104431,0.8276355862617493
20260505_143942_686550_f00ca076,teacher_15b,noise,0.03,17.452098176023142,0.4725015163421631,0.4970113933086395,0.8376029133796692,0.5551537275314331
20260505_143942_686550_f00ca076,student_l1b_c,noise,0.03,14.523649948303776,0.43269824981689453,0.5601036548614502,0.7631635665893555,0.5081824064254761
20260505_133946_508167_cf8c21ee,teacher_15b,clean,0.0,25.65362737479083,0.8801921606063843,0.06127334013581276,0.9726511240005493,0.9636298418045044
20260505_133946_508167_cf8c21ee,student_l1b_c,clean,0.0,23.715173625764212,0.8416387438774109,0.09102212637662888,0.9495141506195068,0.9184727668762207
20260505_133946_508167_cf8c21ee,teacher_15b,exposure,0.8,25.544276826020518,0.8775987029075623,0.06659325212240219,0.9789625406265259,0.9696334600448608
20260505_133946_508167_cf8c21ee,student_l1b_c,exposure,0.8,23.369490181575472,0.8388360738754272,0.09366468340158463,0.9574535489082336,0.9058374166488647
20260505_133946_508167_cf8c21ee,teacher_15b,exposure,1.2,24.681432125193577,0.8760088682174683,0.0638146623969078,0.9721924066543579,0.9655327796936035
20260505_133946_508167_cf8c21ee,student_l1b_c,exposure,1.2,21.99637957465127,0.8325767517089844,0.101155586540699,0.9428698420524597,0.9320322275161743
20260505_133946_508167_cf8c21ee,teacher_15b,gamma,0.8,25.637976012561026,0.8793411254882812,0.061831988394260406,0.978463351726532,0.9631861448287964
20260505_133946_508167_cf8c21ee,student_l1b_c,gamma,0.8,23.671310736568234,0.8396651148796082,0.09152760356664658,0.952149510383606,0.9218326807022095
20260505_133946_508167_cf8c21ee,teacher_15b,gamma,1.2,25.692221998502376,0.8807138800621033,0.061697788536548615,0.9698457717895508,0.9652702808380127
20260505_133946_508167_cf8c21ee,student_l1b_c,gamma,1.2,23.691459458460326,0.8425914645195007,0.09170336276292801,0.9494560360908508,0.9122002124786377
20260505_133946_508167_cf8c21ee,teacher_15b,blur,1.0,13.792707234684853,0.7154531478881836,0.4042242169380188,0.8493686318397522,0.7928053736686707
20260505_133946_508167_cf8c21ee,student_l1b_c,blur,1.0,14.928666763895155,0.7391898036003113,0.39093101024627686,0.8035767674446106,0.6244874000549316
20260505_133946_508167_cf8c21ee,teacher_15b,blur,2.0,12.071481982596117,0.5842339992523193,0.6658306121826172,0.6512550711631775,0.6783708333969116
20260505_133946_508167_cf8c21ee,student_l1b_c,blur,2.0,13.482797673269653,0.6365215182304382,0.6894510984420776,0.6719719171524048,0.6757487058639526
20260505_133946_508167_cf8c21ee,teacher_15b,noise,0.01,24.410829775546684,0.8570418357849121,0.08798649907112122,0.9602192640304565,0.9715853333473206
20260505_133946_508167_cf8c21ee,student_l1b_c,noise,0.01,15.36061966961646,0.7040656805038452,0.33720338344573975,0.8800351619720459,0.9236882925033569
20260505_133946_508167_cf8c21ee,teacher_15b,noise,0.03,13.662776354702435,0.5887546539306641,0.5389630198478699,0.8034368753433228,0.9011043906211853
20260505_133946_508167_cf8c21ee,student_l1b_c,noise,0.03,13.131568574398411,0.5135721564292908,0.6452375054359436,0.7799316644668579,0.8437619209289551
20260505_124829_629827_a473e239,teacher_15b,clean,0.0,25.555842513930756,0.8366963267326355,0.09740670025348663,0.9302568435668945,0.9581494331359863
20260505_124829_629827_a473e239,student_l1b_c,clean,0.0,24.283858982122165,0.8112455606460571,0.11595670878887177,0.8778599500656128,0.9215784072875977
20260505_124829_629827_a473e239,teacher_15b,exposure,0.8,24.90351206830789,0.820992648601532,0.10741658508777618,0.9238705039024353,0.9533436298370361
20260505_124829_629827_a473e239,student_l1b_c,exposure,0.8,23.656276848065104,0.793218731880188,0.1254085898399353,0.8853456377983093,0.9265792369842529
20260505_124829_629827_a473e239,teacher_15b,exposure,1.2,25.632802967453493,0.8431331515312195,0.09384359419345856,0.9317867159843445,0.9578908085823059
20260505_124829_629827_a473e239,student_l1b_c,exposure,1.2,23.742823590665534,0.8189312815666199,0.11514633893966675,0.8728930950164795,0.914554238319397
20260505_124829_629827_a473e239,teacher_15b,gamma,0.8,25.469286879951454,0.8347854614257812,0.09904782474040985,0.9258530139923096,0.9579355716705322
20260505_124829_629827_a473e239,student_l1b_c,gamma,0.8,24.32295263473283,0.8095025420188904,0.11687864363193512,0.8821219205856323,0.9201730489730835
20260505_124829_629827_a473e239,teacher_15b,gamma,1.2,25.576258293315487,0.8365076780319214,0.09680359810590744,0.9373070001602173,0.9576333165168762
20260505_124829_629827_a473e239,student_l1b_c,gamma,1.2,24.08908337337563,0.8085700869560242,0.11653971672058105,0.8808670043945312,0.923316240310669
20260505_124829_629827_a473e239,teacher_15b,blur,1.0,23.18378581893861,0.6367815732955933,0.4347435235977173,0.8894653916358948,0.9225643873214722
20260505_124829_629827_a473e239,student_l1b_c,blur,1.0,21.241122877280915,0.6162394881248474,0.46969351172447205,0.8795852065086365,0.9270281195640564
20260505_124829_629827_a473e239,teacher_15b,blur,2.0,15.55140379186319,0.47165513038635254,0.6979107856750488,0.815337598323822,0.8081949949264526
20260505_124829_629827_a473e239,student_l1b_c,blur,2.0,17.209631647341205,0.48865121603012085,0.7427694201469421,0.8469051122665405,0.7875303030014038
20260505_124829_629827_a473e239,teacher_15b,noise,0.01,24.71994651703036,0.8088892698287964,0.09920509159564972,0.9351781606674194,0.9402216672897339
20260505_124829_629827_a473e239,student_l1b_c,noise,0.01,24.205150601628116,0.7852218151092529,0.12162460386753082,0.8748343586921692,0.8990869522094727
20260505_124829_629827_a473e239,teacher_15b,noise,0.03,20.984858755816774,0.6619184017181396,0.19813060760498047,0.8987650275230408,0.9032002091407776
20260505_124829_629827_a473e239,student_l1b_c,noise,0.03,22.54047871043614,0.6608740091323853,0.20750465989112854,0.8207952380180359,0.8972883224487305
20260505_151433_0e5f0f67,teacher_15b,clean,0.0,23.699541781159382,0.7329530119895935,0.13674777746200562,0.9393484592437744,0.9369695782661438
20260505_151433_0e5f0f67,student_l1b_c,clean,0.0,21.464890295961304,0.6834413409233093,0.20093868672847748,0.8956727981567383,0.8319166898727417
20260505_151433_0e5f0f67,teacher_15b,exposure,0.8,22.837255516312016,0.7276277542114258,0.14226730167865753,0.9514467716217041,0.9155296087265015
20260505_151433_0e5f0f67,student_l1b_c,exposure,0.8,21.842815163718527,0.6888637542724609,0.20234134793281555,0.8919370174407959,0.820176362991333
20260505_151433_0e5f0f67,teacher_15b,exposure,1.2,23.39520311734224,0.7270333170890808,0.14221587777137756,0.9363422989845276,0.9460177421569824
20260505_151433_0e5f0f67,student_l1b_c,exposure,1.2,20.17513209829717,0.6639114618301392,0.20981578528881073,0.902426540851593,0.8428241014480591
20260505_151433_0e5f0f67,teacher_15b,gamma,0.8,23.70186421590978,0.7322520613670349,0.1379152536392212,0.9470436573028564,0.9381699562072754
20260505_151433_0e5f0f67,student_l1b_c,gamma,0.8,21.429266446272802,0.6832555532455444,0.1999548077583313,0.8987348675727844,0.8315434455871582
20260505_151433_0e5f0f67,teacher_15b,gamma,1.2,23.649322663062616,0.7333763837814331,0.13627664744853973,0.9468392729759216,0.9345052242279053
20260505_151433_0e5f0f67,student_l1b_c,gamma,1.2,21.534515789528427,0.6844719648361206,0.20199118554592133,0.8939187526702881,0.8319586515426636
20260505_151433_0e5f0f67,teacher_15b,blur,1.0,21.43682985735349,0.6498079299926758,0.35057532787323,0.8865740299224854,0.8400420546531677
20260505_151433_0e5f0f67,student_l1b_c,blur,1.0,17.698524646293336,0.593221127986908,0.4239861071109772,0.9032961130142212,0.7436275482177734
20260505_151433_0e5f0f67,teacher_15b,blur,2.0,13.91497538340682,0.44391393661499023,0.7012245655059814,0.6843159794807434,0.4072906970977783
20260505_151433_0e5f0f67,student_l1b_c,blur,2.0,12.933466102992668,0.4316938817501068,0.7153222560882568,0.7067380547523499,0.5935237407684326
20260505_151433_0e5f0f67,teacher_15b,noise,0.01,23.493310447466538,0.7164043188095093,0.1491832286119461,0.9240614771842957,0.9299478530883789
20260505_151433_0e5f0f67,student_l1b_c,noise,0.01,21.50019367156641,0.6705968379974365,0.21202005445957184,0.9093990325927734,0.8381403684616089
20260505_151433_0e5f0f67,teacher_15b,noise,0.03,21.061519538532927,0.6265988349914551,0.244179829955101,0.9129294753074646,0.8610718250274658
20260505_151433_0e5f0f67,student_l1b_c,noise,0.03,19.274558389897948,0.5654226541519165,0.35913026332855225,0.8776067495346069,0.7553325891494751
20260505_133240_995318_36673bd5,teacher_15b,clean,0.0,25.79233534191365,0.8219002485275269,0.07311329245567322,0.9790830016136169,0.9795569181442261
20260505_133240_995318_36673bd5,student_l1b_c,clean,0.0,23.16826570539483,0.7741078734397888,0.1350051611661911,0.9199777245521545,0.9272015690803528
20260505_133240_995318_36673bd5,teacher_15b,exposure,0.8,24.5609688104182,0.8160613775253296,0.08350534737110138,0.9738399982452393,0.9781209230422974
20260505_133240_995318_36673bd5,student_l1b_c,exposure,0.8,22.97909927553574,0.7713646292686462,0.14355787634849548,0.9134864211082458,0.9059078097343445
20260505_133240_995318_36673bd5,teacher_15b,exposure,1.2,25.769467618492257,0.8182992935180664,0.07393687218427658,0.9806458353996277,0.9807657599449158
20260505_133240_995318_36673bd5,student_l1b_c,exposure,1.2,22.415145284562552,0.7564489841461182,0.1447916477918625,0.9273555278778076,0.9376455545425415
20260505_133240_995318_36673bd5,teacher_15b,gamma,0.8,25.783436280035545,0.8220329284667969,0.0737404078245163,0.9791806936264038,0.9805999398231506
20260505_133240_995318_36673bd5,student_l1b_c,gamma,0.8,23.15036232891732,0.7759124040603638,0.1355506181716919,0.9244856834411621,0.9253525733947754
20260505_133240_995318_36673bd5,teacher_15b,gamma,1.2,25.74849878214017,0.8214707374572754,0.07320842891931534,0.9772644639015198,0.9784063100814819
20260505_133240_995318_36673bd5,student_l1b_c,gamma,1.2,23.157769479414625,0.7719097137451172,0.1368083357810974,0.9200057983398438,0.9229708313941956
20260505_133240_995318_36673bd5,teacher_15b,blur,1.0,22.778125879046325,0.6803261637687683,0.36132562160491943,0.9509923458099365,0.9202886819839478
20260505_133240_995318_36673bd5,student_l1b_c,blur,1.0,17.508302953104817,0.5828015804290771,0.47411012649536133,0.8604174256324768,0.807287335395813
20260505_133240_995318_36673bd5,teacher_15b,blur,2.0,13.753950912410232,0.46674832701683044,0.6390114426612854,0.7562163472175598,0.37075865268707275
20260505_133240_995318_36673bd5,student_l1b_c,blur,2.0,14.563948658776395,0.4662303328514099,0.6889264583587646,0.7146831750869751,0.4237918257713318
20260505_133240_995318_36673bd5,teacher_15b,noise,0.01,24.67453019196185,0.8032046556472778,0.08263099938631058,0.9741093516349792,0.9790201187133789
20260505_133240_995318_36673bd5,student_l1b_c,noise,0.01,23.015445105200513,0.7573041915893555,0.14307621121406555,0.9255024194717407,0.9147544503211975
20260505_133240_995318_36673bd5,teacher_15b,noise,0.03,20.71663041337416,0.7000333666801453,0.16878533363342285,0.9308505058288574,0.8706139326095581
20260505_133240_995318_36673bd5,student_l1b_c,noise,0.03,20.934281178730032,0.6500861644744873,0.23165583610534668,0.8769881725311279,0.8004599213600159
20260505_160911_0c4eecad,teacher_15b,clean,0.0,21.966092197081526,0.7219055891036987,0.12818124890327454,0.9359827041625977,0.9344707727432251
20260505_160911_0c4eecad,student_l1b_c,clean,0.0,19.27232169407991,0.6541067957878113,0.189510777592659,0.9140856266021729,0.9316287040710449
20260505_160911_0c4eecad,teacher_15b,exposure,0.8,21.65231028221612,0.7177987098693848,0.13600289821624756,0.9339495897293091,0.928722083568573
20260505_160911_0c4eecad,student_l1b_c,exposure,0.8,18.06387551391351,0.6369567513465881,0.2091362029314041,0.8972412347793579,0.9356896877288818
20260505_160911_0c4eecad,teacher_15b,exposure,1.2,21.553796840075172,0.7169560194015503,0.13148242235183716,0.9367015957832336,0.9365911483764648
20260505_160911_0c4eecad,student_l1b_c,exposure,1.2,19.42333174638406,0.6514285802841187,0.19465957581996918,0.911810040473938,0.9288926124572754
20260505_160911_0c4eecad,teacher_15b,gamma,0.8,22.006042724606232,0.7213708162307739,0.12882880866527557,0.9337235689163208,0.9316201210021973
20260505_160911_0c4eecad,student_l1b_c,gamma,0.8,19.17386347712654,0.651626706123352,0.19211311638355255,0.9174972772598267,0.9368485808372498
20260505_160911_0c4eecad,teacher_15b,gamma,1.2,21.930491667224345,0.7221219539642334,0.12810564041137695,0.9399840235710144,0.9367328882217407
20260505_160911_0c4eecad,student_l1b_c,gamma,1.2,19.23938944548051,0.6549632549285889,0.18997927010059357,0.9143019914627075,0.9277772307395935
20260505_160911_0c4eecad,teacher_15b,blur,1.0,19.081008554174915,0.6066466569900513,0.39154037833213806,0.8401802182197571,0.8851411938667297
20260505_160911_0c4eecad,student_l1b_c,blur,1.0,15.61730492445342,0.5456083416938782,0.5366655588150024,0.674699604511261,0.7822258472442627
20260505_160911_0c4eecad,teacher_15b,blur,2.0,15.322962455810238,0.44780880212783813,0.7460588216781616,0.5552331805229187,0.6446528434753418
20260505_160911_0c4eecad,student_l1b_c,blur,2.0,13.540068414877624,0.4305567443370819,0.7822230458259583,0.6176928281784058,0.6484820246696472
20260505_160911_0c4eecad,teacher_15b,noise,0.01,21.348020956913196,0.7001972198486328,0.14844737946987152,0.9270406365394592,0.9260631799697876
20260505_160911_0c4eecad,student_l1b_c,noise,0.01,18.780770606460653,0.6362223625183105,0.20976927876472473,0.9062875509262085,0.9266589879989624
20260505_160911_0c4eecad,teacher_15b,noise,0.03,18.813623913638946,0.5912723541259766,0.2879086434841156,0.8599535822868347,0.8814278841018677
20260505_160911_0c4eecad,student_l1b_c,noise,0.03,17.583068180028743,0.5460867285728455,0.33370503783226013,0.8387606143951416,0.8575021624565125
20260505_121950_518366_a473e239,teacher_15b,clean,0.0,26.170740730440176,0.847390353679657,0.08293436467647552,0.9652732014656067,0.9755300283432007
20260505_121950_518366_a473e239,student_l1b_c,clean,0.0,23.001245365623333,0.8029765486717224,0.12162239104509354,0.9539750814437866,0.954170823097229
20260505_121950_518366_a473e239,teacher_15b,exposure,0.8,27.00241164710347,0.8535186648368835,0.08600341528654099,0.9634898900985718,0.971049964427948
20260505_121950_518366_a473e239,student_l1b_c,exposure,0.8,24.935576905393845,0.8154191374778748,0.11959924548864365,0.9521952867507935,0.9561069011688232
20260505_121950_518366_a473e239,teacher_15b,exposure,1.2,23.546210952974217,0.8271480798721313,0.09068094193935394,0.9623030424118042,0.9771414995193481
20260505_121950_518366_a473e239,student_l1b_c,exposure,1.2,20.14829559847113,0.7711544036865234,0.13693544268608093,0.948935329914093,0.9453701376914978
20260505_121950_518366_a473e239,teacher_15b,gamma,0.8,25.734608539560956,0.8461596369743347,0.08429580926895142,0.9614831209182739,0.974727988243103
20260505_121950_518366_a473e239,student_l1b_c,gamma,0.8,23.11256442375361,0.807407557964325,0.12234550714492798,0.9562844634056091,0.9566598534584045
20260505_121950_518366_a473e239,teacher_15b,gamma,1.2,26.553790937571122,0.8477209806442261,0.08188770711421967,0.9651491641998291,0.9755918979644775
20260505_121950_518366_a473e239,student_l1b_c,gamma,1.2,23.05236354310559,0.7983919978141785,0.12210378795862198,0.9546678066253662,0.9523125886917114
20260505_121950_518366_a473e239,teacher_15b,blur,1.0,19.032638072201763,0.7225544452667236,0.30892470479011536,0.9476009607315063,0.9265397787094116
20260505_121950_518366_a473e239,student_l1b_c,blur,1.0,16.582619638010772,0.6825529932975769,0.3907468020915985,0.9151756763458252,0.9039016962051392
20260505_121950_518366_a473e239,teacher_15b,blur,2.0,14.010258037881371,0.5825480222702026,0.6010632514953613,0.6911206245422363,0.7060419321060181
20260505_121950_518366_a473e239,student_l1b_c,blur,2.0,14.582773036444173,0.5781501531600952,0.6312772035598755,0.6121179461479187,0.7065925598144531
20260505_121950_518366_a473e239,teacher_15b,noise,0.01,26.647861657277886,0.8282853364944458,0.09834666550159454,0.9632841348648071,0.963253915309906
20260505_121950_518366_a473e239,student_l1b_c,noise,0.01,22.805501025163558,0.7825900912284851,0.14480724930763245,0.9418630599975586,0.9518258571624756
20260505_121950_518366_a473e239,teacher_15b,noise,0.03,22.34389020494227,0.6979567408561707,0.250394731760025,0.9146113395690918,0.9304576516151428
20260505_121950_518366_a473e239,student_l1b_c,noise,0.03,18.500983808287316,0.6257882118225098,0.3161447048187256,0.8552370667457581,0.89277184009552
20260505_144047_742649_f00ca076,teacher_15b,clean,0.0,23.781746665749637,0.8446442484855652,0.09306000173091888,0.9528840780258179,0.9245775938034058
20260505_144047_742649_f00ca076,student_l1b_c,clean,0.0,19.942052765196745,0.8148245811462402,0.14725352823734283,0.9300280809402466,0.8387342691421509
20260505_144047_742649_f00ca076,teacher_15b,exposure,0.8,23.567154885204697,0.8415857553482056,0.10024800896644592,0.9473382830619812,0.9208177924156189
20260505_144047_742649_f00ca076,student_l1b_c,exposure,0.8,19.69377162949927,0.807814359664917,0.15923669934272766,0.9235922694206238,0.8496534824371338
20260505_144047_742649_f00ca076,teacher_15b,exposure,1.2,23.49974334586338,0.8413118720054626,0.09294653683900833,0.9570798873901367,0.9204850792884827
20260505_144047_742649_f00ca076,student_l1b_c,exposure,1.2,19.04459271918914,0.811900794506073,0.14879187941551208,0.9220753908157349,0.8273618817329407
20260505_144047_742649_f00ca076,teacher_15b,gamma,0.8,23.774041919649566,0.8446587324142456,0.09456107765436172,0.9536057710647583,0.9198831915855408
20260505_144047_742649_f00ca076,student_l1b_c,gamma,0.8,20.118174516068915,0.8155166506767273,0.14791397750377655,0.9313066005706787,0.8413301110267639
20260505_144047_742649_f00ca076,teacher_15b,gamma,1.2,23.751914135161613,0.8441168665885925,0.09296640008687973,0.9599677920341492,0.9285202622413635
20260505_144047_742649_f00ca076,student_l1b_c,gamma,1.2,19.760749282885627,0.8130267858505249,0.1494898647069931,0.9329437613487244,0.8481659889221191
20260505_144047_742649_f00ca076,teacher_15b,blur,1.0,21.72734116840589,0.7002780437469482,0.4046347141265869,0.8876652717590332,0.7802516222000122
20260505_144047_742649_f00ca076,student_l1b_c,blur,1.0,18.783994458818654,0.6796087026596069,0.4878541827201843,0.909271776676178,0.841399073600769
20260505_144047_742649_f00ca076,teacher_15b,blur,2.0,17.415562248008012,0.6010849475860596,0.6804019808769226,0.8538787364959717,0.6197850704193115
20260505_144047_742649_f00ca076,student_l1b_c,blur,2.0,17.92918288162346,0.6056170463562012,0.7002748847007751,0.860231876373291,0.7293196320533752
20260505_144047_742649_f00ca076,teacher_15b,noise,0.01,23.102345980817688,0.8172325491905212,0.1129792109131813,0.9443239569664001,0.907067060470581
20260505_144047_742649_f00ca076,student_l1b_c,noise,0.01,20.451830949386324,0.7869698405265808,0.1508563607931137,0.9487103223800659,0.8937361836433411
20260505_144047_742649_f00ca076,teacher_15b,noise,0.03,18.72897267494921,0.6796234846115112,0.2518577575683594,0.892889142036438,0.8611838221549988
20260505_144047_742649_f00ca076,student_l1b_c,noise,0.03,18.015316927600594,0.6506185531616211,0.2735655903816223,0.8333016633987427,0.7914544343948364
20260505_153748_0c4eecad,teacher_15b,clean,0.0,18.732650080573055,0.7176294326782227,0.1804615557193756,0.8948511481285095,0.9031763672828674
20260505_153748_0c4eecad,student_l1b_c,clean,0.0,16.942366057301015,0.6158408522605896,0.2673172056674957,0.8117531538009644,0.8465980291366577
20260505_153748_0c4eecad,teacher_15b,exposure,0.8,18.45297575251092,0.7030172348022461,0.190011128783226,0.9008632898330688,0.9091904163360596
20260505_153748_0c4eecad,student_l1b_c,exposure,0.8,17.01699471621137,0.6098867654800415,0.2664772570133209,0.8074341416358948,0.8527811169624329
20260505_153748_0c4eecad,teacher_15b,exposure,1.2,18.629801995920175,0.7191020846366882,0.18217740952968597,0.8857440948486328,0.8927168846130371
20260505_153748_0c4eecad,student_l1b_c,exposure,1.2,16.66316458459306,0.6131093502044678,0.27050769329071045,0.813859224319458,0.834564208984375
20260505_153748_0c4eecad,teacher_15b,gamma,0.8,18.73042236896867,0.7183113098144531,0.18028497695922852,0.8923901319503784,0.905953586101532
20260505_153748_0c4eecad,student_l1b_c,gamma,0.8,16.912429575493228,0.6169519424438477,0.2647160291671753,0.8107923269271851,0.8507763743400574
20260505_153748_0c4eecad,teacher_15b,gamma,1.2,18.71911720832238,0.7159116268157959,0.18137656152248383,0.8943488001823425,0.9004905223846436
20260505_153748_0c4eecad,student_l1b_c,gamma,1.2,16.98981420198086,0.6142996549606323,0.26932018995285034,0.8188756704330444,0.842666506767273
20260505_153748_0c4eecad,teacher_15b,blur,1.0,16.99272337933589,0.5387567281723022,0.3917117118835449,0.8720507621765137,0.8637775778770447
20260505_153748_0c4eecad,student_l1b_c,blur,1.0,15.760850001232447,0.466974675655365,0.4776476323604584,0.8190836310386658,0.7186399698257446
20260505_153748_0c4eecad,teacher_15b,blur,2.0,13.683403483799255,0.34866854548454285,0.6662918329238892,0.7042403817176819,0.600770115852356
20260505_153748_0c4eecad,student_l1b_c,blur,2.0,14.832813417759336,0.3600875735282898,0.6800290942192078,0.729759693145752,0.5206959843635559
20260505_153748_0c4eecad,teacher_15b,noise,0.01,18.335149833533077,0.6927433013916016,0.18828734755516052,0.8888413310050964,0.8931988477706909
20260505_153748_0c4eecad,student_l1b_c,noise,0.01,16.847710649164434,0.6041578650474548,0.27406254410743713,0.8265461921691895,0.82045578956604
20260505_153748_0c4eecad,teacher_15b,noise,0.03,15.455488871031324,0.5322811603546143,0.34238171577453613,0.8128371834754944,0.746856153011322
20260505_153748_0c4eecad,student_l1b_c,noise,0.03,15.453976897496526,0.502562403678894,0.39015430212020874,0.7328060865402222,0.5919180512428284
20260505_150039_17c16bd0,teacher_15b,clean,0.0,21.183316321123677,0.7536351084709167,0.12462163716554642,0.9801379442214966,0.9437437057495117
20260505_150039_17c16bd0,student_l1b_c,clean,0.0,20.055045737826326,0.7211011648178101,0.15637731552124023,0.9544315934181213,0.8956098556518555
20260505_150039_17c16bd0,teacher_15b,exposure,0.8,20.657118613839355,0.7489458322525024,0.13187307119369507,0.9804844856262207,0.9281356334686279
20260505_150039_17c16bd0,student_l1b_c,exposure,0.8,19.612659926179372,0.7291549444198608,0.15447382628917694,0.9526054859161377,0.885013222694397
20260505_150039_17c16bd0,teacher_15b,exposure,1.2,21.427671227612592,0.7501921653747559,0.1253224015235901,0.9770361185073853,0.9463150501251221
20260505_150039_17c16bd0,student_l1b_c,exposure,1.2,19.181509316614623,0.6899633407592773,0.177362859249115,0.9602725505828857,0.8893927335739136
20260505_150039_17c16bd0,teacher_15b,gamma,0.8,21.233127307062283,0.753746509552002,0.12570935487747192,0.9811643362045288,0.9390521049499512
20260505_150039_17c16bd0,student_l1b_c,gamma,0.8,19.87035162210657,0.718543291091919,0.16091075539588928,0.952959418296814,0.887283980846405
20260505_150039_17c16bd0,teacher_15b,gamma,1.2,21.12332687910812,0.7531835436820984,0.12417009472846985,0.9821774959564209,0.9456626176834106
20260505_150039_17c16bd0,student_l1b_c,gamma,1.2,20.079597205959985,0.7242696285247803,0.15458789467811584,0.9439117908477783,0.8927521705627441
20260505_150039_17c16bd0,teacher_15b,blur,1.0,18.08072446804886,0.6834794878959656,0.30004146695137024,0.9721433520317078,0.768216609954834
20260505_150039_17c16bd0,student_l1b_c,blur,1.0,10.526578345710654,0.4493296146392822,0.6198908686637878,0.9025571346282959,0.4706748127937317
20260505_150039_17c16bd0,teacher_15b,blur,2.0,9.910633856775895,0.37096643447875977,0.8488271236419678,0.8212894201278687,0.32027649879455566
20260505_150039_17c16bd0,student_l1b_c,blur,2.0,9.671735490719955,0.4275084435939789,0.8226444721221924,0.856586217880249,0.383100301027298
20260505_150039_17c16bd0,teacher_15b,noise,0.01,20.060385235182686,0.7113865613937378,0.15987016260623932,0.9754235744476318,0.9207656383514404
20260505_150039_17c16bd0,student_l1b_c,noise,0.01,15.464895771903517,0.5162559747695923,0.3228706419467926,0.9326664805412292,0.574726939201355
20260505_150039_17c16bd0,teacher_15b,noise,0.03,10.875615698338779,0.3169632852077484,0.5474796891212463,0.8407639265060425,0.4943479299545288
20260505_150039_17c16bd0,student_l1b_c,noise,0.03,11.462248794110723,0.31081724166870117,0.5847516655921936,0.8644812107086182,0.5507427453994751
20260505_153703_0c4eecad,teacher_15b,clean,0.0,13.32703528977033,0.5746027231216431,0.29942354559898376,0.9113153219223022,0.6517553329467773
20260505_153703_0c4eecad,student_l1b_c,clean,0.0,12.210555668321984,0.5258598923683167,0.2789345979690552,0.8951444029808044,0.650877058506012
20260505_153703_0c4eecad,teacher_15b,exposure,0.8,13.119752530214086,0.5839794874191284,0.31309208273887634,0.9199972748756409,0.6631249189376831
20260505_153703_0c4eecad,student_l1b_c,exposure,0.8,11.585710795392982,0.5383914709091187,0.2814752459526062,0.9050995707511902,0.6686246991157532
20260505_153703_0c4eecad,teacher_15b,exposure,1.2,12.661646724121107,0.5513378381729126,0.3020419776439667,0.8956425786018372,0.6574157476425171
20260505_153703_0c4eecad,student_l1b_c,exposure,1.2,12.44162186457144,0.49891847372055054,0.2807188034057617,0.8832527995109558,0.613110363483429
20260505_153703_0c4eecad,teacher_15b,gamma,0.8,13.595848167325997,0.5812307596206665,0.2929716110229492,0.9143523573875427,0.6500935554504395
20260505_153703_0c4eecad,student_l1b_c,gamma,0.8,12.232370617197386,0.5332352519035339,0.2790473699569702,0.8999584913253784,0.6449649333953857
20260505_153703_0c4eecad,teacher_15b,gamma,1.2,13.132932678176811,0.569549560546875,0.3032568395137787,0.9139708280563354,0.663639485836029
20260505_153703_0c4eecad,student_l1b_c,gamma,1.2,12.149766297097653,0.5219561457633972,0.2784305810928345,0.8965944647789001,0.6492855548858643
20260505_153703_0c4eecad,teacher_15b,blur,1.0,10.983431507428236,0.5024320483207703,0.41701316833496094,0.8876441717147827,0.6803237795829773
20260505_153703_0c4eecad,student_l1b_c,blur,1.0,14.052500764388359,0.5934557914733887,0.37797150015830994,0.9010635614395142,0.6100022792816162
20260505_153703_0c4eecad,teacher_15b,blur,2.0,11.476844712788946,0.5455132722854614,0.5316729545593262,0.861277163028717,0.48051735758781433
20260505_153703_0c4eecad,student_l1b_c,blur,2.0,12.357585448038071,0.5487391352653503,0.5445999503135681,0.8301340341567993,0.4570072591304779
20260505_153703_0c4eecad,teacher_15b,noise,0.01,12.538776300638839,0.5093178749084473,0.31506282091140747,0.8864796161651611,0.6676777601242065
20260505_153703_0c4eecad,student_l1b_c,noise,0.01,12.859558862867331,0.4973991811275482,0.30148741602897644,0.8449847102165222,0.6420116424560547
20260505_153703_0c4eecad,teacher_15b,noise,0.03,13.262155505539253,0.42163586616516113,0.49827784299850464,0.8771930932998657,0.5474520325660706
20260505_153703_0c4eecad,student_l1b_c,noise,0.03,11.177016689076423,0.35775691270828247,0.5432195663452148,0.7928961515426636,0.5201156139373779
20260505_140104_622007_cf8c21ee,teacher_15b,clean,0.0,35.55598361399804,0.9425591230392456,0.019066883251070976,0.9805128574371338,0.8712446689605713
20260505_140104_622007_cf8c21ee,student_l1b_c,clean,0.0,31.646528969856803,0.9071242213249207,0.04281075298786163,0.9566024541854858,0.875290036201477
20260505_140104_622007_cf8c21ee,teacher_15b,exposure,0.8,32.19902883650952,0.9377454519271851,0.02421763725578785,0.9787102341651917,0.8743983507156372
20260505_140104_622007_cf8c21ee,student_l1b_c,exposure,0.8,28.105099089877857,0.8977112174034119,0.04969346523284912,0.9456813335418701,0.8791744709014893
20260505_140104_622007_cf8c21ee,teacher_15b,exposure,1.2,32.2530896785861,0.9346969127655029,0.021689847111701965,0.9785412549972534,0.8649880886077881
20260505_140104_622007_cf8c21ee,student_l1b_c,exposure,1.2,28.065264275640807,0.8928204774856567,0.05247855931520462,0.9573475122451782,0.8680000305175781
20260505_140104_622007_cf8c21ee,teacher_15b,gamma,0.8,35.16638130252816,0.9422594308853149,0.019544582813978195,0.9796732664108276,0.8690000772476196
20260505_140104_622007_cf8c21ee,student_l1b_c,gamma,0.8,30.514874611400053,0.9045469760894775,0.0447150394320488,0.9551783800125122,0.8784414529800415
20260505_140104_622007_cf8c21ee,teacher_15b,gamma,1.2,35.68087150392443,0.9422709941864014,0.019126126542687416,0.9807100296020508,0.8729248046875
20260505_140104_622007_cf8c21ee,student_l1b_c,gamma,1.2,32.082057561177805,0.9062985777854919,0.04321901127696037,0.9564247727394104,0.8746819496154785
20260505_140104_622007_cf8c21ee,teacher_15b,blur,1.0,29.17036577156949,0.8753584623336792,0.19171608984470367,0.9608075618743896,0.9383111596107483
20260505_140104_622007_cf8c21ee,student_l1b_c,blur,1.0,27.918641764985214,0.835361123085022,0.21711969375610352,0.9037411212921143,0.8650057315826416
20260505_140104_622007_cf8c21ee,teacher_15b,blur,2.0,17.510627996994568,0.6245540976524353,0.5283817052841187,0.8359751105308533,0.7377137541770935
20260505_140104_622007_cf8c21ee,student_l1b_c,blur,2.0,17.835378920619142,0.5941169261932373,0.5756113529205322,0.7853071689605713,0.7547245025634766
20260505_140104_622007_cf8c21ee,teacher_15b,noise,0.01,35.14140052867707,0.931420087814331,0.022793646901845932,0.9747522473335266,0.8751087188720703
20260505_140104_622007_cf8c21ee,student_l1b_c,noise,0.01,31.173359411677055,0.8895992040634155,0.054384902119636536,0.9672130346298218,0.8639888763427734
20260505_140104_622007_cf8c21ee,teacher_15b,noise,0.03,19.049065363276224,0.7716705203056335,0.2033950537443161,0.9277666807174683,0.8212687969207764
20260505_140104_622007_cf8c21ee,student_l1b_c,noise,0.03,16.573825218351494,0.6002504825592041,0.32805487513542175,0.8363718390464783,0.7447885274887085
20260505_150826_69a6a237,teacher_15b,clean,0.0,34.714628627593974,0.9404317736625671,0.059872884303331375,0.9789722561836243,0.9717714786529541
20260505_150826_69a6a237,student_l1b_c,clean,0.0,32.160080547292424,0.9061128497123718,0.09334205836057663,0.9794986844062805,0.9543531537055969
20260505_150826_69a6a237,teacher_15b,exposure,0.8,27.802932586746714,0.9385043978691101,0.06291453540325165,0.9781560897827148,0.9732488393783569
20260505_150826_69a6a237,student_l1b_c,exposure,0.8,25.86081025034325,0.9051146507263184,0.09338083118200302,0.9754670858383179,0.9544832706451416
20260505_150826_69a6a237,teacher_15b,exposure,1.2,33.27291110583776,0.9387204647064209,0.061389707028865814,0.9782534837722778,0.9704806804656982
20260505_150826_69a6a237,student_l1b_c,exposure,1.2,27.48261049372125,0.8996202945709229,0.10659272223711014,0.9738740921020508,0.9529526233673096
20260505_150826_69a6a237,teacher_15b,gamma,0.8,35.41036886045888,0.9406611323356628,0.05953509733080864,0.9813940525054932,0.9697784185409546
20260505_150826_69a6a237,student_l1b_c,gamma,0.8,31.995731031889733,0.9032945036888123,0.09211132675409317,0.9779813289642334,0.9542586803436279
20260505_150826_69a6a237,teacher_15b,gamma,1.2,33.86474606159909,0.9398877024650574,0.06077258288860321,0.9786282777786255,0.972500205039978
20260505_150826_69a6a237,student_l1b_c,gamma,1.2,31.22736066230391,0.9049109816551208,0.0961325392127037,0.9768331050872803,0.9539536237716675
20260505_150826_69a6a237,teacher_15b,blur,1.0,31.314056553074188,0.9011384844779968,0.14571554958820343,0.9480464458465576,0.9216105341911316
20260505_150826_69a6a237,student_l1b_c,blur,1.0,30.137945021727262,0.8881091475486755,0.17616374790668488,0.9253233075141907,0.9061914682388306
20260505_150826_69a6a237,teacher_15b,blur,2.0,22.989106748906917,0.8206278681755066,0.3371714949607849,0.8066298961639404,0.43785595893859863
20260505_150826_69a6a237,student_l1b_c,blur,2.0,23.39836864451984,0.8159723281860352,0.3708937466144562,0.8324816226959229,0.30691882967948914
20260505_150826_69a6a237,teacher_15b,noise,0.01,30.032183474326366,0.903496265411377,0.11718328297138214,0.9485587477684021,0.9358121156692505
20260505_150826_69a6a237,student_l1b_c,noise,0.01,27.299749862391383,0.8586280345916748,0.17774882912635803,0.9071918725967407,0.8113925457000732
20260505_150826_69a6a237,teacher_15b,noise,0.03,19.940733117728893,0.6386440992355347,0.47758156061172485,0.7465940117835999,0.6070809364318848
20260505_150826_69a6a237,student_l1b_c,noise,0.03,22.687987990851397,0.6029582023620605,0.5126148462295532,0.7687970399856567,0.69945228099823
20260505_130957_700071_a473e239,teacher_15b,clean,0.0,29.04088076072781,0.8470434546470642,0.07505731284618378,0.9658147096633911,0.9774106740951538
20260505_130957_700071_a473e239,student_l1b_c,clean,0.0,27.83049548379417,0.8135194182395935,0.12384462356567383,0.9465891122817993,0.9630477428436279
20260505_130957_700071_a473e239,teacher_15b,exposure,0.8,26.82487761062168,0.8402993083000183,0.07721270620822906,0.9701588153839111,0.9811903238296509
20260505_130957_700071_a473e239,student_l1b_c,exposure,0.8,24.66906002851818,0.7963813543319702,0.1336296945810318,0.9443413019180298,0.9633328318595886
20260505_130957_700071_a473e239,teacher_15b,exposure,1.2,27.063148517771282,0.8437630534172058,0.07725769281387329,0.9628640413284302,0.9732397794723511
20260505_130957_700071_a473e239,student_l1b_c,exposure,1.2,24.94294149897054,0.8081455230712891,0.13095085322856903,0.9365783929824829,0.9625831842422485
20260505_130957_700071_a473e239,teacher_15b,gamma,0.8,28.894725565526315,0.8453020453453064,0.07481908053159714,0.9663082361221313,0.9756056666374207
20260505_130957_700071_a473e239,student_l1b_c,gamma,0.8,27.49352162715807,0.8093506693840027,0.12313943356275558,0.9467324614524841,0.962188720703125
20260505_130957_700071_a473e239,teacher_15b,gamma,1.2,29.03048095808396,0.8475130796432495,0.07623322308063507,0.968482255935669,0.9788610935211182
20260505_130957_700071_a473e239,student_l1b_c,gamma,1.2,27.80684772404208,0.8142551779747009,0.12670621275901794,0.9479944705963135,0.964415967464447
20260505_130957_700071_a473e239,teacher_15b,blur,1.0,23.12874505315611,0.6944229006767273,0.3219647705554962,0.904503583908081,0.961467981338501
20260505_130957_700071_a473e239,student_l1b_c,blur,1.0,22.07125162075566,0.6143245697021484,0.42790523171424866,0.9145644903182983,0.911324143409729
20260505_130957_700071_a473e239,teacher_15b,blur,2.0,18.94403925959653,0.48729610443115234,0.6251877546310425,0.8381334543228149,0.8322614431381226
20260505_130957_700071_a473e239,student_l1b_c,blur,2.0,19.832609709840415,0.49021750688552856,0.6714722514152527,0.8336924910545349,0.8176236152648926
20260505_130957_700071_a473e239,teacher_15b,noise,0.01,28.618048325142638,0.8363720774650574,0.08420036733150482,0.9629384279251099,0.9684745669364929
20260505_130957_700071_a473e239,student_l1b_c,noise,0.01,27.66437062492979,0.7996777296066284,0.13785673677921295,0.9200237989425659,0.9549345374107361
20260505_130957_700071_a473e239,teacher_15b,noise,0.03,23.991805939637455,0.7276684045791626,0.23558416962623596,0.922370195388794,0.9271403551101685
20260505_130957_700071_a473e239,student_l1b_c,noise,0.03,22.3473088232684,0.7014991044998169,0.2614898085594177,0.9066237211227417,0.8122321367263794
20260505_122033_622021_a473e239,teacher_15b,clean,0.0,20.959266812789412,0.758118748664856,0.1684526652097702,0.9576841592788696,0.8869726061820984
20260505_122033_622021_a473e239,student_l1b_c,clean,0.0,20.3254940898093,0.7228589057922363,0.21170803904533386,0.9277294874191284,0.8159838914871216
20260505_122033_622021_a473e239,teacher_15b,exposure,0.8,21.683787847937943,0.764075756072998,0.17081835865974426,0.9543662071228027,0.9022892713546753
20260505_122033_622021_a473e239,student_l1b_c,exposure,0.8,20.702623515115874,0.730809211730957,0.20919428765773773,0.9219850897789001,0.8072963953018188
20260505_122033_622021_a473e239,teacher_15b,exposure,1.2,19.666477326404312,0.7413143515586853,0.17763647437095642,0.9544923305511475,0.8715392351150513
20260505_122033_622021_a473e239,student_l1b_c,exposure,1.2,18.765695526012458,0.7053565979003906,0.2210591435432434,0.9236884117126465,0.8385448455810547
20260505_122033_622021_a473e239,teacher_15b,gamma,0.8,20.768045147272932,0.7540103197097778,0.1699538677930832,0.9486485719680786,0.8857606649398804
20260505_122033_622021_a473e239,student_l1b_c,gamma,0.8,20.000368583292996,0.7183254957199097,0.21445506811141968,0.9350752830505371,0.8173418045043945
20260505_122033_622021_a473e239,teacher_15b,gamma,1.2,21.152093183146846,0.7616445422172546,0.16758786141872406,0.9514089822769165,0.8904052972793579
20260505_122033_622021_a473e239,student_l1b_c,gamma,1.2,20.63262657225043,0.7267603278160095,0.2095223069190979,0.9370959997177124,0.8161121606826782
20260505_122033_622021_a473e239,teacher_15b,blur,1.0,17.137916961185415,0.6533321142196655,0.41590628027915955,0.919750452041626,0.724338948726654
20260505_122033_622021_a473e239,student_l1b_c,blur,1.0,16.710483436343452,0.6320105791091919,0.4426212012767792,0.9185580015182495,0.7266345024108887
20260505_122033_622021_a473e239,teacher_15b,blur,2.0,15.41587662792228,0.5714550614356995,0.6220415234565735,0.7759500741958618,0.5235040187835693
20260505_122033_622021_a473e239,student_l1b_c,blur,2.0,17.008761626039618,0.5916420221328735,0.6443871259689331,0.8268734812736511,0.6635072231292725
20260505_122033_622021_a473e239,teacher_15b,noise,0.01,20.828346745595727,0.7395731806755066,0.18084198236465454,0.9452082514762878,0.8816854357719421
20260505_122033_622021_a473e239,student_l1b_c,noise,0.01,20.11502729565445,0.701528787612915,0.22537446022033691,0.9247007966041565,0.7992883920669556
20260505_122033_622021_a473e239,teacher_15b,noise,0.03,22.062357664180023,0.6778616309165955,0.257252037525177,0.91422039270401,0.8721560835838318
20260505_122033_622021_a473e239,student_l1b_c,noise,0.03,18.18638788039496,0.5619911551475525,0.3570890426635742,0.8799613118171692,0.845086395740509
20260505_143238_258848_f00ca076,teacher_15b,clean,0.0,25.83428096615102,0.8676855564117432,0.10192539542913437,0.9525932669639587,0.9685882329940796
20260505_143238_258848_f00ca076,student_l1b_c,clean,0.0,22.695077160927205,0.8131194114685059,0.165027916431427,0.8686745166778564,0.9327661991119385
20260505_143238_258848_f00ca076,teacher_15b,exposure,0.8,25.03194457344208,0.8597545623779297,0.1094014123082161,0.9545937776565552,0.9703513383865356
20260505_143238_258848_f00ca076,student_l1b_c,exposure,0.8,21.95419839625046,0.8052491545677185,0.16946490108966827,0.8500235080718994,0.9365794658660889
20260505_143238_258848_f00ca076,teacher_15b,exposure,1.2,24.899843054907986,0.8632327914237976,0.10271552205085754,0.9479543566703796,0.9617238640785217
20260505_143238_258848_f00ca076,student_l1b_c,exposure,1.2,21.469776525361276,0.8008987307548523,0.1776539832353592,0.8791976571083069,0.9265333414077759
20260505_143238_258848_f00ca076,teacher_15b,gamma,0.8,25.815560225813975,0.8675025701522827,0.10247764736413956,0.95406174659729,0.9683152437210083
20260505_143238_258848_f00ca076,student_l1b_c,gamma,0.8,22.823361081111294,0.8159510493278503,0.16089844703674316,0.8557172417640686,0.9321861267089844
20260505_143238_258848_f00ca076,teacher_15b,gamma,1.2,25.836335111258528,0.867530107498169,0.10236507654190063,0.9529626965522766,0.9684097766876221
20260505_143238_258848_f00ca076,student_l1b_c,gamma,1.2,22.468014732724242,0.8085545301437378,0.1706741750240326,0.8712075352668762,0.9326280951499939
20260505_143238_258848_f00ca076,teacher_15b,blur,1.0,23.547374299918083,0.7665766477584839,0.3100860118865967,0.8774381875991821,0.9383242130279541
20260505_143238_258848_f00ca076,student_l1b_c,blur,1.0,19.551215897202038,0.6977033615112305,0.4041352868080139,0.8286187648773193,0.882810115814209
20260505_143238_258848_f00ca076,teacher_15b,blur,2.0,18.35739783708583,0.6038625240325928,0.5767821669578552,0.7134448289871216,0.7236692309379578
20260505_143238_258848_f00ca076,student_l1b_c,blur,2.0,18.53607451465462,0.5961686372756958,0.6175984144210815,0.7635453343391418,0.8677496910095215
20260505_143238_258848_f00ca076,teacher_15b,noise,0.01,25.77471441000338,0.8536636233329773,0.1070672869682312,0.9320998787879944,0.9636110663414001
20260505_143238_258848_f00ca076,student_l1b_c,noise,0.01,21.806229113705196,0.7869510650634766,0.18678341805934906,0.8591746091842651,0.940353274345398
20260505_143238_258848_f00ca076,teacher_15b,noise,0.03,22.815708383867623,0.7509012222290039,0.2046162486076355,0.8612709045410156,0.9178813695907593
20260505_143238_258848_f00ca076,student_l1b_c,noise,0.03,19.356246612089112,0.6702507734298706,0.29972317814826965,0.8142065405845642,0.8963197469711304
20260505_144615_217900_f00ca076,teacher_15b,clean,0.0,25.56755605594352,0.7925054430961609,0.10302069783210754,0.9609081745147705,0.8154979944229126
20260505_144615_217900_f00ca076,student_l1b_c,clean,0.0,24.18638964261382,0.7546207904815674,0.14303773641586304,0.9578256011009216,0.9119361639022827
20260505_144615_217900_f00ca076,teacher_15b,exposure,0.8,24.73821339282265,0.7913491129875183,0.10710638761520386,0.9547508955001831,0.806882917881012
20260505_144615_217900_f00ca076,student_l1b_c,exposure,0.8,22.001944000660714,0.7510166168212891,0.15436691045761108,0.9525149464607239,0.9029312133789062
20260505_144615_217900_f00ca076,teacher_15b,exposure,1.2,24.33081541680278,0.7819129228591919,0.10557569563388824,0.9584411382675171,0.8536887168884277
20260505_144615_217900_f00ca076,student_l1b_c,exposure,1.2,22.929269144455656,0.7371713519096375,0.1510998159646988,0.9550703763961792,0.9114522933959961
20260505_144615_217900_f00ca076,teacher_15b,gamma,0.8,25.474186279176465,0.7909533381462097,0.1039915680885315,0.9608147144317627,0.8169959783554077
20260505_144615_217900_f00ca076,student_l1b_c,gamma,0.8,23.927946591074296,0.7507555484771729,0.14448976516723633,0.9563658237457275,0.9086486101150513
20260505_144615_217900_f00ca076,teacher_15b,gamma,1.2,25.62681074240143,0.7935606241226196,0.10280053317546844,0.9593304991722107,0.8148612976074219
20260505_144615_217900_f00ca076,student_l1b_c,gamma,1.2,24.2687483257978,0.757614016532898,0.1431623250246048,0.9559217095375061,0.9110486507415771
20260505_144615_217900_f00ca076,teacher_15b,blur,1.0,22.63218194920107,0.6923061609268188,0.31129056215286255,0.941988468170166,0.8488959074020386
20260505_144615_217900_f00ca076,student_l1b_c,blur,1.0,20.42021151052353,0.6543210744857788,0.3604119122028351,0.8618529438972473,0.774276852607727
20260505_144615_217900_f00ca076,teacher_15b,blur,2.0,14.162388393695977,0.48909223079681396,0.6265236735343933,0.6904993057250977,0.4073510766029358
20260505_144615_217900_f00ca076,student_l1b_c,blur,2.0,12.611866421147067,0.443132221698761,0.68746417760849,0.7097827196121216,0.4030534327030182
20260505_144615_217900_f00ca076,teacher_15b,noise,0.01,24.897791547014126,0.775037944316864,0.11475001275539398,0.943078339099884,0.8305296897888184
20260505_144615_217900_f00ca076,student_l1b_c,noise,0.01,23.317028757582495,0.7267236709594727,0.16648678481578827,0.9391809105873108,0.8120765686035156
20260505_144615_217900_f00ca076,teacher_15b,noise,0.03,14.092462928244396,0.5613662004470825,0.3507768511772156,0.8601452112197876,0.7272751927375793
20260505_144615_217900_f00ca076,student_l1b_c,noise,0.03,12.408515278055834,0.48416799306869507,0.4138084352016449,0.8265078067779541,0.7341809272766113
20260505_151243_0e5f0f67,teacher_15b,clean,0.0,20.979707914129897,0.7137987613677979,0.14891405403614044,0.9573347568511963,0.894622802734375
20260505_151243_0e5f0f67,student_l1b_c,clean,0.0,20.13295016164622,0.6713471412658691,0.19026672840118408,0.9112569093704224,0.8682684302330017
20260505_151243_0e5f0f67,teacher_15b,exposure,0.8,20.127608641719096,0.6975502371788025,0.15814994275569916,0.9528631567955017,0.8850454092025757
20260505_151243_0e5f0f67,student_l1b_c,exposure,0.8,19.37159340550165,0.657304584980011,0.199890598654747,0.8938841819763184,0.8586927056312561
20260505_151243_0e5f0f67,teacher_15b,exposure,1.2,20.865839396334604,0.7110666036605835,0.15429894626140594,0.9630014300346375,0.9018430709838867
20260505_151243_0e5f0f67,student_l1b_c,exposure,1.2,19.40666831094964,0.6580056548118591,0.19886258244514465,0.9077349305152893,0.8559103012084961
20260505_151243_0e5f0f67,teacher_15b,gamma,0.8,21.03481049301291,0.7140674591064453,0.1485229730606079,0.9557179808616638,0.8921116590499878
20260505_151243_0e5f0f67,student_l1b_c,gamma,0.8,20.169140019678586,0.6743685603141785,0.18895915150642395,0.8978308439254761,0.8606817126274109
20260505_151243_0e5f0f67,teacher_15b,gamma,1.2,20.907200937018303,0.7131414413452148,0.14965035021305084,0.9582509398460388,0.8959930539131165
20260505_151243_0e5f0f67,student_l1b_c,gamma,1.2,20.065857372586127,0.6677534580230713,0.19298112392425537,0.9097633361816406,0.8750157952308655
20260505_151243_0e5f0f67,teacher_15b,blur,1.0,20.024939896601296,0.618871808052063,0.37509915232658386,0.8740858435630798,0.82282555103302
20260505_151243_0e5f0f67,student_l1b_c,blur,1.0,17.032083422530285,0.560126781463623,0.45339256525039673,0.8486382365226746,0.5054994225502014
20260505_151243_0e5f0f67,teacher_15b,blur,2.0,12.907407938165587,0.3835980296134949,0.7120596170425415,0.7398277521133423,0.46056342124938965
20260505_151243_0e5f0f67,student_l1b_c,blur,2.0,13.254096062291385,0.40141385793685913,0.7401678562164307,0.7450581789016724,0.5516122579574585
20260505_151243_0e5f0f67,teacher_15b,noise,0.01,20.678061936349515,0.699450671672821,0.15637335181236267,0.9512988328933716,0.8749375343322754
20260505_151243_0e5f0f67,student_l1b_c,noise,0.01,20.1064991021939,0.6612422466278076,0.19848036766052246,0.8804960250854492,0.8457986116409302
20260505_151243_0e5f0f67,teacher_15b,noise,0.03,19.080292743305435,0.616146445274353,0.2309921383857727,0.8373121023178101,0.7606964111328125
20260505_151243_0e5f0f67,student_l1b_c,noise,0.03,19.043295501091187,0.5816198587417603,0.28582003712654114,0.7757613658905029,0.7458107471466064
20260505_154643_0c4eecad,teacher_15b,clean,0.0,25.718765762539437,0.8195623755455017,0.09819628298282623,0.9658650159835815,0.9507017135620117
20260505_154643_0c4eecad,student_l1b_c,clean,0.0,22.600824559954383,0.7789978981018066,0.15091030299663544,0.9115265607833862,0.8832197189331055
20260505_154643_0c4eecad,teacher_15b,exposure,0.8,24.846929273589325,0.8054958581924438,0.1106739342212677,0.9611054062843323,0.9418267011642456
20260505_154643_0c4eecad,student_l1b_c,exposure,0.8,22.381519949057918,0.76384037733078,0.16406409442424774,0.867595911026001,0.8677812814712524
20260505_154643_0c4eecad,teacher_15b,exposure,1.2,25.431303871893192,0.8208679556846619,0.09595181047916412,0.9631637334823608,0.9479498267173767
20260505_154643_0c4eecad,student_l1b_c,exposure,1.2,21.762255932207026,0.7756423950195312,0.14982753992080688,0.9292728304862976,0.8877613544464111
20260505_154643_0c4eecad,teacher_15b,gamma,0.8,25.570761784851488,0.8188828229904175,0.09954139590263367,0.9648340940475464,0.948775053024292
20260505_154643_0c4eecad,student_l1b_c,gamma,0.8,22.204879231869796,0.7768890261650085,0.1504622995853424,0.9137171506881714,0.8820885419845581
20260505_154643_0c4eecad,teacher_15b,gamma,1.2,25.78973423851556,0.8189709186553955,0.0983654111623764,0.9636485576629639,0.9509655833244324
20260505_154643_0c4eecad,student_l1b_c,gamma,1.2,22.95439064289202,0.7784017324447632,0.15321636199951172,0.8984850645065308,0.8810746669769287
20260505_154643_0c4eecad,teacher_15b,blur,1.0,23.065199459940885,0.6488984823226929,0.31779080629348755,0.9022930860519409,0.874426543712616
20260505_154643_0c4eecad,student_l1b_c,blur,1.0,21.7659689552378,0.6161028146743774,0.3791445791721344,0.8346477150917053,0.7832232713699341
20260505_154643_0c4eecad,teacher_15b,blur,2.0,16.715438553384566,0.4437084197998047,0.6648243069648743,0.6217339038848877,0.3548024892807007
20260505_154643_0c4eecad,student_l1b_c,blur,2.0,16.946527322172404,0.45217329263687134,0.6641796231269836,0.6569572687149048,0.5931941866874695
20260505_154643_0c4eecad,teacher_15b,noise,0.01,25.48690593236566,0.8056907653808594,0.10535231232643127,0.9615344405174255,0.9460066556930542
20260505_154643_0c4eecad,student_l1b_c,noise,0.01,22.42951460260878,0.763663649559021,0.16109585762023926,0.9120630621910095,0.8885492086410522
20260505_154643_0c4eecad,teacher_15b,noise,0.03,21.842457828411604,0.713418185710907,0.1835121512413025,0.9183133840560913,0.8964762091636658
20260505_154643_0c4eecad,student_l1b_c,noise,0.03,18.794869907907604,0.6572299003601074,0.266738623380661,0.8756486177444458,0.8036870956420898
20260504_154737_77c6c378,teacher_15b,clean,0.0,22.859134303200715,0.7443756461143494,0.19524681568145752,0.9559788703918457,0.8717645406723022
20260504_154737_77c6c378,student_l1b_c,clean,0.0,19.875991049299138,0.6850900053977966,0.2677477300167084,0.9178739786148071,0.8556052446365356
20260504_154737_77c6c378,teacher_15b,exposure,0.8,20.861465389979234,0.7408062815666199,0.2072937786579132,0.9545264840126038,0.8628700971603394
20260504_154737_77c6c378,student_l1b_c,exposure,0.8,18.55421340212216,0.6781457662582397,0.2794778347015381,0.9173794984817505,0.8673319220542908
20260504_154737_77c6c378,teacher_15b,exposure,1.2,23.402304896409518,0.7369345426559448,0.1942884773015976,0.9566324949264526,0.8762462139129639
20260504_154737_77c6c378,student_l1b_c,exposure,1.2,20.479672488164912,0.6823315620422363,0.26207235455513,0.9334345459938049,0.8553088903427124
20260504_154737_77c6c378,teacher_15b,gamma,0.8,23.058777372841554,0.7446750402450562,0.19398444890975952,0.9579611420631409,0.870688796043396
20260504_154737_77c6c378,student_l1b_c,gamma,0.8,19.952511584312596,0.6852917671203613,0.26861363649368286,0.927723228931427,0.8562016487121582
20260504_154737_77c6c378,teacher_15b,gamma,1.2,22.6835761654054,0.744199275970459,0.1967954933643341,0.9581019878387451,0.871941864490509
20260504_154737_77c6c378,student_l1b_c,gamma,1.2,19.692166201142992,0.6846011877059937,0.2692219018936157,0.9201511144638062,0.8526319265365601
20260504_154737_77c6c378,teacher_15b,blur,1.0,21.938873166466117,0.6919740438461304,0.3670653998851776,0.8987146615982056,0.7963899970054626
20260504_154737_77c6c378,student_l1b_c,blur,1.0,20.428039911234194,0.6737710237503052,0.41489315032958984,0.8639117479324341,0.8194924592971802
20260504_154737_77c6c378,teacher_15b,blur,2.0,20.3050562267156,0.6449522376060486,0.5531251430511475,0.8408499360084534,0.7589284777641296
20260504_154737_77c6c378,student_l1b_c,blur,2.0,18.89611615112323,0.6300909519195557,0.6304619312286377,0.8369402885437012,0.722385048866272
20260504_154737_77c6c378,teacher_15b,noise,0.01,20.738233496494843,0.6692202091217041,0.2847293019294739,0.9124988913536072,0.7870692014694214
20260504_154737_77c6c378,student_l1b_c,noise,0.01,18.80886263509377,0.639063835144043,0.28739261627197266,0.9079528450965881,0.7894269227981567
20260504_154737_77c6c378,teacher_15b,noise,0.03,19.506038466396724,0.5464061498641968,0.42764943838119507,0.8659214377403259,0.766019344329834
20260504_154737_77c6c378,student_l1b_c,noise,0.03,19.238708487574794,0.5641307830810547,0.4153553247451782,0.8731552362442017,0.7037588357925415
20260505_150803_17c16bd0,teacher_15b,clean,0.0,16.163092037172845,0.49675482511520386,0.295526921749115,0.9518064260482788,0.7948403358459473
20260505_150803_17c16bd0,student_l1b_c,clean,0.0,16.739953315334756,0.5177711844444275,0.2843534052371979,0.9415364265441895,0.7183847427368164
20260505_150803_17c16bd0,teacher_15b,exposure,0.8,15.739047175342314,0.4707796275615692,0.3064457178115845,0.9534977674484253,0.8006969094276428
20260505_150803_17c16bd0,student_l1b_c,exposure,0.8,15.816087745775446,0.4719850718975067,0.3239747881889343,0.9414858818054199,0.7109341621398926
20260505_150803_17c16bd0,teacher_15b,exposure,1.2,16.362119481268685,0.5105579495429993,0.2881029546260834,0.9534729719161987,0.7885391116142273
20260505_150803_17c16bd0,student_l1b_c,exposure,1.2,17.157968809347686,0.5446839332580566,0.2604098320007324,0.9382940530776978,0.7195112109184265
20260505_150803_17c16bd0,teacher_15b,gamma,0.8,16.13945752155403,0.4929735064506531,0.2982695400714874,0.949008584022522,0.7991337776184082
20260505_150803_17c16bd0,student_l1b_c,gamma,0.8,16.64182924809095,0.5096466541290283,0.2977607846260071,0.941576361656189,0.7216756343841553
20260505_150803_17c16bd0,teacher_15b,gamma,1.2,16.17432222270504,0.4985588490962982,0.29336944222450256,0.9519826173782349,0.7932591438293457
20260505_150803_17c16bd0,student_l1b_c,gamma,1.2,16.755301205627934,0.5212637782096863,0.2755352854728699,0.9441995024681091,0.7198958396911621
20260505_150803_17c16bd0,teacher_15b,blur,1.0,14.676712708070838,0.33521008491516113,0.37752819061279297,0.9186973571777344,0.7334954142570496
20260505_150803_17c16bd0,student_l1b_c,blur,1.0,14.314722382940971,0.3322155177593231,0.3933468461036682,0.8685148358345032,0.5510624647140503
20260505_150803_17c16bd0,teacher_15b,blur,2.0,14.9256043683659,0.2400406450033188,0.8016836643218994,0.7729963660240173,0.1968487799167633
20260505_150803_17c16bd0,student_l1b_c,blur,2.0,12.484099603167758,0.1949988305568695,0.853598415851593,0.8122994899749756,0.1754225343465805
20260505_150803_17c16bd0,teacher_15b,noise,0.01,15.977903774447476,0.48324498534202576,0.3107471466064453,0.9366130232810974,0.6870348453521729
20260505_150803_17c16bd0,student_l1b_c,noise,0.01,16.752954253683466,0.511579692363739,0.29731371998786926,0.9454386234283447,0.6690857410430908
20260505_150803_17c16bd0,teacher_15b,noise,0.03,15.941706553594663,0.46639078855514526,0.3504132628440857,0.9320805072784424,0.5725680589675903
20260505_150803_17c16bd0,student_l1b_c,noise,0.03,16.898291970859283,0.4811912477016449,0.35019418597221375,0.9444882273674011,0.4934622049331665
20260505_141748_010607_f00ca076,teacher_15b,clean,0.0,20.703323025942588,0.8329085111618042,0.17729432880878448,0.9013420343399048,0.889903724193573
20260505_141748_010607_f00ca076,student_l1b_c,clean,0.0,18.687213025777737,0.8008863925933838,0.2929680049419403,0.8504274487495422,0.8547001481056213
20260505_141748_010607_f00ca076,teacher_15b,exposure,0.8,20.24923422914209,0.8296412229537964,0.18328316509723663,0.8921631574630737,0.8895090222358704
20260505_141748_010607_f00ca076,student_l1b_c,exposure,0.8,18.218493161957664,0.7930124998092651,0.30920207500457764,0.8571292161941528,0.8778209686279297
20260505_141748_010607_f00ca076,teacher_15b,exposure,1.2,20.39642153924428,0.8280049562454224,0.18160486221313477,0.9168826937675476,0.8743604421615601
20260505_141748_010607_f00ca076,student_l1b_c,exposure,1.2,18.62616522198629,0.8010444045066833,0.28658491373062134,0.8519352674484253,0.8260089159011841
20260505_141748_010607_f00ca076,teacher_15b,gamma,0.8,20.704739036127826,0.832359790802002,0.17976048588752747,0.897605299949646,0.8860332369804382
20260505_141748_010607_f00ca076,student_l1b_c,gamma,0.8,18.564296689781948,0.7991079688072205,0.2955930829048157,0.858322024345398,0.8689737915992737
20260505_141748_010607_f00ca076,teacher_15b,gamma,1.2,20.670521895894097,0.8331094980239868,0.17588260769844055,0.9128182530403137,0.8913850784301758
20260505_141748_010607_f00ca076,student_l1b_c,gamma,1.2,18.67911650691342,0.8002256155014038,0.29455921053886414,0.8525336384773254,0.8443515300750732
20260505_141748_010607_f00ca076,teacher_15b,blur,1.0,19.56402101895618,0.7957916259765625,0.33022451400756836,0.8940418362617493,0.8822025060653687
20260505_141748_010607_f00ca076,student_l1b_c,blur,1.0,17.88688113741766,0.7660209536552429,0.4511237144470215,0.84102463722229,0.8279401063919067
20260505_141748_010607_f00ca076,teacher_15b,blur,2.0,18.243307081118534,0.7281177043914795,0.5291744470596313,0.8418267965316772,0.7582155466079712
20260505_141748_010607_f00ca076,student_l1b_c,blur,2.0,17.904641021349473,0.6967296004295349,0.6373314261436462,0.802257776260376,0.726051926612854
20260505_141748_010607_f00ca076,teacher_15b,noise,0.01,19.77686354955656,0.799038290977478,0.2789499759674072,0.9062609672546387,0.8787409663200378
20260505_141748_010607_f00ca076,student_l1b_c,noise,0.01,17.892948232822153,0.7598916888237,0.37928852438926697,0.8795638680458069,0.8265926241874695
20260505_141748_010607_f00ca076,teacher_15b,noise,0.03,18.60641323711991,0.6811914443969727,0.4998934864997864,0.8557013273239136,0.803890585899353
20260505_141748_010607_f00ca076,student_l1b_c,noise,0.03,18.343492086393347,0.6412405371665955,0.557045042514801,0.8488543033599854,0.7944002151489258
20260505_124422_116439_a473e239,teacher_15b,clean,0.0,27.339043138231563,0.8454620242118835,0.09558288753032684,0.9393543004989624,0.9677241444587708
20260505_124422_116439_a473e239,student_l1b_c,clean,0.0,24.507863634074212,0.8183009624481201,0.1405949890613556,0.9096869826316833,0.9451917409896851
20260505_124422_116439_a473e239,teacher_15b,exposure,0.8,27.144471381371723,0.8410939574241638,0.10325038433074951,0.9410353302955627,0.9626215696334839
20260505_124422_116439_a473e239,student_l1b_c,exposure,0.8,25.367120439008218,0.8121933937072754,0.15178555250167847,0.9240975379943848,0.9410935044288635
20260505_124422_116439_a473e239,teacher_15b,exposure,1.2,26.787391635897762,0.8439046144485474,0.09287028014659882,0.9154523015022278,0.967377781867981
20260505_124422_116439_a473e239,student_l1b_c,exposure,1.2,22.330826054406565,0.8096623420715332,0.13903014361858368,0.9010049104690552,0.9481892585754395
20260505_124422_116439_a473e239,teacher_15b,gamma,0.8,27.362464634974128,0.8454159498214722,0.0961475819349289,0.9453974962234497,0.9681399464607239
20260505_124422_116439_a473e239,student_l1b_c,gamma,0.8,24.587585018280606,0.817631721496582,0.14339518547058105,0.9048223495483398,0.9432308673858643
20260505_124422_116439_a473e239,teacher_15b,gamma,1.2,27.33163480883965,0.8451681137084961,0.09582476317882538,0.9434510469436646,0.9673439860343933
20260505_124422_116439_a473e239,student_l1b_c,gamma,1.2,24.552533993107282,0.8177690505981445,0.14012819528579712,0.8992617130279541,0.944394588470459
20260505_124422_116439_a473e239,teacher_15b,blur,1.0,24.217164742276744,0.7368575930595398,0.3568169176578522,0.9160736799240112,0.9421874284744263
20260505_124422_116439_a473e239,student_l1b_c,blur,1.0,22.844487670315917,0.7148722410202026,0.4063531160354614,0.9163722991943359,0.9351428747177124
20260505_124422_116439_a473e239,teacher_15b,blur,2.0,20.052968194946757,0.6038703322410583,0.6323942542076111,0.8226262331008911,0.6750323176383972
20260505_124422_116439_a473e239,student_l1b_c,blur,2.0,20.66822011843387,0.6007359027862549,0.6670175790786743,0.8316866755485535,0.7454531192779541
20260505_124422_116439_a473e239,teacher_15b,noise,0.01,26.99499806237501,0.8164505958557129,0.11508486419916153,0.9173981547355652,0.9704090356826782
20260505_124422_116439_a473e239,student_l1b_c,noise,0.01,24.037195499592766,0.7931342124938965,0.15303543210029602,0.9214743971824646,0.9483754634857178
20260505_124422_116439_a473e239,teacher_15b,noise,0.03,23.98953097769987,0.6708248853683472,0.3164060711860657,0.8837229013442993,0.9256073832511902
20260505_124422_116439_a473e239,student_l1b_c,noise,0.03,21.620769608270493,0.6378182172775269,0.3490760922431946,0.870785117149353,0.9245587587356567
20260505_134943_490086_cf8c21ee,teacher_15b,clean,0.0,25.905534140051046,0.8095051646232605,0.0977640151977539,0.9666967988014221,0.8483712673187256
20260505_134943_490086_cf8c21ee,student_l1b_c,clean,0.0,24.444346855469345,0.7714387774467468,0.13606619834899902,0.9479736685752869,0.7084970474243164
20260505_134943_490086_cf8c21ee,teacher_15b,exposure,0.8,26.23088175684838,0.8101224899291992,0.10378134250640869,0.9593636989593506,0.8395932912826538
20260505_134943_490086_cf8c21ee,student_l1b_c,exposure,0.8,24.23951416797899,0.7717623710632324,0.1513172686100006,0.9509974718093872,0.7695542573928833
20260505_134943_490086_cf8c21ee,teacher_15b,exposure,1.2,25.37717017361727,0.8053467273712158,0.09549295902252197,0.9695203304290771,0.8520352840423584
20260505_134943_490086_cf8c21ee,student_l1b_c,exposure,1.2,23.24617538851094,0.7529966831207275,0.13958415389060974,0.9434843063354492,0.7093241214752197
20260505_134943_490086_cf8c21ee,teacher_15b,gamma,0.8,25.830604147807836,0.809619665145874,0.09877476841211319,0.9660743474960327,0.853186309337616
20260505_134943_490086_cf8c21ee,student_l1b_c,gamma,0.8,24.181307900560217,0.7706610560417175,0.13940942287445068,0.949113130569458,0.730887770652771
20260505_134943_490086_cf8c21ee,teacher_15b,gamma,1.2,25.945578549417444,0.8093368411064148,0.09735129773616791,0.9654881358146667,0.8422656655311584
20260505_134943_490086_cf8c21ee,student_l1b_c,gamma,1.2,24.64036571343793,0.7720808386802673,0.13545158505439758,0.9445484280586243,0.6967700719833374
20260505_134943_490086_cf8c21ee,teacher_15b,blur,1.0,18.766738852573233,0.681538462638855,0.34552666544914246,0.8688082695007324,0.7938080430030823
20260505_134943_490086_cf8c21ee,student_l1b_c,blur,1.0,11.701944080331801,0.5340747833251953,0.508988082408905,0.7930166721343994,0.5722235441207886
20260505_134943_490086_cf8c21ee,teacher_15b,blur,2.0,10.601167236865086,0.46681100130081177,0.7100690603256226,0.7640723586082458,0.4185083508491516
20260505_134943_490086_cf8c21ee,student_l1b_c,blur,2.0,10.799872542239529,0.47318029403686523,0.725827693939209,0.6912700533866882,0.5023192167282104
20260505_134943_490086_cf8c21ee,teacher_15b,noise,0.01,25.507620112240808,0.7951049208641052,0.11061254143714905,0.9162412285804749,0.8574944734573364
20260505_134943_490086_cf8c21ee,student_l1b_c,noise,0.01,20.28583970007822,0.704612135887146,0.24996249377727509,0.9250920414924622,0.8046814203262329
20260505_134943_490086_cf8c21ee,teacher_15b,noise,0.03,19.91819274158204,0.6567515730857849,0.2819235622882843,0.8717517852783203,0.6936028599739075
20260505_134943_490086_cf8c21ee,student_l1b_c,noise,0.03,14.19366546240603,0.45327505469322205,0.5574312806129456,0.7576475143432617,0.6799188852310181
20260505_132758_674135_36673bd5,teacher_15b,clean,0.0,21.22672716205995,0.6627943515777588,0.11950808763504028,0.9666365385055542,0.7809034585952759
20260505_132758_674135_36673bd5,student_l1b_c,clean,0.0,21.367159991159586,0.6277011632919312,0.13552936911582947,0.9567962884902954,0.7697361707687378
20260505_132758_674135_36673bd5,teacher_15b,exposure,0.8,21.834153432514924,0.6665462851524353,0.12214592099189758,0.9702874422073364,0.7819564342498779
20260505_132758_674135_36673bd5,student_l1b_c,exposure,0.8,21.653138767748587,0.6323885917663574,0.14117193222045898,0.951610803604126,0.7773345708847046
20260505_132758_674135_36673bd5,teacher_15b,exposure,1.2,20.558255708364833,0.657486081123352,0.1197938397526741,0.9686440229415894,0.7826241850852966
20260505_132758_674135_36673bd5,student_l1b_c,exposure,1.2,20.65956469756418,0.6180320978164673,0.1366722136735916,0.9594000577926636,0.766101598739624
20260505_132758_674135_36673bd5,teacher_15b,gamma,0.8,20.950832668736076,0.659313440322876,0.12097407877445221,0.9657760858535767,0.7842059135437012
20260505_132758_674135_36673bd5,student_l1b_c,gamma,0.8,20.957312036113116,0.6198272109031677,0.1401459276676178,0.9602654576301575,0.7660225033760071
20260505_132758_674135_36673bd5,teacher_15b,gamma,1.2,21.374363370342717,0.664656937122345,0.11915970593690872,0.9690757989883423,0.7808446288108826
20260505_132758_674135_36673bd5,student_l1b_c,gamma,1.2,21.404435835906806,0.6312077641487122,0.13810355961322784,0.9533188343048096,0.7685611844062805
20260505_132758_674135_36673bd5,teacher_15b,blur,1.0,16.129875623420517,0.5981743931770325,0.4105251431465149,0.9698634743690491,0.6164677739143372
20260505_132758_674135_36673bd5,student_l1b_c,blur,1.0,13.907523220397293,0.5599784255027771,0.45358461141586304,0.9177210330963135,0.4225465655326843
20260505_132758_674135_36673bd5,teacher_15b,blur,2.0,14.66507485571804,0.4579941928386688,0.7053756713867188,0.8514224290847778,0.2454957664012909
20260505_132758_674135_36673bd5,student_l1b_c,blur,2.0,12.971719499521011,0.5304755568504333,0.6767089366912842,0.8315742611885071,0.2657008171081543
20260505_132758_674135_36673bd5,teacher_15b,noise,0.01,20.555876122493718,0.628873348236084,0.13609255850315094,0.9635851383209229,0.7734075784683228
20260505_132758_674135_36673bd5,student_l1b_c,noise,0.01,19.944474425380342,0.5540382266044617,0.2109033316373825,0.9363213181495667,0.6941274404525757
20260505_132758_674135_36673bd5,teacher_15b,noise,0.03,17.249557706752018,0.4774332046508789,0.4447510242462158,0.8614745140075684,0.5533968210220337
20260505_132758_674135_36673bd5,student_l1b_c,noise,0.03,15.47577965877418,0.3602128028869629,0.6322159171104431,0.822486400604248,0.3287767767906189
20260505_134719_041298_cf8c21ee,teacher_15b,clean,0.0,23.299024977113483,0.7469057440757751,0.08683925867080688,0.9799466133117676,0.8622612357139587
20260505_134719_041298_cf8c21ee,student_l1b_c,clean,0.0,22.352713992869965,0.7100818157196045,0.10668960958719254,0.9603284597396851,0.8378818035125732
20260505_134719_041298_cf8c21ee,teacher_15b,exposure,0.8,23.516168683021608,0.7473127245903015,0.09391061216592789,0.9740539193153381,0.8424396514892578
20260505_134719_041298_cf8c21ee,student_l1b_c,exposure,0.8,22.902678434559416,0.7167670726776123,0.11429149657487869,0.9515331983566284,0.8354212045669556
20260505_134719_041298_cf8c21ee,teacher_15b,exposure,1.2,23.0024810401509,0.740121066570282,0.08782246708869934,0.9844487905502319,0.8675969839096069
20260505_134719_041298_cf8c21ee,student_l1b_c,exposure,1.2,20.926105620542614,0.6905001997947693,0.1155969649553299,0.9557561278343201,0.8194173574447632
20260505_134719_041298_cf8c21ee,teacher_15b,gamma,0.8,23.261020417322467,0.7464658617973328,0.0886312946677208,0.9811241030693054,0.8604146242141724
20260505_134719_041298_cf8c21ee,student_l1b_c,gamma,0.8,22.52732044279375,0.7107675075531006,0.10685056447982788,0.9603192210197449,0.8502362966537476
20260505_134719_041298_cf8c21ee,teacher_15b,gamma,1.2,23.323108220208688,0.7473673224449158,0.0861484706401825,0.9803509712219238,0.8597739934921265
20260505_134719_041298_cf8c21ee,student_l1b_c,gamma,1.2,22.248526474737083,0.7102770209312439,0.1086985170841217,0.9549943208694458,0.8270353078842163
20260505_134719_041298_cf8c21ee,teacher_15b,blur,1.0,17.447362322179472,0.6256257891654968,0.36600229144096375,0.9220691919326782,0.48031020164489746
20260505_134719_041298_cf8c21ee,student_l1b_c,blur,1.0,12.864207825846856,0.522337019443512,0.4931703805923462,0.9022251963615417,0.47250568866729736
20260505_134719_041298_cf8c21ee,teacher_15b,blur,2.0,11.243606822603303,0.42959755659103394,0.747694730758667,0.8042498230934143,0.2916487455368042
20260505_134719_041298_cf8c21ee,student_l1b_c,blur,2.0,10.82062363882595,0.4174199104309082,0.767345666885376,0.7653064131736755,0.35289034247398376
20260505_134719_041298_cf8c21ee,teacher_15b,noise,0.01,23.242970329827294,0.7295212745666504,0.0992465615272522,0.9634080529212952,0.8674062490463257
20260505_134719_041298_cf8c21ee,student_l1b_c,noise,0.01,20.13883568661463,0.6550134420394897,0.17679482698440552,0.9391951560974121,0.8028699159622192
20260505_134719_041298_cf8c21ee,teacher_15b,noise,0.03,19.043640782252254,0.5703529715538025,0.2808688282966614,0.872117280960083,0.5892465114593506
20260505_134719_041298_cf8c21ee,student_l1b_c,noise,0.03,11.948511563614632,0.3703100383281708,0.5625342726707458,0.782207727432251,0.445699542760849
20260505_123557_350849_a473e239,teacher_15b,clean,0.0,21.06172819324316,0.6582980155944824,0.1695513129234314,0.9565120935440063,0.9361834526062012
20260505_123557_350849_a473e239,student_l1b_c,clean,0.0,15.755547470897897,0.5358465909957886,0.32616472244262695,0.7945885062217712,0.8589205741882324
20260505_123557_350849_a473e239,teacher_15b,exposure,0.8,21.078884269413024,0.6589804887771606,0.17515906691551208,0.9568215608596802,0.9455862045288086
20260505_123557_350849_a473e239,student_l1b_c,exposure,0.8,15.808288588500867,0.5365550518035889,0.33308812975883484,0.8066468834877014,0.8475035429000854
20260505_123557_350849_a473e239,teacher_15b,exposure,1.2,20.817508903871772,0.6523767113685608,0.16919752955436707,0.9532672166824341,0.9291180968284607
20260505_123557_350849_a473e239,student_l1b_c,exposure,1.2,15.228157434034157,0.5238209962844849,0.33258965611457825,0.793218731880188,0.8570294380187988
20260505_123557_350849_a473e239,teacher_15b,gamma,0.8,21.087020342913295,0.6582170724868774,0.16815054416656494,0.9569432735443115,0.9338187575340271
20260505_123557_350849_a473e239,student_l1b_c,gamma,0.8,15.848999074365011,0.5348570346832275,0.32388049364089966,0.8053590059280396,0.8569374084472656
20260505_123557_350849_a473e239,teacher_15b,gamma,1.2,21.032653144418248,0.6582696437835693,0.17178812623023987,0.9554824233055115,0.9385615587234497
20260505_123557_350849_a473e239,student_l1b_c,gamma,1.2,15.670395363304996,0.535783052444458,0.33228230476379395,0.807092547416687,0.854529619216919
20260505_123557_350849_a473e239,teacher_15b,blur,1.0,18.0874173491061,0.5604891180992126,0.4212007522583008,0.8690740466117859,0.8944101333618164
20260505_123557_350849_a473e239,student_l1b_c,blur,1.0,12.768925586501943,0.4407961070537567,0.5635502934455872,0.7717665433883667,0.8430595397949219
20260505_123557_350849_a473e239,teacher_15b,blur,2.0,11.599284516671087,0.3809058666229248,0.6648287177085876,0.7121182680130005,0.5785406827926636
20260505_123557_350849_a473e239,student_l1b_c,blur,2.0,11.234836932327426,0.359658420085907,0.7318821549415588,0.678879976272583,0.6432993412017822
20260505_123557_350849_a473e239,teacher_15b,noise,0.01,20.130168133794193,0.6171514391899109,0.18064746260643005,0.9327549934387207,0.9371839761734009
20260505_123557_350849_a473e239,student_l1b_c,noise,0.01,15.298695433642136,0.5000436305999756,0.34159454703330994,0.7813739776611328,0.8672791123390198
20260505_123557_350849_a473e239,teacher_15b,noise,0.03,14.775552167475777,0.40262529253959656,0.4118999242782593,0.7438907623291016,0.6878807544708252
20260505_123557_350849_a473e239,student_l1b_c,noise,0.03,12.981983204866083,0.36474403738975525,0.48752713203430176,0.6675407290458679,0.7139945030212402
20260505_144416_954480_f00ca076,teacher_15b,clean,0.0,19.593037445379142,0.6588253974914551,0.17630645632743835,0.9413191080093384,0.9168468713760376
20260505_144416_954480_f00ca076,student_l1b_c,clean,0.0,18.384857568499644,0.6095714569091797,0.23601123690605164,0.9024217128753662,0.7818212509155273
20260505_144416_954480_f00ca076,teacher_15b,exposure,0.8,18.95961278578101,0.638607919216156,0.192634716629982,0.9361370801925659,0.9149695634841919
20260505_144416_954480_f00ca076,student_l1b_c,exposure,0.8,17.17898052376811,0.5712840557098389,0.2552047669887543,0.9040546417236328,0.8357834815979004
20260505_144416_954480_f00ca076,teacher_15b,exposure,1.2,19.513093133091466,0.660198986530304,0.17959356307983398,0.948077380657196,0.9072185754776001
20260505_144416_954480_f00ca076,student_l1b_c,exposure,1.2,18.362638871178493,0.6200465559959412,0.23443394899368286,0.9080948829650879,0.6633126735687256
20260505_144416_954480_f00ca076,teacher_15b,gamma,0.8,19.64793495829746,0.6586863994598389,0.17717325687408447,0.9395335912704468,0.9156922698020935
20260505_144416_954480_f00ca076,student_l1b_c,gamma,0.8,18.40829976112731,0.6060009598731995,0.23853987455368042,0.9002007842063904,0.7686158418655396
20260505_144416_954480_f00ca076,teacher_15b,gamma,1.2,19.528497679874533,0.6580107808113098,0.17615647614002228,0.9401847720146179,0.9164978265762329
20260505_144416_954480_f00ca076,student_l1b_c,gamma,1.2,18.282296450047486,0.6097594499588013,0.2364317774772644,0.8965309858322144,0.7920446991920471
20260505_144416_954480_f00ca076,teacher_15b,blur,1.0,16.50984411068437,0.47095704078674316,0.46315693855285645,0.9149379730224609,0.7671371102333069
20260505_144416_954480_f00ca076,student_l1b_c,blur,1.0,16.01785583230243,0.42773300409317017,0.46768301725387573,0.8674945831298828,0.6000516414642334
20260505_144416_954480_f00ca076,teacher_15b,blur,2.0,14.883508865651141,0.32660675048828125,0.769291877746582,0.6897585988044739,0.28373563289642334
20260505_144416_954480_f00ca076,student_l1b_c,blur,2.0,13.732882463067977,0.3024453818798065,0.7935283184051514,0.6843172311782837,0.30688634514808655
20260505_144416_954480_f00ca076,teacher_15b,noise,0.01,19.144318663906326,0.6418060064315796,0.18369632959365845,0.9435263872146606,0.9089261889457703
20260505_144416_954480_f00ca076,student_l1b_c,noise,0.01,17.405438659612706,0.5910083055496216,0.25807860493659973,0.9144989848136902,0.6436448097229004
20260505_144416_954480_f00ca076,teacher_15b,noise,0.03,17.203448317659806,0.5640856027603149,0.2730660140514374,0.8986685872077942,0.7368240356445312
20260505_144416_954480_f00ca076,student_l1b_c,noise,0.03,15.396520602269144,0.5243848562240601,0.40533560514450073,0.7901033163070679,0.4052307605743408
20260505_121538_186299_6cb98e30,teacher_15b,clean,0.0,25.17426098352349,0.45546290278434753,0.1726401001214981,0.8913033604621887,0.9177405834197998
20260505_121538_186299_6cb98e30,student_l1b_c,clean,0.0,24.403919619090463,0.41885119676589966,0.2242828607559204,0.8651947379112244,0.8561732769012451
20260505_121538_186299_6cb98e30,teacher_15b,exposure,0.8,24.711283398516795,0.4578552842140198,0.17804285883903503,0.8907507061958313,0.9170209169387817
20260505_121538_186299_6cb98e30,student_l1b_c,exposure,0.8,24.215047536795915,0.42029422521591187,0.22891128063201904,0.8710274696350098,0.821195662021637
20260505_121538_186299_6cb98e30,teacher_15b,exposure,1.2,25.212316383890627,0.45260176062583923,0.17068521678447723,0.8837840557098389,0.9188634157180786
20260505_121538_186299_6cb98e30,student_l1b_c,exposure,1.2,23.89657643341163,0.4160010814666748,0.2278662472963333,0.8644408583641052,0.8613721132278442
20260505_121538_186299_6cb98e30,teacher_15b,gamma,0.8,25.173767725578863,0.4555528163909912,0.1725253462791443,0.8857688903808594,0.9161281585693359
20260505_121538_186299_6cb98e30,student_l1b_c,gamma,0.8,24.409704207718082,0.4174893796443939,0.22449173033237457,0.8698071241378784,0.8438443541526794
20260505_121538_186299_6cb98e30,teacher_15b,gamma,1.2,25.15271611040795,0.45592910051345825,0.17319726943969727,0.8934323787689209,0.9185760021209717
20260505_121538_186299_6cb98e30,student_l1b_c,gamma,1.2,24.407633054351734,0.419820636510849,0.22444337606430054,0.8586061000823975,0.8622766733169556
20260505_121538_186299_6cb98e30,teacher_15b,blur,1.0,25.272658470270223,0.46271640062332153,0.2764168083667755,0.8763279318809509,0.8177650570869446
20260505_121538_186299_6cb98e30,student_l1b_c,blur,1.0,17.451381980655295,0.4120789170265198,0.7009676694869995,0.8262216448783875,0.5815945863723755
20260505_121538_186299_6cb98e30,teacher_15b,blur,2.0,11.378546911303234,0.34724634885787964,0.9038810729980469,0.767400860786438,0.35012200474739075
20260505_121538_186299_6cb98e30,student_l1b_c,blur,2.0,13.64902081225659,0.3593365550041199,0.8922488689422607,0.7928668260574341,0.3152000904083252
20260505_121538_186299_6cb98e30,teacher_15b,noise,0.01,25.195136262331978,0.44872593879699707,0.1714441180229187,0.8690760135650635,0.898740291595459
20260505_121538_186299_6cb98e30,student_l1b_c,noise,0.01,21.54452987845631,0.4050440788269043,0.2840519845485687,0.8278472423553467,0.6595931649208069
20260505_121538_186299_6cb98e30,teacher_15b,noise,0.03,16.52260902509087,0.3364090919494629,0.4898111820220947,0.7058984041213989,0.4671630263328552
20260505_121538_186299_6cb98e30,student_l1b_c,noise,0.03,12.894151192477317,0.27472031116485596,0.5998074412345886,0.6669639348983765,0.31728094816207886
20260505_151447_0e5f0f67,teacher_15b,clean,0.0,22.886927846039825,0.6820148229598999,0.15880480408668518,0.9344401955604553,0.8657069206237793
20260505_151447_0e5f0f67,student_l1b_c,clean,0.0,20.779165148368076,0.6482757925987244,0.2288813292980194,0.9182626008987427,0.7018101215362549
20260505_151447_0e5f0f67,teacher_15b,exposure,0.8,22.058542347994102,0.6756658554077148,0.16375572979450226,0.9277594089508057,0.851294994354248
20260505_151447_0e5f0f67,student_l1b_c,exposure,0.8,19.440814955604875,0.6385738253593445,0.24274958670139313,0.9186670780181885,0.6676695346832275
20260505_151447_0e5f0f67,teacher_15b,exposure,1.2,22.80110238976289,0.6789015531539917,0.1628112941980362,0.9419294595718384,0.8677419424057007
20260505_151447_0e5f0f67,student_l1b_c,exposure,1.2,20.641365785777918,0.6357990503311157,0.23332737386226654,0.9175333380699158,0.7132128477096558
20260505_151447_0e5f0f67,teacher_15b,gamma,0.8,22.78821137841601,0.6815435290336609,0.15935352444648743,0.944197416305542,0.8632794618606567
20260505_151447_0e5f0f67,student_l1b_c,gamma,0.8,20.56591279212228,0.6476924419403076,0.23062238097190857,0.922173261642456,0.6997149586677551
20260505_151447_0e5f0f67,teacher_15b,gamma,1.2,22.942427496365035,0.6821646690368652,0.15884758532047272,0.9385159611701965,0.8667893409729004
20260505_151447_0e5f0f67,student_l1b_c,gamma,1.2,20.855159853946187,0.6480883955955505,0.22933611273765564,0.9127203226089478,0.6948943734169006
20260505_151447_0e5f0f67,teacher_15b,blur,1.0,20.4232147277838,0.578404426574707,0.42723414301872253,0.889501690864563,0.8512874841690063
20260505_151447_0e5f0f67,student_l1b_c,blur,1.0,17.12200008569549,0.5219326019287109,0.5058286786079407,0.847817063331604,0.6585928797721863
20260505_151447_0e5f0f67,teacher_15b,blur,2.0,13.130182945243922,0.37504351139068604,0.7996764779090881,0.6225098371505737,0.31178712844848633
20260505_151447_0e5f0f67,student_l1b_c,blur,2.0,12.991085564170481,0.37058764696121216,0.8139418959617615,0.6168898940086365,0.3695530593395233
20260505_151447_0e5f0f67,teacher_15b,noise,0.01,22.669463237632765,0.6671642661094666,0.16757884621620178,0.9343935251235962,0.841922402381897
20260505_151447_0e5f0f67,student_l1b_c,noise,0.01,20.698855893703886,0.6329607367515564,0.24336081743240356,0.904810905456543,0.6498233079910278
20260505_151447_0e5f0f67,teacher_15b,noise,0.03,20.857940376682038,0.5823915004730225,0.2569543421268463,0.9156683087348938,0.7323305606842041
20260505_151447_0e5f0f67,student_l1b_c,noise,0.03,18.89908401344878,0.522222638130188,0.3565483093261719,0.8040603399276733,0.5841214060783386
20260505_141541_709107_f00ca076,teacher_15b,clean,0.0,18.248432411117758,0.6064591407775879,0.34098920226097107,0.8854116201400757,0.9462855458259583
20260505_141541_709107_f00ca076,student_l1b_c,clean,0.0,17.05017468809697,0.5655145049095154,0.4008204936981201,0.8273423314094543,0.915454626083374
20260505_141541_709107_f00ca076,teacher_15b,exposure,0.8,18.421320907916392,0.6038715243339539,0.34932637214660645,0.8861392736434937,0.9491522312164307
20260505_141541_709107_f00ca076,student_l1b_c,exposure,0.8,16.44659132184428,0.5499716401100159,0.41995617747306824,0.8253813982009888,0.9055373668670654
20260505_141541_709107_f00ca076,teacher_15b,exposure,1.2,17.699656186300786,0.6033980846405029,0.3379993438720703,0.8845281004905701,0.9470803141593933
20260505_141541_709107_f00ca076,student_l1b_c,exposure,1.2,17.14977110638782,0.5726087093353271,0.3887011706829071,0.8210885524749756,0.9160315990447998
20260505_141541_709107_f00ca076,teacher_15b,gamma,0.8,18.141541690847863,0.6050712466239929,0.34153226017951965,0.8870818614959717,0.9483964443206787
20260505_141541_709107_f00ca076,student_l1b_c,gamma,0.8,17.16337239159216,0.5672738552093506,0.4011129140853882,0.8301331400871277,0.9158135652542114
20260505_141541_709107_f00ca076,teacher_15b,gamma,1.2,18.370622779153713,0.6076633930206299,0.3410990834236145,0.8853422403335571,0.9450442790985107
20260505_141541_709107_f00ca076,student_l1b_c,gamma,1.2,16.886505071747653,0.5621814131736755,0.40323659777641296,0.817721962928772,0.9129046201705933
20260505_141541_709107_f00ca076,teacher_15b,blur,1.0,17.787710887136264,0.5695358514785767,0.448875367641449,0.8363665342330933,0.9334414005279541
20260505_141541_709107_f00ca076,student_l1b_c,blur,1.0,17.039684507804125,0.5485539436340332,0.4981268644332886,0.8044783473014832,0.9082185626029968
20260505_141541_709107_f00ca076,teacher_15b,blur,2.0,13.395138592881,0.4659397006034851,0.6450875997543335,0.7242624759674072,0.7003538012504578
20260505_141541_709107_f00ca076,student_l1b_c,blur,2.0,15.680351514963991,0.47615140676498413,0.6560071110725403,0.7195065021514893,0.7731056809425354
20260505_141541_709107_f00ca076,teacher_15b,noise,0.01,17.806959950837758,0.5790017247200012,0.36602312326431274,0.8554588556289673,0.9310001730918884
20260505_141541_709107_f00ca076,student_l1b_c,noise,0.01,16.264010653138953,0.5436797142028809,0.4323408901691437,0.8117095828056335,0.8609209060668945
20260505_141541_709107_f00ca076,teacher_15b,noise,0.03,16.34600280390113,0.4864773750305176,0.5003437995910645,0.783047080039978,0.8474036455154419
20260505_141541_709107_f00ca076,student_l1b_c,noise,0.03,15.289478930189247,0.46362489461898804,0.5384877324104309,0.7869867086410522,0.8215620517730713
20260505_154804_0c4eecad,teacher_15b,clean,0.0,22.585868931902297,0.7874252200126648,0.1322472244501114,0.8764979243278503,0.9594894647598267
20260505_154804_0c4eecad,student_l1b_c,clean,0.0,19.344479142577292,0.6971067786216736,0.22059129178524017,0.7170961499214172,0.929206132888794
20260505_154804_0c4eecad,teacher_15b,exposure,0.8,23.322930876182618,0.7896830439567566,0.12927040457725525,0.8897912502288818,0.9598661065101624
20260505_154804_0c4eecad,student_l1b_c,exposure,0.8,20.104162312645812,0.7057856917381287,0.2214965969324112,0.720967173576355,0.9209064841270447
20260505_154804_0c4eecad,teacher_15b,exposure,1.2,21.080981965599435,0.7758196592330933,0.14553017914295197,0.862553596496582,0.956122875213623
20260505_154804_0c4eecad,student_l1b_c,exposure,1.2,18.26739499754684,0.6814283132553101,0.22257733345031738,0.7317874431610107,0.9286659955978394
20260505_154804_0c4eecad,teacher_15b,gamma,0.8,22.52049172757885,0.7868372797966003,0.13248416781425476,0.8721568584442139,0.9597163200378418
20260505_154804_0c4eecad,student_l1b_c,gamma,0.8,19.405718980299305,0.6989213824272156,0.2214929312467575,0.7159088850021362,0.9319850206375122
20260505_154804_0c4eecad,teacher_15b,gamma,1.2,22.677809718731446,0.7874962091445923,0.13263359665870667,0.8874191045761108,0.9591637253761292
20260505_154804_0c4eecad,student_l1b_c,gamma,1.2,19.364413894589482,0.6958827376365662,0.22009874880313873,0.7086186408996582,0.926487147808075
20260505_154804_0c4eecad,teacher_15b,blur,1.0,19.133495551157477,0.6425739526748657,0.38092488050460815,0.754725456237793,0.8966257572174072
20260505_154804_0c4eecad,student_l1b_c,blur,1.0,18.844794043617547,0.5915323495864868,0.418006956577301,0.7421236634254456,0.9042730331420898
20260505_154804_0c4eecad,teacher_15b,blur,2.0,15.239891443679179,0.45038414001464844,0.6362066268920898,0.5713081955909729,0.39051347970962524
20260505_154804_0c4eecad,student_l1b_c,blur,2.0,14.121852922647806,0.42745107412338257,0.6605923175811768,0.5956041216850281,0.5032220482826233
20260505_154804_0c4eecad,teacher_15b,noise,0.01,21.849248516968622,0.7561987638473511,0.16109496355056763,0.851475715637207,0.9508993625640869
20260505_154804_0c4eecad,student_l1b_c,noise,0.01,18.928672763500686,0.6779839396476746,0.2304428219795227,0.7131736278533936,0.9241099953651428
20260505_154804_0c4eecad,teacher_15b,noise,0.03,18.130575306304163,0.6310141682624817,0.3058883249759674,0.6583902835845947,0.9004095792770386
20260505_154804_0c4eecad,student_l1b_c,noise,0.03,15.77849590629118,0.5778764486312866,0.3449820280075073,0.6929124593734741,0.880876898765564
20260505_133948_508579_cf8c21ee,teacher_15b,clean,0.0,26.23949602609011,0.8537647128105164,0.07022669911384583,0.9824188947677612,0.974058985710144
20260505_133948_508579_cf8c21ee,student_l1b_c,clean,0.0,23.112523427513047,0.807248592376709,0.11089032888412476,0.9294049739837646,0.954064130783081
20260505_133948_508579_cf8c21ee,teacher_15b,exposure,0.8,25.61879166765735,0.8493524789810181,0.07687726616859436,0.9808800220489502,0.9776384830474854
20260505_133948_508579_cf8c21ee,student_l1b_c,exposure,0.8,22.341370480246457,0.8031129837036133,0.11672896146774292,0.9437112808227539,0.9581961631774902
20260505_133948_508579_cf8c21ee,teacher_15b,exposure,1.2,25.500318073589945,0.8499333262443542,0.070826455950737,0.9795730113983154,0.9703353643417358
20260505_133948_508579_cf8c21ee,student_l1b_c,exposure,1.2,22.07724304574949,0.796535849571228,0.11773067712783813,0.9084579348564148,0.9477928876876831
20260505_133948_508579_cf8c21ee,teacher_15b,gamma,0.8,26.21941792166137,0.8534523248672485,0.07032083719968796,0.9820128679275513,0.9753222465515137
20260505_133948_508579_cf8c21ee,student_l1b_c,gamma,0.8,23.107765524042726,0.8070799112319946,0.11153752356767654,0.9307867288589478,0.9562110900878906
20260505_133948_508579_cf8c21ee,teacher_15b,gamma,1.2,26.21260417096694,0.853442907333374,0.07092905044555664,0.9834240078926086,0.9731497168540955
20260505_133948_508579_cf8c21ee,student_l1b_c,gamma,1.2,22.92441466589605,0.8057042360305786,0.1126074343919754,0.927100419998169,0.9515656232833862
20260505_133948_508579_cf8c21ee,teacher_15b,blur,1.0,12.210523370024472,0.6037853360176086,0.4789307713508606,0.8745880126953125,0.8107938766479492
20260505_133948_508579_cf8c21ee,student_l1b_c,blur,1.0,13.232166216655557,0.6461604833602905,0.4446246027946472,0.8582291603088379,0.8576305508613586
20260505_133948_508579_cf8c21ee,teacher_15b,blur,2.0,9.950228586952056,0.4421810805797577,0.7356296181678772,0.7128335237503052,0.6008332967758179
20260505_133948_508579_cf8c21ee,student_l1b_c,blur,2.0,12.175112944095616,0.5570703744888306,0.6691098213195801,0.7521095871925354,0.6648560166358948
20260505_133948_508579_cf8c21ee,teacher_15b,noise,0.01,25.328957051943487,0.8353415727615356,0.08630447089672089,0.9573202133178711,0.9350761771202087
20260505_133948_508579_cf8c21ee,student_l1b_c,noise,0.01,17.019615483440518,0.7080997824668884,0.3066020607948303,0.8272712826728821,0.9214078187942505
20260505_133948_508579_cf8c21ee,teacher_15b,noise,0.03,15.3093124685257,0.6269369721412659,0.4521261155605316,0.8642096519470215,0.9252933263778687
20260505_133948_508579_cf8c21ee,student_l1b_c,noise,0.03,14.222343282782253,0.5396567583084106,0.5554368495941162,0.8232547044754028,0.8900620937347412
20260505_145714_17c16bd0,teacher_15b,clean,0.0,21.277921315033367,0.7180169820785522,0.14565248787403107,0.975831925868988,0.9143081903457642
20260505_145714_17c16bd0,student_l1b_c,clean,0.0,20.642348577380293,0.6849943399429321,0.16142576932907104,0.9360191226005554,0.8703839182853699
20260505_145714_17c16bd0,teacher_15b,exposure,0.8,21.578884423139904,0.7284798622131348,0.137472003698349,0.9753919839859009,0.9145336151123047
20260505_145714_17c16bd0,student_l1b_c,exposure,0.8,20.516576122475804,0.7079064846038818,0.1558048129081726,0.9218460917472839,0.8741756677627563
20260505_145714_17c16bd0,teacher_15b,exposure,1.2,20.79716276039641,0.707101047039032,0.15323986113071442,0.971275806427002,0.903576135635376
20260505_145714_17c16bd0,student_l1b_c,exposure,1.2,19.931419206315855,0.6487414836883545,0.17541036009788513,0.9412946105003357,0.8574815988540649
20260505_145714_17c16bd0,teacher_15b,gamma,0.8,21.315441306838075,0.7198977470397949,0.14560988545417786,0.9741512537002563,0.9130127429962158
20260505_145714_17c16bd0,student_l1b_c,gamma,0.8,20.75170808286215,0.6897516250610352,0.15941472351551056,0.9348981380462646,0.8740885853767395
20260505_145714_17c16bd0,teacher_15b,gamma,1.2,21.263433065984827,0.7169925570487976,0.14540718495845795,0.979145348072052,0.9156191349029541
20260505_145714_17c16bd0,student_l1b_c,gamma,1.2,20.561245488139505,0.6829919219017029,0.16275399923324585,0.9334660172462463,0.8665577173233032
20260505_145714_17c16bd0,teacher_15b,blur,1.0,21.153142196441927,0.7127069234848022,0.25516873598098755,0.9664444923400879,0.8098347783088684
20260505_145714_17c16bd0,student_l1b_c,blur,1.0,11.455248974470763,0.4754863679409027,0.5294932126998901,0.9054054021835327,0.5631937384605408
20260505_145714_17c16bd0,teacher_15b,blur,2.0,10.448497532212658,0.43363842368125916,0.7781538963317871,0.7835294008255005,0.551436185836792
20260505_145714_17c16bd0,student_l1b_c,blur,2.0,9.809426250585734,0.43123477697372437,0.7946000695228577,0.8363925814628601,0.4346066117286682
20260505_145714_17c16bd0,teacher_15b,noise,0.01,15.640142852641056,0.5264372825622559,0.3024683892726898,0.9441728591918945,0.6466832756996155
20260505_145714_17c16bd0,student_l1b_c,noise,0.01,12.05997766282085,0.3522573411464691,0.4616812467575073,0.9010813236236572,0.6632760167121887
20260505_145714_17c16bd0,teacher_15b,noise,0.03,8.975659458192426,0.24940691888332367,0.5707013607025146,0.8979753851890564,0.6040397882461548
20260505_145714_17c16bd0,student_l1b_c,noise,0.03,10.510314552801079,0.2605971693992615,0.581923246383667,0.8743249773979187,0.6170060634613037
20260505_155642_0c4eecad,teacher_15b,clean,0.0,32.60799690907914,0.8930193781852722,0.037279434502124786,0.98992919921875,0.965474009513855
20260505_155642_0c4eecad,student_l1b_c,clean,0.0,31.0734326400914,0.8689114451408386,0.06050810590386391,0.9848412275314331,0.9379249811172485
20260505_155642_0c4eecad,teacher_15b,exposure,0.8,31.03711784537177,0.8903610110282898,0.04307841137051582,0.9906152486801147,0.9664909839630127
20260505_155642_0c4eecad,student_l1b_c,exposure,0.8,28.446946334331322,0.8601231575012207,0.07169030606746674,0.9867268204689026,0.9439382553100586
20260505_155642_0c4eecad,teacher_15b,exposure,1.2,32.43948998422124,0.8930284380912781,0.03589004650712013,0.9881149530410767,0.9649056792259216
20260505_155642_0c4eecad,student_l1b_c,exposure,1.2,30.116793041720907,0.8712331652641296,0.059868864715099335,0.9789654016494751,0.9335696697235107
20260505_155642_0c4eecad,teacher_15b,gamma,0.8,32.59868840715922,0.8928368091583252,0.03782935440540314,0.9890470504760742,0.967345654964447
20260505_155642_0c4eecad,student_l1b_c,gamma,0.8,30.98706286369009,0.8674730062484741,0.06196534261107445,0.9870753884315491,0.943241536617279
20260505_155642_0c4eecad,teacher_15b,gamma,1.2,32.58329083854162,0.8928743600845337,0.0373600497841835,0.9896110892295837,0.9637362957000732
20260505_155642_0c4eecad,student_l1b_c,gamma,1.2,30.929399159076564,0.8685463666915894,0.0613790899515152,0.9836371541023254,0.9344242215156555
20260505_155642_0c4eecad,teacher_15b,blur,1.0,28.56815701080715,0.8109891414642334,0.24981363117694855,0.9659855961799622,0.9048566818237305
20260505_155642_0c4eecad,student_l1b_c,blur,1.0,28.015442548363584,0.781998336315155,0.281596302986145,0.9396057724952698,0.758248507976532
20260505_155642_0c4eecad,teacher_15b,blur,2.0,21.18401908763094,0.594246506690979,0.6120185256004333,0.8317540884017944,0.4874006509780884
20260505_155642_0c4eecad,student_l1b_c,blur,2.0,14.242749382172658,0.46676287055015564,0.7560036182403564,0.8386167883872986,0.41982096433639526
20260505_155642_0c4eecad,teacher_15b,noise,0.01,30.312564906382654,0.8727543354034424,0.05942805856466293,0.9687710404396057,0.9577257037162781
20260505_155642_0c4eecad,student_l1b_c,noise,0.01,27.30964480317311,0.8146559596061707,0.15098169445991516,0.9476195573806763,0.8656358122825623
20260505_155642_0c4eecad,teacher_15b,noise,0.03,15.001334222644093,0.5456312894821167,0.4229554533958435,0.896281361579895,0.6635216474533081
20260505_155642_0c4eecad,student_l1b_c,noise,0.03,12.906040195409235,0.44028419256210327,0.509570300579071,0.8884252905845642,0.5676901936531067
20260505_143212_253276_f00ca076,teacher_15b,clean,0.0,24.863362681936323,0.8110818862915039,0.12348194420337677,0.9273741245269775,0.9624030590057373
20260505_143212_253276_f00ca076,student_l1b_c,clean,0.0,22.177854480749268,0.7621588110923767,0.1835368424654007,0.8779786825180054,0.8992542028427124
20260505_143212_253276_f00ca076,teacher_15b,exposure,0.8,24.405600812895727,0.801693320274353,0.13016322255134583,0.9220775365829468,0.9568490982055664
20260505_143212_253276_f00ca076,student_l1b_c,exposure,0.8,21.841009932216096,0.7529630064964294,0.19275245070457458,0.8714867830276489,0.9069862365722656
20260505_143212_253276_f00ca076,teacher_15b,exposure,1.2,24.361357865278972,0.8084970712661743,0.1251664012670517,0.9310211539268494,0.9638417959213257
20260505_143212_253276_f00ca076,student_l1b_c,exposure,1.2,21.69307517169579,0.7582435607910156,0.185185506939888,0.8739334344863892,0.9139872789382935
20260505_143212_253276_f00ca076,teacher_15b,gamma,0.8,24.795711497535514,0.8108322620391846,0.12462975084781647,0.9262586236000061,0.9626754522323608
20260505_143212_253276_f00ca076,student_l1b_c,gamma,0.8,22.245521820795673,0.7630345821380615,0.1833064705133438,0.8765789270401001,0.9008806943893433
20260505_143212_253276_f00ca076,teacher_15b,gamma,1.2,24.887630778439608,0.8106650114059448,0.12347179651260376,0.9261804819107056,0.961247444152832
20260505_143212_253276_f00ca076,student_l1b_c,gamma,1.2,22.093180257501245,0.7599896788597107,0.18555159866809845,0.8760077953338623,0.897071123123169
20260505_143212_253276_f00ca076,teacher_15b,blur,1.0,22.318540858343372,0.68679279088974,0.36409470438957214,0.8671237230300903,0.8667284846305847
20260505_143212_253276_f00ca076,student_l1b_c,blur,1.0,21.099109058891507,0.6498860716819763,0.4547986388206482,0.7787901163101196,0.8201795816421509
20260505_143212_253276_f00ca076,teacher_15b,blur,2.0,18.633416424144873,0.5623779296875,0.6207992434501648,0.7118351459503174,0.7349417209625244
20260505_143212_253276_f00ca076,student_l1b_c,blur,2.0,19.852272878866827,0.5622879266738892,0.6639240980148315,0.6716120839118958,0.6278899908065796
20260505_143212_253276_f00ca076,teacher_15b,noise,0.01,24.082060042492937,0.7815560698509216,0.14702726900577545,0.8883205056190491,0.9274223446846008
20260505_143212_253276_f00ca076,student_l1b_c,noise,0.01,22.040089719268195,0.7408980131149292,0.18662117421627045,0.8665560483932495,0.8603944778442383
20260505_143212_253276_f00ca076,teacher_15b,noise,0.03,21.378241469415013,0.6255924701690674,0.2979815602302551,0.7947920560836792,0.7764569520950317
20260505_143212_253276_f00ca076,student_l1b_c,noise,0.03,19.94230500836246,0.6031103730201721,0.32253652811050415,0.7446632385253906,0.8007074594497681
20260505_135130_612622_cf8c21ee,teacher_15b,clean,0.0,30.80906479100657,0.925803542137146,0.03640174865722656,0.9833720326423645,0.9776864051818848
20260505_135130_612622_cf8c21ee,student_l1b_c,clean,0.0,26.82738123665445,0.897415816783905,0.07025165855884552,0.9747796654701233,0.9604014754295349
20260505_135130_612622_cf8c21ee,teacher_15b,exposure,0.8,29.624869445195294,0.9232575297355652,0.03814731910824776,0.9842989444732666,0.9774808883666992
20260505_135130_612622_cf8c21ee,student_l1b_c,exposure,0.8,25.98031912890636,0.8971521258354187,0.0721229538321495,0.9745770692825317,0.9621498584747314
20260505_135130_612622_cf8c21ee,teacher_15b,exposure,1.2,28.58778526787754,0.9197906255722046,0.03867754340171814,0.9823132753372192,0.9764891862869263
20260505_135130_612622_cf8c21ee,student_l1b_c,exposure,1.2,24.22137392072767,0.8829704523086548,0.07795537263154984,0.9752708077430725,0.9591147303581238
20260505_135130_612622_cf8c21ee,teacher_15b,gamma,0.8,30.74498921150804,0.925808846950531,0.03682856261730194,0.9846683740615845,0.9776613116264343
20260505_135130_612622_cf8c21ee,student_l1b_c,gamma,0.8,26.595541480848603,0.895443856716156,0.07119801640510559,0.9757705926895142,0.9606822729110718
20260505_135130_612622_cf8c21ee,teacher_15b,gamma,1.2,30.80340673302031,0.9255161285400391,0.03641973435878754,0.9844898581504822,0.9776692986488342
20260505_135130_612622_cf8c21ee,student_l1b_c,gamma,1.2,26.814764362451285,0.8985632658004761,0.07042066752910614,0.9736649394035339,0.9600754976272583
20260505_135130_612622_cf8c21ee,teacher_15b,blur,1.0,25.66017637937058,0.8609622716903687,0.17078697681427002,0.9409186840057373,0.9504334330558777
20260505_135130_612622_cf8c21ee,student_l1b_c,blur,1.0,18.570826425283613,0.7996439933776855,0.29397308826446533,0.9277826547622681,0.9307655096054077
20260505_135130_612622_cf8c21ee,teacher_15b,blur,2.0,15.837830364649164,0.698518693447113,0.5325968861579895,0.8250534534454346,0.886730432510376
20260505_135130_612622_cf8c21ee,student_l1b_c,blur,2.0,15.622295681694753,0.6828005313873291,0.5776769518852234,0.7981141209602356,0.8210626840591431
20260505_135130_612622_cf8c21ee,teacher_15b,noise,0.01,30.037440047702184,0.907225489616394,0.048955708742141724,0.9583402872085571,0.9720713496208191
20260505_135130_612622_cf8c21ee,student_l1b_c,noise,0.01,17.26363416209478,0.8111549615859985,0.20952878892421722,0.9456047415733337,0.9578826427459717
20260505_135130_612622_cf8c21ee,teacher_15b,noise,0.03,20.88630871914927,0.7319261431694031,0.25148075819015503,0.874317467212677,0.9300135374069214
20260505_135130_612622_cf8c21ee,student_l1b_c,noise,0.03,14.781694702090913,0.648687481880188,0.43153560161590576,0.8213727474212646,0.9309021234512329
20260505_130231_720810_a473e239,teacher_15b,clean,0.0,24.472035016169073,0.724461019039154,0.08312807977199554,0.9662720561027527,0.9396827220916748
20260505_130231_720810_a473e239,student_l1b_c,clean,0.0,22.551281840727473,0.6432149410247803,0.14316418766975403,0.9399440884590149,0.9398249387741089
20260505_130231_720810_a473e239,teacher_15b,exposure,0.8,24.464455563447657,0.722710371017456,0.08953337371349335,0.9696550369262695,0.9445308446884155
20260505_130231_720810_a473e239,student_l1b_c,exposure,0.8,22.482337913047964,0.6427055597305298,0.14885678887367249,0.9435925483703613,0.937446117401123
20260505_130231_720810_a473e239,teacher_15b,exposure,1.2,24.150436538841976,0.7206859588623047,0.08252744376659393,0.9621486663818359,0.9306582808494568
20260505_130231_720810_a473e239,student_l1b_c,exposure,1.2,21.870568292209033,0.6312695145606995,0.151326984167099,0.9479115605354309,0.9370343685150146
20260505_130231_720810_a473e239,teacher_15b,gamma,0.8,24.427578823936894,0.7243880033493042,0.083921417593956,0.9694148898124695,0.9404512643814087
20260505_130231_720810_a473e239,student_l1b_c,gamma,0.8,22.51598286807718,0.6434437036514282,0.14320512115955353,0.9432251453399658,0.9355908632278442
20260505_130231_720810_a473e239,teacher_15b,gamma,1.2,24.50944018275566,0.7242440581321716,0.08309052139520645,0.971625804901123,0.9400245547294617
20260505_130231_720810_a473e239,student_l1b_c,gamma,1.2,22.56407210763921,0.6424007415771484,0.14425645768642426,0.9369748830795288,0.9413621425628662
20260505_130231_720810_a473e239,teacher_15b,blur,1.0,22.497479735215038,0.6210716366767883,0.31188562512397766,0.9301748275756836,0.8854303359985352
20260505_130231_720810_a473e239,student_l1b_c,blur,1.0,16.175017216153503,0.44244450330734253,0.4651429057121277,0.8881823420524597,0.79752117395401
20260505_130231_720810_a473e239,teacher_15b,blur,2.0,14.56345355262669,0.28540897369384766,0.6880480051040649,0.8218144178390503,0.5900022387504578
20260505_130231_720810_a473e239,student_l1b_c,blur,2.0,12.733408442507049,0.2469860166311264,0.7672033309936523,0.8603709936141968,0.6529524326324463
20260505_130231_720810_a473e239,teacher_15b,noise,0.01,24.416814250911123,0.7122969031333923,0.08337744325399399,0.9662051200866699,0.9299541711807251
20260505_130231_720810_a473e239,student_l1b_c,noise,0.01,22.297166563361802,0.6284976005554199,0.14694716036319733,0.9542701840400696,0.930733323097229
20260505_130231_720810_a473e239,teacher_15b,noise,0.03,23.438822413355744,0.6428833603858948,0.12758085131645203,0.8381242752075195,0.867256224155426
20260505_130231_720810_a473e239,student_l1b_c,noise,0.03,20.440065949795212,0.5361558198928833,0.2191508710384369,0.8164359927177429,0.7949796319007874
20260505_124115_888190_a473e239,teacher_15b,clean,0.0,26.513214398810476,0.8577386140823364,0.09216341376304626,0.9626743197441101,0.9703975319862366
20260505_124115_888190_a473e239,student_l1b_c,clean,0.0,24.96690338582535,0.8351454138755798,0.1281367391347885,0.9596330523490906,0.9297504425048828
20260505_124115_888190_a473e239,teacher_15b,exposure,0.8,27.894118511874186,0.8571994304656982,0.09958148002624512,0.9744845032691956,0.9691685438156128
20260505_124115_888190_a473e239,student_l1b_c,exposure,0.8,25.122715150984263,0.8310765027999878,0.13589952886104584,0.9624680280685425,0.9400500059127808
20260505_124115_888190_a473e239,teacher_15b,exposure,1.2,25.3423077294463,0.8529369235038757,0.09416353702545166,0.9611325263977051,0.970947265625
20260505_124115_888190_a473e239,student_l1b_c,exposure,1.2,22.95058982344495,0.8246923685073853,0.132923424243927,0.9552986025810242,0.9260419607162476
20260505_124115_888190_a473e239,teacher_15b,gamma,0.8,26.44577957815202,0.8567993640899658,0.09350385516881943,0.9702138900756836,0.9683799743652344
20260505_124115_888190_a473e239,student_l1b_c,gamma,0.8,24.997910911406265,0.8348857164382935,0.12984678149223328,0.9637835025787354,0.930198609828949
20260505_124115_888190_a473e239,teacher_15b,gamma,1.2,26.619161622589438,0.8583083152770996,0.09158428013324738,0.9663822650909424,0.9715831279754639
20260505_124115_888190_a473e239,student_l1b_c,gamma,1.2,25.00319754208403,0.8346256613731384,0.1285785287618637,0.9609565734863281,0.9306173324584961
20260505_124115_888190_a473e239,teacher_15b,blur,1.0,23.549532488342543,0.7530734539031982,0.33098968863487244,0.952387809753418,0.8908489942550659
20260505_124115_888190_a473e239,student_l1b_c,blur,1.0,22.308408475169237,0.7244240045547485,0.43875041604042053,0.9145451188087463,0.8929286599159241
20260505_124115_888190_a473e239,teacher_15b,blur,2.0,19.825163387686857,0.616662859916687,0.5972998142242432,0.82930988073349,0.7122293710708618
20260505_124115_888190_a473e239,student_l1b_c,blur,2.0,20.66793991149364,0.611735999584198,0.6363755464553833,0.7991987466812134,0.7917225360870361
20260505_124115_888190_a473e239,teacher_15b,noise,0.01,26.44118303622576,0.825615406036377,0.10360527038574219,0.9606439471244812,0.9613670110702515
20260505_124115_888190_a473e239,student_l1b_c,noise,0.01,23.805209418202526,0.8071084022521973,0.13721145689487457,0.9456918239593506,0.9187949895858765
20260505_124115_888190_a473e239,teacher_15b,noise,0.03,23.6102555318437,0.6805419921875,0.2675882875919342,0.895410418510437,0.8511683940887451
20260505_124115_888190_a473e239,student_l1b_c,noise,0.03,21.540710396782508,0.6664984226226807,0.31233763694763184,0.8639934062957764,0.8483979105949402
20260505_155009_0c4eecad,teacher_15b,clean,0.0,28.10040069951457,0.8240914344787598,0.10579106211662292,0.9491753578186035,0.926318347454071
20260505_155009_0c4eecad,student_l1b_c,clean,0.0,26.692867594440926,0.7988103628158569,0.15759702026844025,0.9364562034606934,0.846635103225708
20260505_155009_0c4eecad,teacher_15b,exposure,0.8,26.586032618966897,0.8199414014816284,0.12105713039636612,0.9460145235061646,0.9319749474525452
20260505_155009_0c4eecad,student_l1b_c,exposure,0.8,24.66503962859829,0.7943989038467407,0.18494635820388794,0.9362362623214722,0.8303608894348145
20260505_155009_0c4eecad,teacher_15b,exposure,1.2,28.24540537745142,0.8220608234405518,0.10348010808229446,0.9513435363769531,0.917414128780365
20260505_155009_0c4eecad,student_l1b_c,exposure,1.2,26.34384684101724,0.788501501083374,0.15015538036823273,0.935546338558197,0.846641480922699
20260505_155009_0c4eecad,teacher_15b,gamma,0.8,28.188946808583516,0.8243708610534668,0.10710238665342331,0.9489798545837402,0.9276585578918457
20260505_155009_0c4eecad,student_l1b_c,gamma,0.8,26.630088662562322,0.79954594373703,0.1617482453584671,0.9361250400543213,0.8493763208389282
20260505_155009_0c4eecad,teacher_15b,gamma,1.2,27.935922241813653,0.8237581253051758,0.1057647317647934,0.9464496970176697,0.9248014688491821
20260505_155009_0c4eecad,student_l1b_c,gamma,1.2,26.581101675084362,0.7981926798820496,0.15656143426895142,0.9345675706863403,0.8429698944091797
20260505_155009_0c4eecad,teacher_15b,blur,1.0,25.63955773038945,0.7444121241569519,0.3531041741371155,0.9296087026596069,0.8205652236938477
20260505_155009_0c4eecad,student_l1b_c,blur,1.0,15.307552600136374,0.6035281419754028,0.5285494327545166,0.8302572965621948,0.5288422107696533
20260505_155009_0c4eecad,teacher_15b,blur,2.0,14.632279795288198,0.5326880812644958,0.7168715596199036,0.7728308439254761,0.29894405603408813
20260505_155009_0c4eecad,student_l1b_c,blur,2.0,14.046283380278288,0.5280226469039917,0.7334940433502197,0.782667875289917,0.3426792621612549
20260505_155009_0c4eecad,teacher_15b,noise,0.01,27.47720407766323,0.7963454127311707,0.11600254476070404,0.9341579675674438,0.9185905456542969
20260505_155009_0c4eecad,student_l1b_c,noise,0.01,25.603183558752743,0.7629508972167969,0.1797192245721817,0.9257538914680481,0.8095846176147461
20260505_155009_0c4eecad,teacher_15b,noise,0.03,18.17034311956766,0.6295613050460815,0.2803495526313782,0.9202677607536316,0.7611198425292969
20260505_155009_0c4eecad,student_l1b_c,noise,0.03,17.044824020727592,0.5749468803405762,0.3415968418121338,0.7808513641357422,0.6569678783416748
20260505_134907_284322_cf8c21ee,teacher_15b,clean,0.0,20.91924974552093,0.5757439136505127,0.2015904039144516,0.9679973125457764,0.9126919507980347
20260505_134907_284322_cf8c21ee,student_l1b_c,clean,0.0,19.172869743681723,0.5010389685630798,0.23025253415107727,0.9329614639282227,0.8162707090377808
20260505_134907_284322_cf8c21ee,teacher_15b,exposure,0.8,21.030136907779536,0.5803295373916626,0.20871293544769287,0.9724348187446594,0.9277029633522034
20260505_134907_284322_cf8c21ee,student_l1b_c,exposure,0.8,19.812707417478702,0.5215117931365967,0.23913690447807312,0.9469022154808044,0.8418514728546143
20260505_134907_284322_cf8c21ee,teacher_15b,exposure,1.2,20.624316782889295,0.566199541091919,0.20083187520503998,0.9689241647720337,0.8951696157455444
20260505_134907_284322_cf8c21ee,student_l1b_c,exposure,1.2,18.261414010783245,0.4727938175201416,0.2329046130180359,0.9355206489562988,0.7978307008743286
20260505_134907_284322_cf8c21ee,teacher_15b,gamma,0.8,20.897842529196218,0.5752748847007751,0.20416590571403503,0.9706370830535889,0.9171000719070435
20260505_134907_284322_cf8c21ee,student_l1b_c,gamma,0.8,19.139878943493393,0.4997915029525757,0.23352955281734467,0.9314129948616028,0.8212611675262451
20260505_134907_284322_cf8c21ee,teacher_15b,gamma,1.2,20.939450700837074,0.5764032006263733,0.20038188993930817,0.9714171886444092,0.9075497388839722
20260505_134907_284322_cf8c21ee,student_l1b_c,gamma,1.2,19.309551420787002,0.5055228471755981,0.22904303669929504,0.9310129284858704,0.8122092485427856
20260505_134907_284322_cf8c21ee,teacher_15b,blur,1.0,18.205435683843348,0.49014997482299805,0.42289969325065613,0.9331349730491638,0.6084238886833191
20260505_134907_284322_cf8c21ee,student_l1b_c,blur,1.0,17.20464237529569,0.45918524265289307,0.4702136218547821,0.905439019203186,0.4341856837272644
20260505_134907_284322_cf8c21ee,teacher_15b,blur,2.0,11.307445756655605,0.22690260410308838,0.9542903304100037,0.8014541864395142,0.26299136877059937
20260505_134907_284322_cf8c21ee,student_l1b_c,blur,2.0,10.053744874076322,0.20097050070762634,0.9685168862342834,0.7790939807891846,0.33489567041397095
20260505_134907_284322_cf8c21ee,teacher_15b,noise,0.01,20.84257127000123,0.5599519610404968,0.21152091026306152,0.9688472747802734,0.9173515439033508
20260505_134907_284322_cf8c21ee,student_l1b_c,noise,0.01,18.80027551812112,0.4739413261413574,0.24632006883621216,0.9232925772666931,0.7912673354148865
20260505_134907_284322_cf8c21ee,teacher_15b,noise,0.03,17.846388373306578,0.46622800827026367,0.27240467071533203,0.9364911317825317,0.8041213750839233
20260505_134907_284322_cf8c21ee,student_l1b_c,noise,0.03,13.625078395990737,0.2936510443687439,0.4347776174545288,0.8565752506256104,0.638407289981842
20260505_135227_656731_cf8c21ee,teacher_15b,clean,0.0,31.8357654670426,0.931208610534668,0.03386234864592552,0.9745481014251709,0.8845953941345215
20260505_135227_656731_cf8c21ee,student_l1b_c,clean,0.0,27.23777207595979,0.8933283686637878,0.07150973379611969,0.9472054839134216,0.8068411350250244
20260505_135227_656731_cf8c21ee,teacher_15b,exposure,0.8,29.19345683629922,0.9303216934204102,0.03765416517853737,0.9761584997177124,0.886568546295166
20260505_135227_656731_cf8c21ee,student_l1b_c,exposure,0.8,25.971609495841427,0.8927696943283081,0.07496239989995956,0.944313645362854,0.7867830991744995
20260505_135227_656731_cf8c21ee,teacher_15b,exposure,1.2,29.949643831961772,0.9154057502746582,0.03864932432770729,0.9686592817306519,0.8668769598007202
20260505_135227_656731_cf8c21ee,student_l1b_c,exposure,1.2,24.83506662282139,0.8739807605743408,0.08215559273958206,0.9366682767868042,0.7904574275016785
20260505_135227_656731_cf8c21ee,teacher_15b,gamma,0.8,31.636528630915496,0.9309713840484619,0.034136317670345306,0.9749547839164734,0.8851261138916016
20260505_135227_656731_cf8c21ee,student_l1b_c,gamma,0.8,27.04365446606522,0.8929053544998169,0.07196257263422012,0.9467284679412842,0.796051025390625
20260505_135227_656731_cf8c21ee,teacher_15b,gamma,1.2,31.74322012221749,0.9310479164123535,0.03425085172057152,0.9778212308883667,0.8810454607009888
20260505_135227_656731_cf8c21ee,student_l1b_c,gamma,1.2,27.062699122741893,0.8929369449615479,0.07266592979431152,0.946053147315979,0.8131384253501892
20260505_135227_656731_cf8c21ee,teacher_15b,blur,1.0,28.566544431578265,0.8885077834129333,0.13164137303829193,0.9224731922149658,0.8453807830810547
20260505_135227_656731_cf8c21ee,student_l1b_c,blur,1.0,22.138856172640438,0.8526408672332764,0.20868314802646637,0.9200137853622437,0.778039276599884
20260505_135227_656731_cf8c21ee,teacher_15b,blur,2.0,16.778928596102467,0.7507676482200623,0.49608027935028076,0.8365770578384399,0.6042042970657349
20260505_135227_656731_cf8c21ee,student_l1b_c,blur,2.0,17.06021995638946,0.7364816665649414,0.5862329006195068,0.8225429058074951,0.5711243152618408
20260505_135227_656731_cf8c21ee,teacher_15b,noise,0.01,26.92178895821829,0.8985289931297302,0.07086359709501266,0.9499760270118713,0.8238809704780579
20260505_135227_656731_cf8c21ee,student_l1b_c,noise,0.01,16.695879850252965,0.7812315821647644,0.28841033577919006,0.9058069586753845,0.7920764684677124
20260505_135227_656731_cf8c21ee,teacher_15b,noise,0.03,16.527869887317827,0.6713112592697144,0.42367249727249146,0.898468017578125,0.7482516765594482
20260505_135227_656731_cf8c21ee,student_l1b_c,noise,0.03,16.159353415568805,0.6093387603759766,0.5232740640640259,0.841687798500061,0.7516691088676453
20260505_143118_234552_f00ca076,teacher_15b,clean,0.0,22.601269586025026,0.7986403703689575,0.1506837010383606,0.9071087837219238,0.9121045470237732
20260505_143118_234552_f00ca076,student_l1b_c,clean,0.0,20.648018974884877,0.7526078224182129,0.19691701233386993,0.8864980936050415,0.8052968382835388
20260505_143118_234552_f00ca076,teacher_15b,exposure,0.8,22.061696999815474,0.7878819704055786,0.15472620725631714,0.922264575958252,0.8892577886581421
20260505_143118_234552_f00ca076,student_l1b_c,exposure,0.8,19.951451929111112,0.7374826669692993,0.2093954235315323,0.8845433592796326,0.7800267934799194
20260505_143118_234552_f00ca076,teacher_15b,exposure,1.2,22.479254812686843,0.8008564710617065,0.15014462172985077,0.9183602333068848,0.9168647527694702
20260505_143118_234552_f00ca076,student_l1b_c,exposure,1.2,20.711970403937986,0.7567958831787109,0.19358514249324799,0.8742939233779907,0.8122826814651489
20260505_143118_234552_f00ca076,teacher_15b,gamma,0.8,22.61589465801976,0.7989213466644287,0.15129151940345764,0.9065733551979065,0.9103052020072937
20260505_143118_234552_f00ca076,student_l1b_c,gamma,0.8,20.71259183097437,0.7550218105316162,0.19634869694709778,0.8885369300842285,0.7956905364990234
20260505_143118_234552_f00ca076,teacher_15b,gamma,1.2,22.59405430613732,0.7979192137718201,0.15028387308120728,0.9119212031364441,0.9142112135887146
20260505_143118_234552_f00ca076,student_l1b_c,gamma,1.2,20.539646528350637,0.7484129667282104,0.19901230931282043,0.8807621002197266,0.8073720335960388
20260505_143118_234552_f00ca076,teacher_15b,blur,1.0,21.23963375133787,0.6989922523498535,0.3447624146938324,0.9031924605369568,0.7783480882644653
20260505_143118_234552_f00ca076,student_l1b_c,blur,1.0,18.600512560116275,0.642778754234314,0.41382256150245667,0.8484640121459961,0.6740589141845703
20260505_143118_234552_f00ca076,teacher_15b,blur,2.0,15.807129841319686,0.52779221534729,0.6006993055343628,0.7787014842033386,0.3367234468460083
20260505_143118_234552_f00ca076,student_l1b_c,blur,2.0,16.72145361285463,0.5364122986793518,0.6318700313568115,0.7644796371459961,0.38161319494247437
20260505_143118_234552_f00ca076,teacher_15b,noise,0.01,22.26555406271882,0.7694336771965027,0.16752226650714874,0.8576077818870544,0.8706521391868591
20260505_143118_234552_f00ca076,student_l1b_c,noise,0.01,20.75311205840196,0.7334286570549011,0.20422525703907013,0.8499360680580139,0.7725820541381836
20260505_143118_234552_f00ca076,teacher_15b,noise,0.03,19.563201623424767,0.6105560660362244,0.3594258427619934,0.8110788464546204,0.6818058490753174
20260505_143118_234552_f00ca076,student_l1b_c,noise,0.03,18.545290152375404,0.5832969546318054,0.3921656310558319,0.7699061036109924,0.6610299348831177
20260505_135628_803304_cf8c21ee,teacher_15b,clean,0.0,25.876825835999114,0.7663571238517761,0.12047715485095978,0.9506329298019409,0.9759772419929504
20260505_135628_803304_cf8c21ee,student_l1b_c,clean,0.0,23.6709080830471,0.7235459089279175,0.20001089572906494,0.8896123170852661,0.951073408126831
20260505_135628_803304_cf8c21ee,teacher_15b,exposure,0.8,23.194976511573508,0.7526640892028809,0.12830503284931183,0.9571403861045837,0.978710949420929
20260505_135628_803304_cf8c21ee,student_l1b_c,exposure,0.8,21.17707741786717,0.7046804428100586,0.21750394999980927,0.8913213014602661,0.9477351903915405
20260505_135628_803304_cf8c21ee,teacher_15b,exposure,1.2,25.08706569384277,0.7542567253112793,0.1259458065032959,0.9520314931869507,0.9736736416816711
20260505_135628_803304_cf8c21ee,student_l1b_c,exposure,1.2,22.750232618341496,0.7041898965835571,0.20844629406929016,0.9038829803466797,0.9519615173339844
20260505_135628_803304_cf8c21ee,teacher_15b,gamma,0.8,25.80246455364636,0.766541600227356,0.12075135856866837,0.9505019187927246,0.977330207824707
20260505_135628_803304_cf8c21ee,student_l1b_c,gamma,0.8,23.614014977676227,0.7239900827407837,0.20167425274848938,0.886651873588562,0.9538751840591431
20260505_135628_803304_cf8c21ee,teacher_15b,gamma,1.2,25.815707224278455,0.7657842636108398,0.12107723206281662,0.9527294039726257,0.9749550819396973
20260505_135628_803304_cf8c21ee,student_l1b_c,gamma,1.2,23.54596386196329,0.7226561307907104,0.2013014853000641,0.8930706977844238,0.9515934586524963
20260505_135628_803304_cf8c21ee,teacher_15b,blur,1.0,23.24976916385648,0.6610972285270691,0.3845180571079254,0.9339815974235535,0.9530884027481079
20260505_135628_803304_cf8c21ee,student_l1b_c,blur,1.0,21.258033078286083,0.613707959651947,0.4815744161605835,0.8677504062652588,0.9106310606002808
20260505_135628_803304_cf8c21ee,teacher_15b,blur,2.0,13.396101079136226,0.428428053855896,0.763788640499115,0.6674827337265015,0.4633140563964844
20260505_135628_803304_cf8c21ee,student_l1b_c,blur,2.0,13.371793915042876,0.43033409118652344,0.796734631061554,0.6633448004722595,0.5501747727394104
20260505_135628_803304_cf8c21ee,teacher_15b,noise,0.01,25.60784583380512,0.7531170845031738,0.1267682909965515,0.9549956321716309,0.967473030090332
20260505_135628_803304_cf8c21ee,student_l1b_c,noise,0.01,23.371455366909203,0.7098132371902466,0.20708543062210083,0.9146985411643982,0.948704183101654
20260505_135628_803304_cf8c21ee,teacher_15b,noise,0.03,23.312577506414055,0.678053617477417,0.19950750470161438,0.8972939252853394,0.9063413143157959
20260505_135628_803304_cf8c21ee,student_l1b_c,noise,0.03,17.643158929957032,0.5993108749389648,0.3029549717903137,0.8379256725311279,0.8336620330810547
20260505_144832_285639_f00ca076,teacher_15b,clean,0.0,32.17610677147268,0.9210337400436401,0.03499583527445793,0.9758083820343018,0.9682285785675049
20260505_144832_285639_f00ca076,student_l1b_c,clean,0.0,31.38390866887037,0.8887839317321777,0.057766202837228775,0.9274221658706665,0.9079227447509766
20260505_144832_285639_f00ca076,teacher_15b,exposure,0.8,29.65101849192343,0.9108573794364929,0.040682122111320496,0.9756323099136353,0.9657353162765503
20260505_144832_285639_f00ca076,student_l1b_c,exposure,0.8,26.846839056868955,0.8736287951469421,0.06435227394104004,0.9353346228599548,0.9065582752227783
20260505_144832_285639_f00ca076,teacher_15b,exposure,1.2,26.316566766562403,0.9203468561172485,0.03968608379364014,0.976420521736145,0.9669525623321533
20260505_144832_285639_f00ca076,student_l1b_c,exposure,1.2,24.895774722812458,0.8935552835464478,0.06450454890727997,0.9170854091644287,0.9121648073196411
20260505_144832_285639_f00ca076,teacher_15b,gamma,0.8,31.75355161588513,0.9203984141349792,0.03595760464668274,0.9741536378860474,0.9677482843399048
20260505_144832_285639_f00ca076,student_l1b_c,gamma,0.8,29.370940566047597,0.8746318817138672,0.05968855321407318,0.9298583269119263,0.9104433655738831
20260505_144832_285639_f00ca076,teacher_15b,gamma,1.2,32.72225097799537,0.9207164645195007,0.035141076892614365,0.9676247835159302,0.9678019881248474
20260505_144832_285639_f00ca076,student_l1b_c,gamma,1.2,32.37168794563677,0.8918583393096924,0.060876503586769104,0.9270455837249756,0.9079397916793823
20260505_144832_285639_f00ca076,teacher_15b,blur,1.0,27.640498145973055,0.8588403463363647,0.18113775551319122,0.9546478390693665,0.9324864745140076
20260505_144832_285639_f00ca076,student_l1b_c,blur,1.0,25.811694525066876,0.8290855884552002,0.22242586314678192,0.9404944181442261,0.8537572622299194
20260505_144832_285639_f00ca076,teacher_15b,blur,2.0,21.095142800765686,0.7286547422409058,0.4070635139942169,0.8607459664344788,0.612836480140686
20260505_144832_285639_f00ca076,student_l1b_c,blur,2.0,22.187990026098106,0.703412652015686,0.42484527826309204,0.8333885669708252,0.5980497002601624
20260505_144832_285639_f00ca076,teacher_15b,noise,0.01,33.0669990605803,0.88664311170578,0.06548082083463669,0.9628684520721436,0.9475380182266235
20260505_144832_285639_f00ca076,student_l1b_c,noise,0.01,28.991423433483053,0.8503698110580444,0.09131044894456863,0.9038271903991699,0.8196871280670166
20260505_144832_285639_f00ca076,teacher_15b,noise,0.03,20.135818270020675,0.5918163061141968,0.45258158445358276,0.6696714758872986,0.514017641544342
20260505_144832_285639_f00ca076,student_l1b_c,noise,0.03,15.919680174150013,0.4948424994945526,0.5405316352844238,0.740351676940918,0.566058337688446
20260505_123736_530377_a473e239,teacher_15b,clean,0.0,25.48334044397668,0.8531956672668457,0.06808274984359741,0.9673010110855103,0.9665309190750122
20260505_123736_530377_a473e239,student_l1b_c,clean,0.0,21.889894641592317,0.8209366798400879,0.11520249396562576,0.9484075903892517,0.957949161529541
20260505_123736_530377_a473e239,teacher_15b,exposure,0.8,23.878898070544984,0.8449739813804626,0.07554721087217331,0.9664512872695923,0.968244731426239
20260505_123736_530377_a473e239,student_l1b_c,exposure,0.8,20.2660485560181,0.8101110458374023,0.12249219417572021,0.934660792350769,0.9565565586090088
20260505_123736_530377_a473e239,teacher_15b,exposure,1.2,25.130904860081667,0.8504656553268433,0.06795135140419006,0.9551756381988525,0.9613347053527832
20260505_123736_530377_a473e239,student_l1b_c,exposure,1.2,21.725528531614323,0.8165347576141357,0.11771690845489502,0.9419278502464294,0.9579342603683472
20260505_123736_530377_a473e239,teacher_15b,gamma,0.8,25.49135008419242,0.852984607219696,0.06975044310092926,0.9674551486968994,0.9652394652366638
20260505_123736_530377_a473e239,student_l1b_c,gamma,0.8,21.779756226972356,0.8195629119873047,0.1163707748055458,0.9403864741325378,0.9582556486129761
20260505_123736_530377_a473e239,teacher_15b,gamma,1.2,25.397591971461637,0.8527892827987671,0.0675358772277832,0.9700866937637329,0.9677200317382812
20260505_123736_530377_a473e239,student_l1b_c,gamma,1.2,21.79604332504615,0.8205159902572632,0.11639177054166794,0.9509636163711548,0.9537500143051147
20260505_123736_530377_a473e239,teacher_15b,blur,1.0,22.196195872613945,0.7501147985458374,0.31700947880744934,0.9262962937355042,0.9346166253089905
20260505_123736_530377_a473e239,student_l1b_c,blur,1.0,19.87317356295324,0.7194617986679077,0.37056636810302734,0.8992710709571838,0.9003660678863525
20260505_123736_530377_a473e239,teacher_15b,blur,2.0,18.51677083754859,0.6162199974060059,0.5823715925216675,0.701185941696167,0.728398859500885
20260505_123736_530377_a473e239,student_l1b_c,blur,2.0,18.64864323199363,0.6146270632743835,0.6193816661834717,0.7791094779968262,0.8099648952484131
20260505_123736_530377_a473e239,teacher_15b,noise,0.01,24.397344403268562,0.8291449546813965,0.0807187557220459,0.9425033926963806,0.9643235802650452
20260505_123736_530377_a473e239,student_l1b_c,noise,0.01,21.36623388554891,0.7980221509933472,0.12759537994861603,0.9333875775337219,0.9459417462348938
20260505_123736_530377_a473e239,teacher_15b,noise,0.03,21.31998072773222,0.7120357751846313,0.19919921457767487,0.9339619874954224,0.9263654351234436
20260505_123736_530377_a473e239,student_l1b_c,noise,0.03,19.1449663779365,0.6922335624694824,0.22883541882038116,0.8996067047119141,0.905693769454956
20260505_160012_0c4eecad,teacher_15b,clean,0.0,32.81314946271105,0.9005991220474243,0.036002691835165024,0.9881238341331482,0.951008677482605
20260505_160012_0c4eecad,student_l1b_c,clean,0.0,30.57296458668914,0.877374529838562,0.06503533571958542,0.9856622219085693,0.9137648940086365
20260505_160012_0c4eecad,teacher_15b,exposure,0.8,31.060287763297858,0.8978103995323181,0.040401771664619446,0.9876552820205688,0.9522472620010376
20260505_160012_0c4eecad,student_l1b_c,exposure,0.8,27.40005455487212,0.8686074018478394,0.07215618342161179,0.9851024150848389,0.9054893255233765
20260505_160012_0c4eecad,teacher_15b,exposure,1.2,32.73072987273813,0.9006556868553162,0.03508586436510086,0.9867382645606995,0.9545020461082458
20260505_160012_0c4eecad,student_l1b_c,exposure,1.2,30.772089328312656,0.8788894414901733,0.06637392938137054,0.9801145792007446,0.9161076545715332
20260505_160012_0c4eecad,teacher_15b,gamma,0.8,32.80538787976105,0.9005171060562134,0.03641516715288162,0.990185022354126,0.9502367973327637
20260505_160012_0c4eecad,student_l1b_c,gamma,0.8,30.4847100754477,0.8767754435539246,0.06452236324548721,0.9845105409622192,0.9146705865859985
20260505_160012_0c4eecad,teacher_15b,gamma,1.2,32.761075269340324,0.9002827405929565,0.03612431883811951,0.9904265403747559,0.9523088932037354
20260505_160012_0c4eecad,student_l1b_c,gamma,1.2,30.339761254931243,0.876236081123352,0.06731260567903519,0.9862711429595947,0.9113686680793762
20260505_160012_0c4eecad,teacher_15b,blur,1.0,28.11934812093423,0.818004846572876,0.24059037864208221,0.9714530110359192,0.9064596891403198
20260505_160012_0c4eecad,student_l1b_c,blur,1.0,27.092294772083285,0.7860093116760254,0.28767403960227966,0.9655194282531738,0.7247361540794373
20260505_160012_0c4eecad,teacher_15b,blur,2.0,20.68017640389662,0.5953001379966736,0.6242139339447021,0.8489735126495361,0.3944571018218994
20260505_160012_0c4eecad,student_l1b_c,blur,2.0,14.369889129418002,0.4846240282058716,0.7477171421051025,0.8422333598136902,0.49360033869743347
20260505_160012_0c4eecad,teacher_15b,noise,0.01,30.60986050938189,0.8835444450378418,0.06026856601238251,0.9648109078407288,0.9387199878692627
20260505_160012_0c4eecad,student_l1b_c,noise,0.01,25.917365444770823,0.8224443793296814,0.1612706184387207,0.9568064212799072,0.8137359023094177
20260505_160012_0c4eecad,teacher_15b,noise,0.03,14.386074789638766,0.5659817457199097,0.38076114654541016,0.9189813137054443,0.6381610631942749
20260505_160012_0c4eecad,student_l1b_c,noise,0.03,12.637572184686892,0.43458765745162964,0.5080632567405701,0.8512934446334839,0.5286821722984314
20260505_154022_0c4eecad,teacher_15b,clean,0.0,22.598167867649064,0.7749609351158142,0.11433178186416626,0.9337595105171204,0.9439562559127808
20260505_154022_0c4eecad,student_l1b_c,clean,0.0,20.480787882793344,0.7199503779411316,0.18151259422302246,0.8408447504043579,0.9017195701599121
20260505_154022_0c4eecad,teacher_15b,exposure,0.8,21.676348402568753,0.7596085071563721,0.12613855302333832,0.9295781254768372,0.9397174715995789
20260505_154022_0c4eecad,student_l1b_c,exposure,0.8,19.864087940017676,0.7060797214508057,0.19016748666763306,0.8395730257034302,0.8865455389022827
20260505_154022_0c4eecad,teacher_15b,exposure,1.2,22.348822204071705,0.7754158973693848,0.11286500096321106,0.9233961701393127,0.9426166415214539
20260505_154022_0c4eecad,student_l1b_c,exposure,1.2,19.981343278375732,0.7170442938804626,0.18184998631477356,0.8433756828308105,0.8936758041381836
20260505_154022_0c4eecad,teacher_15b,gamma,0.8,22.59236008426289,0.7746573686599731,0.11526786535978317,0.9322749972343445,0.9433364868164062
20260505_154022_0c4eecad,student_l1b_c,gamma,0.8,20.3247953227335,0.7181586027145386,0.18291670083999634,0.8399350643157959,0.90050208568573
20260505_154022_0c4eecad,teacher_15b,gamma,1.2,22.55346943348477,0.774040162563324,0.11484728753566742,0.9363839626312256,0.9448161125183105
20260505_154022_0c4eecad,student_l1b_c,gamma,1.2,20.524458929378874,0.7192489504814148,0.1818312108516693,0.8455754518508911,0.8975626230239868
20260505_154022_0c4eecad,teacher_15b,blur,1.0,18.804318175241544,0.6235947608947754,0.37591564655303955,0.8523389101028442,0.8141461610794067
20260505_154022_0c4eecad,student_l1b_c,blur,1.0,15.907302526529465,0.5681354999542236,0.43438005447387695,0.8083705306053162,0.8156421184539795
20260505_154022_0c4eecad,teacher_15b,blur,2.0,14.187875488714576,0.4636894464492798,0.609241783618927,0.701000988483429,0.5649276971817017
20260505_154022_0c4eecad,student_l1b_c,blur,2.0,14.858175064087176,0.4355700612068176,0.653768002986908,0.6782889366149902,0.6871763467788696
20260505_154022_0c4eecad,teacher_15b,noise,0.01,22.434634133293144,0.7543489336967468,0.11893691122531891,0.9242085218429565,0.9348667860031128
20260505_154022_0c4eecad,student_l1b_c,noise,0.01,20.41046781748285,0.7049775123596191,0.17715653777122498,0.8490614891052246,0.8805595636367798
20260505_154022_0c4eecad,teacher_15b,noise,0.03,17.968576342646607,0.6381893157958984,0.21554847061634064,0.8765989542007446,0.8888829946517944
20260505_154022_0c4eecad,student_l1b_c,noise,0.03,16.78908135843767,0.5842137336730957,0.2954060435295105,0.7612578868865967,0.8463698625564575
20260505_143905_678671_f00ca076,teacher_15b,clean,0.0,25.954073166696546,0.8218722343444824,0.08728236705064774,0.9662795662879944,0.9680007696151733
20260505_143905_678671_f00ca076,student_l1b_c,clean,0.0,24.674602284007236,0.7843844890594482,0.1269187480211258,0.9331566691398621,0.9466838240623474
20260505_143905_678671_f00ca076,teacher_15b,exposure,0.8,25.92343282203408,0.815086305141449,0.09497243165969849,0.9665200710296631,0.9684649705886841
20260505_143905_678671_f00ca076,student_l1b_c,exposure,0.8,22.81080798998767,0.7725216150283813,0.14352059364318848,0.9305070638656616,0.9485254287719727
20260505_143905_678671_f00ca076,teacher_15b,exposure,1.2,24.862092765514735,0.8209102153778076,0.08373420685529709,0.9564968347549438,0.9654051065444946
20260505_143905_678671_f00ca076,student_l1b_c,exposure,1.2,23.22171418038827,0.7770651578903198,0.1294148713350296,0.9325715899467468,0.9343459010124207
20260505_143905_678671_f00ca076,teacher_15b,gamma,0.8,25.879811679229338,0.821368932723999,0.08821829408407211,0.9656331539154053,0.9661245942115784
20260505_143905_678671_f00ca076,student_l1b_c,gamma,0.8,24.575192861389993,0.7855048179626465,0.12880674004554749,0.9353307485580444,0.9507397413253784
20260505_143905_678671_f00ca076,teacher_15b,gamma,1.2,26.00117766096041,0.8213250637054443,0.08779101073741913,0.9654300212860107,0.9692273139953613
20260505_143905_678671_f00ca076,student_l1b_c,gamma,1.2,24.624665056635937,0.7805438041687012,0.12844707071781158,0.9291528463363647,0.9418693780899048
20260505_143905_678671_f00ca076,teacher_15b,blur,1.0,21.87229559655062,0.7084259986877441,0.31213152408599854,0.9230514168739319,0.9171706438064575
20260505_143905_678671_f00ca076,student_l1b_c,blur,1.0,15.45286264039298,0.6091716289520264,0.44994813203811646,0.8432360887527466,0.7716531157493591
20260505_143905_678671_f00ca076,teacher_15b,blur,2.0,14.827410392043685,0.5472462177276611,0.6143515110015869,0.722723662853241,0.39411765336990356
20260505_143905_678671_f00ca076,student_l1b_c,blur,2.0,15.158223091007912,0.5237817764282227,0.638813853263855,0.7283867597579956,0.4603317081928253
20260505_143905_678671_f00ca076,teacher_15b,noise,0.01,25.686272364856197,0.7979540824890137,0.11005772650241852,0.9472066760063171,0.9611096382141113
20260505_143905_678671_f00ca076,student_l1b_c,noise,0.01,23.772981132431514,0.740804135799408,0.17643481492996216,0.8543636798858643,0.8899893760681152
20260505_143905_678671_f00ca076,teacher_15b,noise,0.03,14.327622799764416,0.49350929260253906,0.4480744004249573,0.8292878866195679,0.7368159294128418
20260505_143905_678671_f00ca076,student_l1b_c,noise,0.03,12.575369295666725,0.45101553201675415,0.4758271872997284,0.7849581241607666,0.8385127782821655
20260505_152519_0c4eecad,teacher_15b,clean,0.0,26.059664802251863,0.8838802576065063,0.10571412742137909,0.9314628839492798,0.9562826752662659
20260505_152519_0c4eecad,student_l1b_c,clean,0.0,24.10149779821827,0.8596803545951843,0.13936567306518555,0.9068813323974609,0.9337655305862427
20260505_152519_0c4eecad,teacher_15b,exposure,0.8,26.182641279877977,0.8826327323913574,0.11082310229539871,0.9281619191169739,0.9554216861724854
20260505_152519_0c4eecad,student_l1b_c,exposure,0.8,23.863567078407236,0.8598785400390625,0.14098939299583435,0.9017650485038757,0.93246990442276
20260505_152519_0c4eecad,teacher_15b,exposure,1.2,25.153500804451404,0.8796863555908203,0.10624699294567108,0.9361743927001953,0.9532924890518188
20260505_152519_0c4eecad,student_l1b_c,exposure,1.2,22.627250535111443,0.8494998812675476,0.1460787057876587,0.9054573178291321,0.9304906129837036
20260505_152519_0c4eecad,teacher_15b,gamma,0.8,26.040691455251597,0.8837878108024597,0.10691236704587936,0.9319467544555664,0.9567842483520508
20260505_152519_0c4eecad,student_l1b_c,gamma,0.8,24.14038126518164,0.8610307574272156,0.13853570818901062,0.8977111577987671,0.933882474899292
20260505_152519_0c4eecad,teacher_15b,gamma,1.2,26.089901116817433,0.8837504386901855,0.10516677796840668,0.9388542175292969,0.9557146430015564
20260505_152519_0c4eecad,student_l1b_c,gamma,1.2,23.98460395309717,0.8582272529602051,0.14124903082847595,0.9091449975967407,0.9328876733779907
20260505_152519_0c4eecad,teacher_15b,blur,1.0,23.85428475013829,0.7991710901260376,0.2696388363838196,0.9146806001663208,0.8833950757980347
20260505_152519_0c4eecad,student_l1b_c,blur,1.0,21.733673123606955,0.7857580184936523,0.2874111831188202,0.8650116920471191,0.8452200293540955
20260505_152519_0c4eecad,teacher_15b,blur,2.0,19.3936381820956,0.6824157238006592,0.5023101568222046,0.7870608568191528,0.6888670325279236
20260505_152519_0c4eecad,student_l1b_c,blur,2.0,19.392749723523067,0.6732468008995056,0.5353391170501709,0.7998453378677368,0.6684266328811646
20260505_152519_0c4eecad,teacher_15b,noise,0.01,25.416564213243916,0.8565822839736938,0.12614111602306366,0.9305601119995117,0.9442259669303894
20260505_152519_0c4eecad,student_l1b_c,noise,0.01,23.60987010778544,0.828363299369812,0.16580744087696075,0.9143460988998413,0.9304956197738647
20260505_152519_0c4eecad,teacher_15b,noise,0.03,22.710921671639156,0.7314626574516296,0.269778311252594,0.8667678833007812,0.8648676872253418
20260505_152519_0c4eecad,student_l1b_c,noise,0.03,21.16026414532238,0.6823586225509644,0.33474627137184143,0.8300362825393677,0.822584867477417
20260505_130817_463370_a473e239,teacher_15b,clean,0.0,26.92780583460493,0.8432123064994812,0.08646206557750702,0.9581958651542664,0.9629364013671875
20260505_130817_463370_a473e239,student_l1b_c,clean,0.0,25.747465565075423,0.822048544883728,0.13225673139095306,0.9569560289382935,0.9373942613601685
20260505_130817_463370_a473e239,teacher_15b,exposure,0.8,24.30345960240973,0.8320173025131226,0.09398239105939865,0.9698083996772766,0.9653693437576294
20260505_130817_463370_a473e239,student_l1b_c,exposure,0.8,23.082473997881912,0.8129174113273621,0.1363028883934021,0.9174001216888428,0.9386302828788757
20260505_130817_463370_a473e239,teacher_15b,exposure,1.2,25.756158326963515,0.8369786143302917,0.08851093798875809,0.9557842016220093,0.9502072334289551
20260505_130817_463370_a473e239,student_l1b_c,exposure,1.2,24.186834293036256,0.8090410232543945,0.14212216436862946,0.9510359764099121,0.9249684810638428
20260505_130817_463370_a473e239,teacher_15b,gamma,0.8,26.611630325430163,0.8422545194625854,0.08830771595239639,0.9514513611793518,0.9619526863098145
20260505_130817_463370_a473e239,student_l1b_c,gamma,0.8,25.219287416225463,0.8204459547996521,0.1349785327911377,0.9558687806129456,0.9390233755111694
20260505_130817_463370_a473e239,teacher_15b,gamma,1.2,27.01552745970616,0.8426854014396667,0.08574557304382324,0.9650893211364746,0.9637879729270935
20260505_130817_463370_a473e239,student_l1b_c,gamma,1.2,25.806720918351367,0.8195673823356628,0.13159048557281494,0.9567694664001465,0.9357710480690002
20260505_130817_463370_a473e239,teacher_15b,blur,1.0,24.146490184227748,0.7303445339202881,0.3153616487979889,0.8616399765014648,0.9208397269248962
20260505_130817_463370_a473e239,student_l1b_c,blur,1.0,22.185623015797248,0.6943082809448242,0.3765842914581299,0.8691033720970154,0.8850759267807007
20260505_130817_463370_a473e239,teacher_15b,blur,2.0,17.389025023965438,0.5761725902557373,0.574759840965271,0.7869029641151428,0.7379814386367798
20260505_130817_463370_a473e239,student_l1b_c,blur,2.0,17.517723881114684,0.5391510725021362,0.6252599954605103,0.7847961783409119,0.7588359713554382
20260505_130817_463370_a473e239,teacher_15b,noise,0.01,25.227479494282647,0.8001803755760193,0.1061614453792572,0.9492365121841431,0.9522982835769653
20260505_130817_463370_a473e239,student_l1b_c,noise,0.01,24.900247097810624,0.79013991355896,0.14344948530197144,0.946584939956665,0.9376226663589478
20260505_130817_463370_a473e239,teacher_15b,noise,0.03,20.196844072883877,0.6652366518974304,0.2405034899711609,0.8859106302261353,0.8632235527038574
20260505_130817_463370_a473e239,student_l1b_c,noise,0.03,21.970375584960987,0.6654559373855591,0.25486913323402405,0.8420670628547668,0.8467780351638794
20260505_161725_0c4eecad,teacher_15b,clean,0.0,25.982756276292562,0.8335418701171875,0.13101504743099213,0.9369683265686035,0.8845114707946777
20260505_161725_0c4eecad,student_l1b_c,clean,0.0,23.14630602345366,0.7921184301376343,0.19755324721336365,0.9121230244636536,0.868799090385437
20260505_161725_0c4eecad,teacher_15b,exposure,0.8,25.341440435746595,0.8322091102600098,0.1335274875164032,0.9394761323928833,0.8859020471572876
20260505_161725_0c4eecad,student_l1b_c,exposure,0.8,23.09219067997602,0.7913284301757812,0.2025201916694641,0.8995438814163208,0.8639035224914551
20260505_161725_0c4eecad,teacher_15b,exposure,1.2,24.19098337549134,0.8199728727340698,0.13670092821121216,0.9181171655654907,0.8799564838409424
20260505_161725_0c4eecad,student_l1b_c,exposure,1.2,21.812321745472957,0.7809593677520752,0.20053716003894806,0.9208852648735046,0.8662838339805603
20260505_161725_0c4eecad,teacher_15b,gamma,0.8,25.817807800917993,0.8311716318130493,0.13146917521953583,0.9314631819725037,0.8865295648574829
20260505_161725_0c4eecad,student_l1b_c,gamma,0.8,22.629323722037174,0.7806419730186462,0.20228751003742218,0.9139535427093506,0.8724216222763062
20260505_161725_0c4eecad,teacher_15b,gamma,1.2,26.090660252513697,0.8353449702262878,0.13100500404834747,0.9366377592086792,0.8826382756233215
20260505_161725_0c4eecad,student_l1b_c,gamma,1.2,23.570873968449714,0.8028199672698975,0.19500614702701569,0.9108755588531494,0.8680384159088135
20260505_161725_0c4eecad,teacher_15b,blur,1.0,21.342181774860354,0.7801200747489929,0.2573539912700653,0.8942962884902954,0.9066706895828247
20260505_161725_0c4eecad,student_l1b_c,blur,1.0,21.549463825792287,0.7675045728683472,0.3197811245918274,0.8581324815750122,0.8729854226112366
20260505_161725_0c4eecad,teacher_15b,blur,2.0,18.807122217174516,0.6989474296569824,0.4197060167789459,0.8128238916397095,0.756006121635437
20260505_161725_0c4eecad,student_l1b_c,blur,2.0,20.042138733592594,0.7039703130722046,0.5061172246932983,0.7178418636322021,0.6184884309768677
20260505_161725_0c4eecad,teacher_15b,noise,0.01,23.405075154174916,0.787083625793457,0.1903574913740158,0.8777779340744019,0.8541593551635742
20260505_161725_0c4eecad,student_l1b_c,noise,0.01,22.87641700408657,0.768539547920227,0.24408386647701263,0.8851515054702759,0.8228240013122559
20260505_161725_0c4eecad,teacher_15b,noise,0.03,21.706132928504097,0.6803022623062134,0.3726624548435211,0.8138911128044128,0.7505460977554321
20260505_161725_0c4eecad,student_l1b_c,noise,0.03,18.657351668001525,0.5596572756767273,0.49124637246131897,0.7669825553894043,0.7283046245574951
20260505_144050_743269_f00ca076,teacher_15b,clean,0.0,23.861011918566373,0.8455727100372314,0.09646435081958771,0.985862135887146,0.8982511162757874
20260505_144050_743269_f00ca076,student_l1b_c,clean,0.0,20.026306137975762,0.816436767578125,0.1573461890220642,0.9427264332771301,0.7999362945556641
20260505_144050_743269_f00ca076,teacher_15b,exposure,0.8,23.689018208875506,0.8433739542961121,0.10366132855415344,0.9835312962532043,0.8536604046821594
20260505_144050_743269_f00ca076,student_l1b_c,exposure,0.8,19.675325044511908,0.8123165965080261,0.1677287220954895,0.9461705684661865,0.8198755979537964
20260505_144050_743269_f00ca076,teacher_15b,exposure,1.2,23.325859718870298,0.840681254863739,0.09726808965206146,0.9819912910461426,0.9116142988204956
20260505_144050_743269_f00ca076,student_l1b_c,exposure,1.2,19.252716071659442,0.8109869956970215,0.1607838273048401,0.9370913505554199,0.7726224660873413
20260505_144050_743269_f00ca076,teacher_15b,gamma,0.8,23.85322333661682,0.8456522822380066,0.09742902964353561,0.9853253364562988,0.8953362107276917
20260505_144050_743269_f00ca076,student_l1b_c,gamma,0.8,20.185395346021803,0.8169261813163757,0.15669460594654083,0.9450448751449585,0.8059534430503845
20260505_144050_743269_f00ca076,teacher_15b,gamma,1.2,23.842461287167218,0.8450920581817627,0.0967315286397934,0.9862428307533264,0.9043216705322266
20260505_144050_743269_f00ca076,student_l1b_c,gamma,1.2,19.857751076708333,0.8149744868278503,0.15999799966812134,0.9451779723167419,0.7998018264770508
20260505_144050_743269_f00ca076,teacher_15b,blur,1.0,21.17909123055921,0.7105740308761597,0.38243597745895386,0.8760493993759155,0.7210665941238403
20260505_144050_743269_f00ca076,student_l1b_c,blur,1.0,18.872187671806614,0.6965903043746948,0.46811437606811523,0.9010668992996216,0.8319888114929199
20260505_144050_743269_f00ca076,teacher_15b,blur,2.0,17.313060260202995,0.618701159954071,0.6585848331451416,0.7579109072685242,0.4580502212047577
20260505_144050_743269_f00ca076,student_l1b_c,blur,2.0,17.809949338738676,0.6212897300720215,0.6828456521034241,0.806661069393158,0.6542686820030212
20260505_144050_743269_f00ca076,teacher_15b,noise,0.01,22.907958205673005,0.8155701160430908,0.11292760074138641,0.9381825923919678,0.8871318101882935
20260505_144050_743269_f00ca076,student_l1b_c,noise,0.01,20.164220486866874,0.7873044013977051,0.16605833172798157,0.9231902956962585,0.9073513150215149
20260505_144050_743269_f00ca076,teacher_15b,noise,0.03,18.90128721624822,0.6757293939590454,0.263305127620697,0.8494183421134949,0.8692311644554138
20260505_144050_743269_f00ca076,student_l1b_c,noise,0.03,17.961452066059326,0.6486293077468872,0.2868283987045288,0.8407765626907349,0.7594418525695801
20260505_154500_0c4eecad,teacher_15b,clean,0.0,19.803430287754942,0.717501163482666,0.15214845538139343,0.9178688526153564,0.9166857004165649
20260505_154500_0c4eecad,student_l1b_c,clean,0.0,19.517289746803105,0.7044231295585632,0.17192789912223816,0.8585863709449768,0.8121510744094849
20260505_154500_0c4eecad,teacher_15b,exposure,0.8,20.059478529429505,0.7125043272972107,0.1574396938085556,0.9166924953460693,0.9091832637786865
20260505_154500_0c4eecad,student_l1b_c,exposure,0.8,19.245962135678834,0.6951123476028442,0.17766474187374115,0.841239333152771,0.8096194267272949
20260505_154500_0c4eecad,teacher_15b,exposure,1.2,19.197870657553594,0.7156683802604675,0.1555442065000534,0.9153052568435669,0.9215024709701538
20260505_154500_0c4eecad,student_l1b_c,exposure,1.2,19.034693108487822,0.7028781175613403,0.17497999966144562,0.8727504014968872,0.8156333565711975
20260505_154500_0c4eecad,teacher_15b,gamma,0.8,19.846953860408057,0.7169448733329773,0.15201038122177124,0.9166508913040161,0.918836236000061
20260505_154500_0c4eecad,student_l1b_c,gamma,0.8,19.598368746405022,0.7053608894348145,0.17166376113891602,0.8556098937988281,0.8290366530418396
20260505_154500_0c4eecad,teacher_15b,gamma,1.2,19.798047939547388,0.7176586389541626,0.15244852006435394,0.9178119897842407,0.9152286052703857
20260505_154500_0c4eecad,student_l1b_c,gamma,1.2,19.345490669236284,0.701626718044281,0.17390663921833038,0.85400390625,0.8003150224685669
20260505_154500_0c4eecad,teacher_15b,blur,1.0,17.37376711203131,0.5944674015045166,0.40247029066085815,0.7993515729904175,0.8287726044654846
20260505_154500_0c4eecad,student_l1b_c,blur,1.0,17.616816454525875,0.5864362716674805,0.4507562816143036,0.796049177646637,0.8301199674606323
20260505_154500_0c4eecad,teacher_15b,blur,2.0,15.162893815113136,0.4563133418560028,0.6367092132568359,0.5702101588249207,0.5649826526641846
20260505_154500_0c4eecad,student_l1b_c,blur,2.0,16.14396894301826,0.4580361843109131,0.634097695350647,0.6236082911491394,0.6841342449188232
20260505_154500_0c4eecad,teacher_15b,noise,0.01,19.5335076172455,0.7088612914085388,0.15549859404563904,0.8965497016906738,0.88627028465271
20260505_154500_0c4eecad,student_l1b_c,noise,0.01,19.510298003159818,0.694482684135437,0.17538467049598694,0.816601574420929,0.7989547252655029
20260505_154500_0c4eecad,teacher_15b,noise,0.03,18.40832639530878,0.6387120485305786,0.19961166381835938,0.844102144241333,0.8400107622146606
20260505_154500_0c4eecad,student_l1b_c,noise,0.03,17.8853656869756,0.6236091256141663,0.23338302969932556,0.8131462335586548,0.7733340859413147
20260505_150830_17c16bd0,teacher_15b,clean,0.0,23.61712367000208,0.8389248251914978,0.12383945286273956,0.9530813097953796,0.9457980394363403
20260505_150830_17c16bd0,student_l1b_c,clean,0.0,21.75595249345928,0.7508460283279419,0.17817547917366028,0.9439656734466553,0.9174434542655945
20260505_150830_17c16bd0,teacher_15b,exposure,0.8,23.261901085586587,0.838211178779602,0.1287114918231964,0.9564909338951111,0.9464751482009888
20260505_150830_17c16bd0,student_l1b_c,exposure,0.8,21.977563611990174,0.7565796375274658,0.1742245852947235,0.9557489156723022,0.906954288482666
20260505_150830_17c16bd0,teacher_15b,exposure,1.2,22.78048029061071,0.8313462138175964,0.1269138902425766,0.9590438008308411,0.9477462768554688
20260505_150830_17c16bd0,student_l1b_c,exposure,1.2,20.22527208829713,0.7448091506958008,0.18342013657093048,0.9391071796417236,0.9174246788024902
20260505_150830_17c16bd0,teacher_15b,gamma,0.8,23.483073667138758,0.8366858959197998,0.12436467409133911,0.9572861194610596,0.9452524781227112
20260505_150830_17c16bd0,student_l1b_c,gamma,0.8,21.44077881865836,0.7423941493034363,0.178231880068779,0.9462668895721436,0.9151822924613953
20260505_150830_17c16bd0,teacher_15b,gamma,1.2,23.700922384827187,0.8400823473930359,0.12440738081932068,0.9569425582885742,0.9461393356323242
20260505_150830_17c16bd0,student_l1b_c,gamma,1.2,22.096209107698627,0.7575421333312988,0.17736414074897766,0.957221269607544,0.9178421497344971
20260505_150830_17c16bd0,teacher_15b,blur,1.0,20.400814245980197,0.7324960231781006,0.3192775845527649,0.9177496433258057,0.8430690169334412
20260505_150830_17c16bd0,student_l1b_c,blur,1.0,20.83636075704861,0.7313963770866394,0.33078500628471375,0.9275406002998352,0.7105793356895447
20260505_150830_17c16bd0,teacher_15b,blur,2.0,16.42851554563094,0.4886375367641449,0.6567923426628113,0.8179987668991089,0.6152653694152832
20260505_150830_17c16bd0,student_l1b_c,blur,2.0,16.26967753720636,0.47133538126945496,0.6792778372764587,0.7982892990112305,0.5516042709350586
20260505_150830_17c16bd0,teacher_15b,noise,0.01,23.70978870779529,0.8299767971038818,0.13217192888259888,0.9371316432952881,0.9540362358093262
20260505_150830_17c16bd0,student_l1b_c,noise,0.01,21.824378491871265,0.7469509840011597,0.17818519473075867,0.933756947517395,0.9076381921768188
20260505_150830_17c16bd0,teacher_15b,noise,0.03,16.555142934084458,0.6845235228538513,0.31201252341270447,0.8531041145324707,0.8309152126312256
20260505_150830_17c16bd0,student_l1b_c,noise,0.03,16.026200651919055,0.6149166226387024,0.3674977719783783,0.8057234883308411,0.7897703051567078
20260505_144840_287324_f00ca076,teacher_15b,clean,0.0,33.59844413697498,0.9293531179428101,0.030288904905319214,0.9540187120437622,0.9660168886184692
20260505_144840_287324_f00ca076,student_l1b_c,clean,0.0,30.990336417093616,0.8962363004684448,0.052547555416822433,0.9454160928726196,0.9049931764602661
20260505_144840_287324_f00ca076,teacher_15b,exposure,0.8,28.17653797951387,0.9196268916130066,0.03625548630952835,0.9432349801063538,0.9677298069000244
20260505_144840_287324_f00ca076,student_l1b_c,exposure,0.8,24.92899541925781,0.8801302313804626,0.058564431965351105,0.9514526724815369,0.9012659192085266
20260505_144840_287324_f00ca076,teacher_15b,exposure,1.2,28.52664228361278,0.9293226003646851,0.03268249332904816,0.946858286857605,0.9650145173072815
20260505_144840_287324_f00ca076,student_l1b_c,exposure,1.2,26.08059390078072,0.9013170003890991,0.05957472324371338,0.9477273225784302,0.9097260236740112
20260505_144840_287324_f00ca076,teacher_15b,gamma,0.8,33.240912280066084,0.9294700622558594,0.030172307044267654,0.9513179659843445,0.9647688865661621
20260505_144840_287324_f00ca076,student_l1b_c,gamma,0.8,29.921967708088854,0.8873008489608765,0.05374477431178093,0.9571765661239624,0.9022751450538635
20260505_144840_287324_f00ca076,teacher_15b,gamma,1.2,33.78215978874713,0.9281017780303955,0.031180724501609802,0.9542038440704346,0.9654808640480042
20260505_144840_287324_f00ca076,student_l1b_c,gamma,1.2,30.79078320669587,0.8951801657676697,0.05648830160498619,0.949122428894043,0.9075660705566406
20260505_144840_287324_f00ca076,teacher_15b,blur,1.0,28.203921066360557,0.8559524416923523,0.18163390457630157,0.933464527130127,0.8943651914596558
20260505_144840_287324_f00ca076,student_l1b_c,blur,1.0,27.026646475168047,0.8265422582626343,0.21564820408821106,0.9122466444969177,0.790791392326355
20260505_144840_287324_f00ca076,teacher_15b,blur,2.0,22.038490022960502,0.7291234731674194,0.41597914695739746,0.8424449563026428,0.5852968692779541
20260505_144840_287324_f00ca076,student_l1b_c,blur,2.0,23.505117275546638,0.6930949091911316,0.43963733315467834,0.8615130186080933,0.42265254259109497
20260505_144840_287324_f00ca076,teacher_15b,noise,0.01,30.55343937565468,0.9011930227279663,0.06275217980146408,0.9531838297843933,0.9543271064758301
20260505_144840_287324_f00ca076,student_l1b_c,noise,0.01,27.93476943014502,0.8458290100097656,0.09244918823242188,0.922208845615387,0.8068746328353882
20260505_144840_287324_f00ca076,teacher_15b,noise,0.03,18.991852479970007,0.5830613970756531,0.4591161906719208,0.76398104429245,0.5844781398773193
20260505_144840_287324_f00ca076,student_l1b_c,noise,0.03,14.65020660442315,0.4932769238948822,0.5372989177703857,0.7331799268722534,0.533707320690155
20260505_130628_396048_a473e239,teacher_15b,clean,0.0,27.95011448690033,0.8432655334472656,0.07524126023054123,0.9848628640174866,0.9558470845222473
20260505_130628_396048_a473e239,student_l1b_c,clean,0.0,26.186484137855942,0.8202427625656128,0.1037733182311058,0.9862997531890869,0.9456998109817505
20260505_130628_396048_a473e239,teacher_15b,exposure,0.8,27.07775188362949,0.8392533659934998,0.08370316028594971,0.9855352640151978,0.953212320804596
20260505_130628_396048_a473e239,student_l1b_c,exposure,0.8,23.569684067347833,0.8100497722625732,0.1155434250831604,0.9880976676940918,0.9289873242378235
20260505_130628_396048_a473e239,teacher_15b,exposure,1.2,27.99861538459554,0.8426229953765869,0.07168195396661758,0.9860454797744751,0.9539177417755127
20260505_130628_396048_a473e239,student_l1b_c,exposure,1.2,27.055651147464495,0.8224066495895386,0.09769625216722488,0.9849768877029419,0.9515897035598755
20260505_130628_396048_a473e239,teacher_15b,gamma,0.8,27.940553228269003,0.8430485725402832,0.07635252177715302,0.9856786131858826,0.9539644718170166
20260505_130628_396048_a473e239,student_l1b_c,gamma,0.8,26.18732843440611,0.8192340135574341,0.10345052927732468,0.9887592792510986,0.9417340755462646
20260505_130628_396048_a473e239,teacher_15b,gamma,1.2,27.913989348973253,0.8432790637016296,0.07501847296953201,0.9851359128952026,0.9570351839065552
20260505_130628_396048_a473e239,student_l1b_c,gamma,1.2,25.871508229910166,0.8198551535606384,0.10590265691280365,0.9881489276885986,0.9444458484649658
20260505_130628_396048_a473e239,teacher_15b,blur,1.0,24.894683174466003,0.7820792198181152,0.2440415620803833,0.9794412851333618,0.9335798025131226
20260505_130628_396048_a473e239,student_l1b_c,blur,1.0,14.441569671849415,0.5855246782302856,0.532090425491333,0.922917366027832,0.44961509108543396
20260505_130628_396048_a473e239,teacher_15b,blur,2.0,14.470019799359052,0.5742342472076416,0.6965528130531311,0.885576069355011,0.4519535303115845
20260505_130628_396048_a473e239,student_l1b_c,blur,2.0,14.02958135692408,0.564240038394928,0.6781831383705139,0.8743414878845215,0.3989269733428955
20260505_130628_396048_a473e239,teacher_15b,noise,0.01,24.412099460183036,0.7751056551933289,0.1827765256166458,0.9387493133544922,0.7250438928604126
20260505_130628_396048_a473e239,student_l1b_c,noise,0.01,20.68042665169545,0.6619209051132202,0.3442770540714264,0.881222128868103,0.7310078740119934
20260505_130628_396048_a473e239,teacher_15b,noise,0.03,17.40287074265559,0.5173813700675964,0.5161678791046143,0.8120405077934265,0.38213539123535156
20260505_130628_396048_a473e239,student_l1b_c,noise,0.03,15.927478495629861,0.3762098550796509,0.6552197933197021,0.7928982973098755,0.4252120852470398
20260505_160325_0c4eecad,teacher_15b,clean,0.0,31.880237631690225,0.885042667388916,0.043477632105350494,0.9706809520721436,0.9503052830696106
20260505_160325_0c4eecad,student_l1b_c,clean,0.0,30.361596567610988,0.8546092510223389,0.062232792377471924,0.9870833158493042,0.909090518951416
20260505_160325_0c4eecad,teacher_15b,exposure,0.8,30.175927651788857,0.8815087080001831,0.04803042858839035,0.9792743921279907,0.9501599073410034
20260505_160325_0c4eecad,student_l1b_c,exposure,0.8,27.746194039340516,0.843093991279602,0.07141051441431046,0.9901615977287292,0.9009106159210205
20260505_160325_0c4eecad,teacher_15b,exposure,1.2,31.553146568893453,0.8846243619918823,0.04293479025363922,0.9653834104537964,0.9480464458465576
20260505_160325_0c4eecad,student_l1b_c,exposure,1.2,28.870582372514004,0.8569268584251404,0.06225891038775444,0.9826667308807373,0.9139046669006348
20260505_160325_0c4eecad,teacher_15b,gamma,0.8,31.862863384162203,0.8848026990890503,0.043965961784124374,0.9719892144203186,0.9507238864898682
20260505_160325_0c4eecad,student_l1b_c,gamma,0.8,30.157643674922802,0.8516489863395691,0.06376152485609055,0.9880828261375427,0.9101680517196655
20260505_160325_0c4eecad,teacher_15b,gamma,1.2,31.84851455399297,0.8849245309829712,0.04337586462497711,0.9713594913482666,0.9493908286094666
20260505_160325_0c4eecad,student_l1b_c,gamma,1.2,30.31704385139944,0.8550774455070496,0.06266341358423233,0.9869352579116821,0.90900719165802
20260505_160325_0c4eecad,teacher_15b,blur,1.0,27.111945957687702,0.79245924949646,0.27044442296028137,0.96982741355896,0.9189800024032593
20260505_160325_0c4eecad,student_l1b_c,blur,1.0,26.2897736934176,0.7506272792816162,0.3122304379940033,0.96345454454422,0.6941426396369934
20260505_160325_0c4eecad,teacher_15b,blur,2.0,19.97598055704778,0.5203260183334351,0.6656333208084106,0.8410392999649048,0.41172322630882263
20260505_160325_0c4eecad,student_l1b_c,blur,2.0,12.864399619962876,0.3761981725692749,0.8131341934204102,0.8452027440071106,0.38634490966796875
20260505_160325_0c4eecad,teacher_15b,noise,0.01,31.008856663832645,0.8755559921264648,0.052834685891866684,0.9617196917533875,0.9439810514450073
20260505_160325_0c4eecad,student_l1b_c,noise,0.01,30.03845652241871,0.8422157168388367,0.06887093186378479,0.9731613397598267,0.9211238622665405
20260505_160325_0c4eecad,teacher_15b,noise,0.03,17.721699443956062,0.6959964632987976,0.23255270719528198,0.9457312822341919,0.6946961879730225
20260505_160325_0c4eecad,student_l1b_c,noise,0.03,13.44208986645281,0.5227137804031372,0.36543530225753784,0.9092046618461609,0.5627312660217285
20260505_152247_0c4eecad,teacher_15b,clean,0.0,27.6824301370213,0.8962501883506775,0.05230649560689926,0.9649267792701721,0.9462757110595703
20260505_152247_0c4eecad,student_l1b_c,clean,0.0,24.93243697303264,0.8570985198020935,0.08841726183891296,0.9224061369895935,0.9070100784301758
20260505_152247_0c4eecad,teacher_15b,exposure,0.8,28.276083472268194,0.8947929739952087,0.055228643119335175,0.9574806690216064,0.9489379525184631
20260505_152247_0c4eecad,student_l1b_c,exposure,0.8,25.24423588490336,0.859764575958252,0.0888262689113617,0.9176244139671326,0.9144282937049866
20260505_152247_0c4eecad,teacher_15b,exposure,1.2,26.7916471243551,0.8921436667442322,0.05343447998166084,0.9564636945724487,0.944664478302002
20260505_152247_0c4eecad,student_l1b_c,exposure,1.2,23.18740667698354,0.8448680639266968,0.09532483667135239,0.9263313412666321,0.8921140432357788
20260505_152247_0c4eecad,teacher_15b,gamma,0.8,27.630908420279127,0.8955345153808594,0.052647240459918976,0.9611473083496094,0.941155731678009
20260505_152247_0c4eecad,student_l1b_c,gamma,0.8,24.71795096474525,0.8551740050315857,0.08899743109941483,0.9236321449279785,0.9037578105926514
20260505_152247_0c4eecad,teacher_15b,gamma,1.2,27.73555212288489,0.8967751264572144,0.052427031099796295,0.957622766494751,0.9501951932907104
20260505_152247_0c4eecad,student_l1b_c,gamma,1.2,25.144089853930804,0.8589307069778442,0.08835654705762863,0.9153425693511963,0.9131742715835571
20260505_152247_0c4eecad,teacher_15b,blur,1.0,23.389254546365052,0.812703013420105,0.25497376918792725,0.9473592042922974,0.9291451573371887
20260505_152247_0c4eecad,student_l1b_c,blur,1.0,24.42915901417443,0.7983519434928894,0.27085769176483154,0.9241253137588501,0.9210948348045349
20260505_152247_0c4eecad,teacher_15b,blur,2.0,21.54410218337837,0.6783286929130554,0.4992280602455139,0.7946006059646606,0.7388015985488892
20260505_152247_0c4eecad,student_l1b_c,blur,2.0,20.847083089576273,0.6692344546318054,0.5282779335975647,0.7883346676826477,0.7416063547134399
20260505_152247_0c4eecad,teacher_15b,noise,0.01,27.34037098685826,0.8843029737472534,0.059597671031951904,0.9404981732368469,0.9474568963050842
20260505_152247_0c4eecad,student_l1b_c,noise,0.01,25.029546079393683,0.8435913920402527,0.09310971945524216,0.9290649890899658,0.8899627923965454
20260505_152247_0c4eecad,teacher_15b,noise,0.03,19.119668513912412,0.7567641139030457,0.19389614462852478,0.9135085344314575,0.881895899772644
20260505_152247_0c4eecad,student_l1b_c,noise,0.03,18.100241780029968,0.7144464254379272,0.26482638716697693,0.8348867297172546,0.8290383219718933
20260505_133339_007587_36673bd5,teacher_15b,clean,0.0,30.987786051720036,0.9674742221832275,0.019269246608018875,0.989810049533844,0.8731491565704346
20260505_133339_007587_36673bd5,student_l1b_c,clean,0.0,30.161230407500472,0.9538673162460327,0.05446312204003334,0.9735549688339233,0.8402047157287598
20260505_133339_007587_36673bd5,teacher_15b,exposure,0.8,32.58909328929157,0.967754602432251,0.02191309817135334,0.9907506704330444,0.8701716661453247
20260505_133339_007587_36673bd5,student_l1b_c,exposure,0.8,26.961653758171792,0.9548615217208862,0.06208354979753494,0.9716733694076538,0.8223778605461121
20260505_133339_007587_36673bd5,teacher_15b,exposure,1.2,29.421850485974144,0.9640889167785645,0.02789320982992649,0.9883962869644165,0.8783468008041382
20260505_133339_007587_36673bd5,student_l1b_c,exposure,1.2,29.45252759904423,0.949714183807373,0.06338436156511307,0.9700942039489746,0.8615407347679138
20260505_133339_007587_36673bd5,teacher_15b,gamma,0.8,30.876779865619145,0.9672107100486755,0.019047453999519348,0.9872701168060303,0.874992847442627
20260505_133339_007587_36673bd5,student_l1b_c,gamma,0.8,30.31358971760598,0.9552251696586609,0.05187265947461128,0.9720501899719238,0.875603199005127
20260505_133339_007587_36673bd5,teacher_15b,gamma,1.2,31.070605944733693,0.9675502181053162,0.020094532519578934,0.9893938302993774,0.8664946556091309
20260505_133339_007587_36673bd5,student_l1b_c,gamma,1.2,29.611342619089555,0.9526859521865845,0.05827121064066887,0.9736266136169434,0.8015289902687073
20260505_133339_007587_36673bd5,teacher_15b,blur,1.0,32.74937783151567,0.9496839046478271,0.1600712388753891,0.9786651730537415,0.8315637111663818
20260505_133339_007587_36673bd5,student_l1b_c,blur,1.0,30.05921590308001,0.9411228895187378,0.17977720499038696,0.9547040462493896,0.7156468033790588
20260505_133339_007587_36673bd5,teacher_15b,blur,2.0,15.260203784159927,0.7467851042747498,0.46629461646080017,0.9070623517036438,0.5975198745727539
20260505_133339_007587_36673bd5,student_l1b_c,blur,2.0,26.61886359207066,0.8589792251586914,0.3889455497264862,0.9353269338607788,0.5637401938438416
20260505_133339_007587_36673bd5,teacher_15b,noise,0.01,27.422773384159452,0.9259462356567383,0.11481713503599167,0.9771600961685181,0.7852684259414673
20260505_133339_007587_36673bd5,student_l1b_c,noise,0.01,18.4417570967941,0.8654277324676514,0.21563977003097534,0.9650599360466003,0.8169620037078857
20260505_133339_007587_36673bd5,teacher_15b,noise,0.03,11.614275472797114,0.5928156971931458,0.5581638813018799,0.8165937662124634,0.30581167340278625
20260505_133339_007587_36673bd5,student_l1b_c,noise,0.03,14.820982949472372,0.6629273891448975,0.5543599724769592,0.8644558191299438,0.3909618854522705
20260505_155045_0c4eecad,teacher_15b,clean,0.0,28.770402069810824,0.8711686134338379,0.06168116629123688,0.9755374193191528,0.953305721282959
20260505_155045_0c4eecad,student_l1b_c,clean,0.0,24.90758671928322,0.8261992335319519,0.10498346388339996,0.9500529170036316,0.9089304208755493
20260505_155045_0c4eecad,teacher_15b,exposure,0.8,27.73235871753315,0.8610958456993103,0.07336407154798508,0.9785182476043701,0.9488811492919922
20260505_155045_0c4eecad,student_l1b_c,exposure,0.8,23.826876906114766,0.808714747428894,0.12235859036445618,0.9556134939193726,0.9010137319564819
20260505_155045_0c4eecad,teacher_15b,exposure,1.2,28.619380295035903,0.8729797601699829,0.058613479137420654,0.9713776111602783,0.9535892605781555
20260505_155045_0c4eecad,student_l1b_c,exposure,1.2,24.313335773154392,0.8265804052352905,0.10314595699310303,0.9325745105743408,0.9047043323516846
20260505_155045_0c4eecad,teacher_15b,gamma,0.8,28.707673942172175,0.8702086210250854,0.06301403045654297,0.9757966995239258,0.9500101208686829
20260505_155045_0c4eecad,student_l1b_c,gamma,0.8,24.809827912094566,0.8234955072402954,0.10830105096101761,0.9499037861824036,0.9029926061630249
20260505_155045_0c4eecad,teacher_15b,gamma,1.2,28.776484680228627,0.8711409568786621,0.06139016151428223,0.9784557819366455,0.9554969072341919
20260505_155045_0c4eecad,student_l1b_c,gamma,1.2,24.93906088647682,0.8269850015640259,0.10371965914964676,0.9444636106491089,0.9122557044029236
20260505_155045_0c4eecad,teacher_15b,blur,1.0,25.08427336463548,0.74294114112854,0.29926395416259766,0.9195888638496399,0.850965142250061
20260505_155045_0c4eecad,student_l1b_c,blur,1.0,18.402178794377463,0.645397424697876,0.3924593925476074,0.7800952792167664,0.6804990172386169
20260505_155045_0c4eecad,teacher_15b,blur,2.0,14.191762221219232,0.451983779668808,0.6456748843193054,0.7455151081085205,0.2540978193283081
20260505_155045_0c4eecad,student_l1b_c,blur,2.0,16.80489641871819,0.49877530336380005,0.6875264644622803,0.7739893198013306,0.49345147609710693
20260505_155045_0c4eecad,teacher_15b,noise,0.01,26.14582791097684,0.8421709537506104,0.07523371279239655,0.9718915224075317,0.9477236270904541
20260505_155045_0c4eecad,student_l1b_c,noise,0.01,23.514710647424057,0.79671311378479,0.11223104596138,0.9336721897125244,0.9009975790977478
20260505_155045_0c4eecad,teacher_15b,noise,0.03,18.526547642614727,0.7061273455619812,0.17023323476314545,0.9224536418914795,0.8831403255462646
20260505_155045_0c4eecad,student_l1b_c,noise,0.03,17.928606452663857,0.6558645963668823,0.21637335419654846,0.8721964955329895,0.8509739637374878
20260504_165320_d079d923,teacher_15b,clean,0.0,22.202941266527784,0.6929618716239929,0.20250344276428223,0.9503196477890015,0.8783504962921143
20260504_165320_d079d923,student_l1b_c,clean,0.0,22.526216069745175,0.6804372072219849,0.18683059513568878,0.9181467890739441,0.8364428281784058
20260504_165320_d079d923,teacher_15b,exposure,0.8,21.981383096470015,0.6805230975151062,0.21297086775302887,0.9604544043540955,0.8899474143981934
20260504_165320_d079d923,student_l1b_c,exposure,0.8,21.188081212787523,0.6627231240272522,0.19424451887607574,0.9086796045303345,0.8484253883361816
20260504_165320_d079d923,teacher_15b,exposure,1.2,21.53038203692803,0.6875572204589844,0.20291295647621155,0.9467235803604126,0.8431599140167236
20260504_165320_d079d923,student_l1b_c,exposure,1.2,21.46887734585367,0.6676034331321716,0.19563810527324677,0.9264482259750366,0.8310369253158569
20260504_165320_d079d923,teacher_15b,gamma,0.8,22.152571814960275,0.691116988658905,0.20443803071975708,0.9555419683456421,0.8755844235420227
20260504_165320_d079d923,student_l1b_c,gamma,0.8,22.40955447463176,0.6777788996696472,0.19003628194332123,0.9245790243148804,0.8359107971191406
20260504_165320_d079d923,teacher_15b,gamma,1.2,22.26055571121914,0.6941849589347839,0.20090420544147491,0.9527854323387146,0.8849326372146606
20260504_165320_d079d923,student_l1b_c,gamma,1.2,22.599843381536274,0.6820359230041504,0.1851164847612381,0.9054751396179199,0.8386110067367554
20260504_165320_d079d923,teacher_15b,blur,1.0,19.983750686505918,0.5647008419036865,0.3478434681892395,0.8791906237602234,0.7152531147003174
20260504_165320_d079d923,student_l1b_c,blur,1.0,20.032076920474392,0.5708181262016296,0.36235079169273376,0.8744221329689026,0.64898681640625
20260504_165320_d079d923,teacher_15b,blur,2.0,17.05984218152782,0.41032832860946655,0.6895734071731567,0.7759406566619873,0.24144247174263
20260504_165320_d079d923,student_l1b_c,blur,2.0,10.408652876960065,0.2828172445297241,0.8134297132492065,0.7884742021560669,0.3436194658279419
20260504_165320_d079d923,teacher_15b,noise,0.01,21.267515492550118,0.6705049276351929,0.22861847281455994,0.9328434467315674,0.7540472745895386
20260504_165320_d079d923,student_l1b_c,noise,0.01,22.086452673034774,0.6654243469238281,0.20363444089889526,0.9120197296142578,0.7956281304359436
20260504_165320_d079d923,teacher_15b,noise,0.03,17.77113212353329,0.5874382257461548,0.3231448531150818,0.9081705808639526,0.6128706932067871
20260504_165320_d079d923,student_l1b_c,noise,0.03,16.94438254799345,0.5238600373268127,0.314765989780426,0.8718938231468201,0.639458179473877
20260505_152549_0c4eecad,teacher_15b,clean,0.0,33.094952048035424,0.9407124519348145,0.03387285768985748,0.9835914373397827,0.9744203090667725
20260505_152549_0c4eecad,student_l1b_c,clean,0.0,30.829085957536083,0.9335367679595947,0.060000404715538025,0.9790513515472412,0.9845502376556396
20260505_152549_0c4eecad,teacher_15b,exposure,0.8,31.346013309079765,0.9366686344146729,0.03748215734958649,0.9843984246253967,0.9738771319389343
20260505_152549_0c4eecad,student_l1b_c,exposure,0.8,28.907286771187405,0.9250671863555908,0.06846933811903,0.9748331308364868,0.9851382970809937
20260505_152549_0c4eecad,teacher_15b,exposure,1.2,31.36359135967913,0.9398643374443054,0.034396663308143616,0.9833227396011353,0.9734821319580078
20260505_152549_0c4eecad,student_l1b_c,exposure,1.2,26.964985991891574,0.9301535487174988,0.06102077290415764,0.9821362495422363,0.9827979803085327
20260505_152549_0c4eecad,teacher_15b,gamma,0.8,33.100157964262074,0.9407865405082703,0.03414992615580559,0.9827386140823364,0.9746068716049194
20260505_152549_0c4eecad,student_l1b_c,gamma,0.8,30.971201455071053,0.933809220790863,0.061456307768821716,0.9806021451950073,0.9848151206970215
20260505_152549_0c4eecad,teacher_15b,gamma,1.2,33.03382097145977,0.9401986002922058,0.03422071039676666,0.9844084978103638,0.9742770195007324
20260505_152549_0c4eecad,student_l1b_c,gamma,1.2,30.54901091408245,0.9317492842674255,0.06047801673412323,0.9781810641288757,0.9841415882110596
20260505_152549_0c4eecad,teacher_15b,blur,1.0,27.16971989594011,0.8555769324302673,0.21882234513759613,0.967151403427124,0.9535700082778931
20260505_152549_0c4eecad,student_l1b_c,blur,1.0,26.305619351792625,0.8325442671775818,0.2639320194721222,0.9192501306533813,0.9416036605834961
20260505_152549_0c4eecad,teacher_15b,blur,2.0,23.59993751088289,0.7110490202903748,0.470495343208313,0.8377580642700195,0.8812388181686401
20260505_152549_0c4eecad,student_l1b_c,blur,2.0,18.789290435599696,0.654218316078186,0.5341702699661255,0.8214318752288818,0.8601374626159668
20260505_152549_0c4eecad,teacher_15b,noise,0.01,31.668199228853716,0.9102203249931335,0.058350011706352234,0.9744144082069397,0.977561354637146
20260505_152549_0c4eecad,student_l1b_c,noise,0.01,30.12799254228062,0.9027144312858582,0.08565907180309296,0.9509121775627136,0.9782688021659851
20260505_152549_0c4eecad,teacher_15b,noise,0.03,26.042312256575528,0.741680383682251,0.28117358684539795,0.9236962199211121,0.8717843294143677
20260505_152549_0c4eecad,student_l1b_c,noise,0.03,21.43333793475657,0.6989669799804688,0.31985121965408325,0.9181691408157349,0.8775218725204468
20260505_152230_0c4eecad,teacher_15b,clean,0.0,25.883762032703753,0.8714359998703003,0.07398885488510132,0.8958812952041626,0.9576128721237183
20260505_152230_0c4eecad,student_l1b_c,clean,0.0,23.580742086719493,0.8277891874313354,0.10412560403347015,0.9357290863990784,0.945012092590332
20260505_152230_0c4eecad,teacher_15b,exposure,0.8,26.535798196547763,0.866360068321228,0.07748031616210938,0.8982722759246826,0.9557448029518127
20260505_152230_0c4eecad,student_l1b_c,exposure,0.8,24.278022866565763,0.8205070495605469,0.1075936034321785,0.9277970790863037,0.9443485736846924
20260505_152230_0c4eecad,teacher_15b,exposure,1.2,24.695336950996403,0.8673853874206543,0.07572102546691895,0.9009643793106079,0.9566677212715149
20260505_152230_0c4eecad,student_l1b_c,exposure,1.2,21.98509318586988,0.8236316442489624,0.10735903680324554,0.9394254684448242,0.9401917457580566
20260505_152230_0c4eecad,teacher_15b,gamma,0.8,25.889582066726696,0.8713719248771667,0.07429859042167664,0.8926885724067688,0.9582626819610596
20260505_152230_0c4eecad,student_l1b_c,gamma,0.8,23.555056455379273,0.8268758654594421,0.10347697883844376,0.9327216148376465,0.945844292640686
20260505_152230_0c4eecad,teacher_15b,gamma,1.2,25.957820581296165,0.8714231252670288,0.07376495748758316,0.8904973864555359,0.9567431807518005
20260505_152230_0c4eecad,student_l1b_c,gamma,1.2,23.71591775053661,0.8279086351394653,0.105349600315094,0.9335079193115234,0.942645788192749
20260505_152230_0c4eecad,teacher_15b,blur,1.0,23.228522324470443,0.7470053434371948,0.29067882895469666,0.8978093266487122,0.9430530071258545
20260505_152230_0c4eecad,student_l1b_c,blur,1.0,23.674136012204357,0.7253848910331726,0.32125169038772583,0.9005905985832214,0.9065662622451782
20260505_152230_0c4eecad,teacher_15b,blur,2.0,17.07335066535585,0.5399903655052185,0.55745530128479,0.7340488433837891,0.7370641231536865
20260505_152230_0c4eecad,student_l1b_c,blur,2.0,18.97658491296181,0.5557718276977539,0.588658332824707,0.7263867855072021,0.7969605326652527
20260505_152230_0c4eecad,teacher_15b,noise,0.01,25.73307473206974,0.8573039770126343,0.0727568119764328,0.8831087350845337,0.9516087770462036
20260505_152230_0c4eecad,student_l1b_c,noise,0.01,23.177586669342038,0.8155469298362732,0.10818919539451599,0.9163318872451782,0.9435007572174072
20260505_152230_0c4eecad,teacher_15b,noise,0.03,18.415610101910115,0.7157528400421143,0.20033183693885803,0.8442724347114563,0.8976216912269592
20260505_152230_0c4eecad,student_l1b_c,noise,0.03,17.60185173941462,0.6886367797851562,0.2514677941799164,0.8204692006111145,0.8256763219833374
20260505_155118_0c4eecad,teacher_15b,clean,0.0,25.27319169307586,0.736078143119812,0.1124114990234375,0.9697277545928955,0.7639742493629456
20260505_155118_0c4eecad,student_l1b_c,clean,0.0,22.70510299122026,0.7013084292411804,0.1517939269542694,0.9567450284957886,0.7641214728355408
20260505_155118_0c4eecad,teacher_15b,exposure,0.8,25.251920797852392,0.7366101741790771,0.12013585865497589,0.9673367142677307,0.7719601392745972
20260505_155118_0c4eecad,student_l1b_c,exposure,0.8,22.13580108129983,0.6969720721244812,0.17567920684814453,0.9468882083892822,0.7752714157104492
20260505_155118_0c4eecad,teacher_15b,exposure,1.2,25.00083821443529,0.7337484359741211,0.1119072213768959,0.9699209928512573,0.7750011682510376
20260505_155118_0c4eecad,student_l1b_c,exposure,1.2,22.230112252618575,0.6934930086135864,0.15106326341629028,0.9473168253898621,0.759990394115448
20260505_155118_0c4eecad,teacher_15b,gamma,0.8,25.32263545142804,0.7362141609191895,0.11323480308055878,0.9685418009757996,0.7654375433921814
20260505_155118_0c4eecad,student_l1b_c,gamma,0.8,22.499631757322163,0.7007870674133301,0.15389159321784973,0.9565039873123169,0.7698350548744202
20260505_155118_0c4eecad,teacher_15b,gamma,1.2,25.242365044826972,0.7359957695007324,0.11201225966215134,0.9721391201019287,0.7619867324829102
20260505_155118_0c4eecad,student_l1b_c,gamma,1.2,22.8292741504314,0.7012359499931335,0.15358299016952515,0.9547065496444702,0.7577735781669617
20260505_155118_0c4eecad,teacher_15b,blur,1.0,21.160300864884746,0.627171516418457,0.3881067633628845,0.9246773719787598,0.672114908695221
20260505_155118_0c4eecad,student_l1b_c,blur,1.0,14.873989127233893,0.5233088731765747,0.5414922833442688,0.8536897897720337,0.5148252844810486
20260505_155118_0c4eecad,teacher_15b,blur,2.0,14.455469941981933,0.46661412715911865,0.7412246465682983,0.7768597602844238,0.30885666608810425
20260505_155118_0c4eecad,student_l1b_c,blur,2.0,15.028032953115689,0.4740917682647705,0.7692971229553223,0.7954724431037903,0.29826387763023376
20260505_155118_0c4eecad,teacher_15b,noise,0.01,25.05188899617281,0.707414984703064,0.1197916567325592,0.9706970453262329,0.7957106828689575
20260505_155118_0c4eecad,student_l1b_c,noise,0.01,22.22068629990511,0.6749496459960938,0.16553828120231628,0.9621734619140625,0.7724006772041321
20260505_155118_0c4eecad,teacher_15b,noise,0.03,21.210677877404645,0.5652855634689331,0.2558189630508423,0.8973242044448853,0.7239468097686768
20260505_155118_0c4eecad,student_l1b_c,noise,0.03,14.657303633156062,0.47317880392074585,0.3601383864879608,0.8925524353981018,0.6187735795974731
20260505_161213_0c4eecad,teacher_15b,clean,0.0,23.318435798420673,0.8063184022903442,0.12357431650161743,0.9518786072731018,0.7840049862861633
20260505_161213_0c4eecad,student_l1b_c,clean,0.0,21.4832948586482,0.7458045482635498,0.1957392692565918,0.9351187944412231,0.77055424451828
20260505_161213_0c4eecad,teacher_15b,exposure,0.8,24.01586621476991,0.8045177459716797,0.13042613863945007,0.9430084228515625,0.7985036969184875
20260505_161213_0c4eecad,student_l1b_c,exposure,0.8,21.765609080221374,0.7422565221786499,0.2011275589466095,0.9412208199501038,0.7640171051025391
20260505_161213_0c4eecad,teacher_15b,exposure,1.2,22.337001106379265,0.7974411249160767,0.12706880271434784,0.9519811868667603,0.7593300342559814
20260505_161213_0c4eecad,student_l1b_c,exposure,1.2,20.433941270193255,0.7404142618179321,0.19660735130310059,0.9160151481628418,0.7611324787139893
20260505_161213_0c4eecad,teacher_15b,gamma,0.8,22.94575410720961,0.8027232885360718,0.12528952956199646,0.950249195098877,0.7928704023361206
20260505_161213_0c4eecad,student_l1b_c,gamma,0.8,21.111610017266482,0.7371078729629517,0.20083501935005188,0.9368413686752319,0.7789462804794312
20260505_161213_0c4eecad,teacher_15b,gamma,1.2,23.655655024870995,0.8087469935417175,0.12301227450370789,0.9528889656066895,0.7774454355239868
20260505_161213_0c4eecad,student_l1b_c,gamma,1.2,21.871104675641742,0.7525522112846375,0.19230887293815613,0.9396914839744568,0.7689001560211182
20260505_161213_0c4eecad,teacher_15b,blur,1.0,20.177316113253383,0.69197678565979,0.3856378495693207,0.8922795057296753,0.7310652136802673
20260505_161213_0c4eecad,student_l1b_c,blur,1.0,17.111426697956375,0.6378902196884155,0.4340783357620239,0.8233448266983032,0.7002030611038208
20260505_161213_0c4eecad,teacher_15b,blur,2.0,14.168988147946365,0.5040892362594604,0.6770818829536438,0.744307279586792,0.27059680223464966
20260505_161213_0c4eecad,student_l1b_c,blur,2.0,13.558910390828284,0.4895831346511841,0.7074697613716125,0.6992571353912354,0.38979050517082214
20260505_161213_0c4eecad,teacher_15b,noise,0.01,22.8916827243193,0.7781156301498413,0.1400265246629715,0.937293291091919,0.7809271812438965
20260505_161213_0c4eecad,student_l1b_c,noise,0.01,20.1910523262799,0.7054895758628845,0.22191962599754333,0.9086871147155762,0.731803297996521
20260505_161213_0c4eecad,teacher_15b,noise,0.03,14.798191303953775,0.5933631658554077,0.3209667503833771,0.8487744927406311,0.6809511780738831
20260505_161213_0c4eecad,student_l1b_c,noise,0.03,14.691869912734003,0.5393028259277344,0.37518587708473206,0.7578425407409668,0.5523452162742615
20260505_123738_530769_a473e239,teacher_15b,clean,0.0,22.5912041599471,0.8546030521392822,0.09651744365692139,0.9080908298492432,0.9269596934318542
20260505_123738_530769_a473e239,student_l1b_c,clean,0.0,20.152052583848192,0.8257936835289001,0.14195668697357178,0.8587228059768677,0.9011235237121582
20260505_123738_530769_a473e239,teacher_15b,exposure,0.8,21.82588366892473,0.8433108329772949,0.10441304743289948,0.9017120003700256,0.9368643760681152
20260505_123738_530769_a473e239,student_l1b_c,exposure,0.8,19.921804236276273,0.8142818808555603,0.151160329580307,0.849520206451416,0.9005598425865173
20260505_123738_530769_a473e239,teacher_15b,exposure,1.2,21.94298679170556,0.8542899489402771,0.09830693900585175,0.9111334085464478,0.9161838293075562
20260505_123738_530769_a473e239,student_l1b_c,exposure,1.2,19.108111059815826,0.8267221450805664,0.1383807510137558,0.8532575964927673,0.8914049863815308
20260505_123738_530769_a473e239,teacher_15b,gamma,0.8,22.894955316376766,0.8551899790763855,0.09578020125627518,0.9159525632858276,0.9326245188713074
20260505_123738_530769_a473e239,student_l1b_c,gamma,0.8,20.19855041834393,0.825076699256897,0.14458681643009186,0.8580238819122314,0.8959683179855347
20260505_123738_530769_a473e239,teacher_15b,gamma,1.2,22.265775201853415,0.8533405661582947,0.09795152395963669,0.8993129730224609,0.9234718680381775
20260505_123738_530769_a473e239,student_l1b_c,gamma,1.2,20.024048287691635,0.8245641589164734,0.14143289625644684,0.8571987748146057,0.9041728973388672
20260505_123738_530769_a473e239,teacher_15b,blur,1.0,20.222719808353787,0.7826653718948364,0.3064306378364563,0.853114128112793,0.8868700861930847
20260505_123738_530769_a473e239,student_l1b_c,blur,1.0,18.284047415187487,0.7554185390472412,0.37807926535606384,0.7549511194229126,0.8514832854270935
20260505_123738_530769_a473e239,teacher_15b,blur,2.0,17.213788859279123,0.6766589879989624,0.5805128812789917,0.6765296459197998,0.6815706491470337
20260505_123738_530769_a473e239,student_l1b_c,blur,2.0,16.723656531672564,0.645633339881897,0.6304839849472046,0.6647689342498779,0.7497515678405762
20260505_123738_530769_a473e239,teacher_15b,noise,0.01,21.56938038194095,0.8114959597587585,0.14093516767024994,0.8976675271987915,0.8972546458244324
20260505_123738_530769_a473e239,student_l1b_c,noise,0.01,20.66077436362871,0.7958874702453613,0.16779795289039612,0.8632339239120483,0.9146571159362793
20260505_123738_530769_a473e239,teacher_15b,noise,0.03,19.070204088736016,0.69092857837677,0.32262909412384033,0.8780905604362488,0.8560390472412109
20260505_123738_530769_a473e239,student_l1b_c,noise,0.03,18.93635697206528,0.6705422401428223,0.3387552797794342,0.8174135088920593,0.8147844672203064
20260504_194226_d9a5816d,teacher_15b,clean,0.0,20.12443834688048,0.7185046076774597,0.21028850972652435,0.9269095659255981,0.866958498954773
20260504_194226_d9a5816d,student_l1b_c,clean,0.0,21.160236407729307,0.7153104543685913,0.21383711695671082,0.9182227253913879,0.8600865602493286
20260504_194226_d9a5816d,teacher_15b,exposure,0.8,19.13794101838995,0.7227628231048584,0.21103835105895996,0.8935381174087524,0.8536598682403564
20260504_194226_d9a5816d,student_l1b_c,exposure,0.8,20.73431081196816,0.728894829750061,0.21106523275375366,0.8830395340919495,0.8515780568122864
20260504_194226_d9a5816d,teacher_15b,exposure,1.2,19.630292644618393,0.6965093016624451,0.2227916270494461,0.9178506135940552,0.8629083037376404
20260504_194226_d9a5816d,student_l1b_c,exposure,1.2,19.730790143773408,0.68585205078125,0.23075728118419647,0.9155418872833252,0.8580650091171265
20260504_194226_d9a5816d,teacher_15b,gamma,0.8,20.04202723859384,0.7140716314315796,0.2146054059267044,0.9140502214431763,0.8717596530914307
20260504_194226_d9a5816d,student_l1b_c,gamma,0.8,20.835600265679133,0.6916435956954956,0.22891908884048462,0.9084019064903259,0.8603631258010864
20260504_194226_d9a5816d,teacher_15b,gamma,1.2,20.244279658039495,0.724576473236084,0.20514245331287384,0.9281465411186218,0.8632756471633911
20260504_194226_d9a5816d,student_l1b_c,gamma,1.2,21.15863162733396,0.7315971255302429,0.20585492253303528,0.9145650863647461,0.856159508228302
20260504_194226_d9a5816d,teacher_15b,blur,1.0,18.99951703917771,0.691718578338623,0.3185679316520691,0.9067254066467285,0.7615472078323364
20260504_194226_d9a5816d,student_l1b_c,blur,1.0,19.303947832902953,0.698131799697876,0.31087538599967957,0.9100062251091003,0.8513608574867249
20260504_194226_d9a5816d,teacher_15b,blur,2.0,18.551647914984176,0.7027353048324585,0.4025971293449402,0.8281209468841553,0.684884786605835
20260504_194226_d9a5816d,student_l1b_c,blur,2.0,18.54350266791657,0.6773769855499268,0.4689815640449524,0.8720090985298157,0.6959587335586548
20260504_194226_d9a5816d,teacher_15b,noise,0.01,19.962621901482077,0.6979331374168396,0.2677442133426666,0.9266560673713684,0.7980715036392212
20260504_194226_d9a5816d,student_l1b_c,noise,0.01,20.521407249758855,0.6756235957145691,0.3246169090270996,0.8978580236434937,0.8145178556442261
20260504_194226_d9a5816d,teacher_15b,noise,0.03,20.09346453865019,0.6423707008361816,0.47680848836898804,0.8782734274864197,0.700858473777771
20260504_194226_d9a5816d,student_l1b_c,noise,0.03,18.322437999849274,0.5166419744491577,0.5909271240234375,0.8666941523551941,0.6793268918991089
20260505_132722_666618_36673bd5,teacher_15b,clean,0.0,24.112917983455628,0.800743579864502,0.1299867480993271,0.9765031337738037,0.9175308346748352
20260505_132722_666618_36673bd5,student_l1b_c,clean,0.0,22.201993594204403,0.7588066458702087,0.18322953581809998,0.9190541505813599,0.756109356880188
20260505_132722_666618_36673bd5,teacher_15b,exposure,0.8,23.984074002940442,0.7963568568229675,0.14085349440574646,0.978003978729248,0.9232091307640076
20260505_132722_666618_36673bd5,student_l1b_c,exposure,0.8,22.0876233613207,0.7559095621109009,0.19773727655410767,0.9355176687240601,0.7182684540748596
20260505_132722_666618_36673bd5,teacher_15b,exposure,1.2,23.714905791083392,0.7960934042930603,0.13532143831253052,0.9695267677307129,0.8704575896263123
20260505_132722_666618_36673bd5,student_l1b_c,exposure,1.2,21.39299223930552,0.7450346946716309,0.18377815186977386,0.8970931768417358,0.7438174486160278
20260505_132722_666618_36673bd5,teacher_15b,gamma,0.8,24.15790117697544,0.8006226420402527,0.130400612950325,0.9751371145248413,0.923332691192627
20260505_132722_666618_36673bd5,student_l1b_c,gamma,0.8,22.036227003273293,0.7565006017684937,0.18698449432849884,0.9176989793777466,0.7507262229919434
20260505_132722_666618_36673bd5,teacher_15b,gamma,1.2,24.092092849988234,0.8004967570304871,0.13076156377792358,0.9760649800300598,0.9096779823303223
20260505_132722_666618_36673bd5,student_l1b_c,gamma,1.2,22.29801165032935,0.7609915137290955,0.18217414617538452,0.9222433567047119,0.7494757175445557
20260505_132722_666618_36673bd5,teacher_15b,blur,1.0,13.458847359094433,0.6398934125900269,0.4421965479850769,0.8496668338775635,0.3892945647239685
20260505_132722_666618_36673bd5,student_l1b_c,blur,1.0,11.595398842662396,0.5360526442527771,0.5344859957695007,0.733445942401886,0.5371493101119995
20260505_132722_666618_36673bd5,teacher_15b,blur,2.0,10.075064171390691,0.3500388562679291,0.811260461807251,0.6650336384773254,0.15201616287231445
20260505_132722_666618_36673bd5,student_l1b_c,blur,2.0,10.776395124878338,0.4592600464820862,0.7218828797340393,0.6583869457244873,0.39430391788482666
20260505_132722_666618_36673bd5,teacher_15b,noise,0.01,22.76408729856262,0.7822343707084656,0.15227578580379486,0.9548348784446716,0.903295636177063
20260505_132722_666618_36673bd5,student_l1b_c,noise,0.01,18.460140435824872,0.6818075180053711,0.28298717737197876,0.8504441976547241,0.7039918899536133
20260505_132722_666618_36673bd5,teacher_15b,noise,0.03,16.90697956650188,0.591711163520813,0.4130280613899231,0.8537412881851196,0.6808521747589111
20260505_132722_666618_36673bd5,student_l1b_c,noise,0.03,13.210313345388428,0.48086804151535034,0.570611298084259,0.7845922708511353,0.7493908405303955
20260505_161704_0c4eecad,teacher_15b,clean,0.0,18.56995598301114,0.6520640850067139,0.3253633975982666,0.8874368667602539,0.5431334972381592
20260505_161704_0c4eecad,student_l1b_c,clean,0.0,17.424293939077643,0.6426340937614441,0.3347761034965515,0.8720318078994751,0.4987315535545349
20260505_161704_0c4eecad,teacher_15b,exposure,0.8,18.446242552747922,0.6489291191101074,0.3275817036628723,0.8859761357307434,0.5366633534431458
20260505_161704_0c4eecad,student_l1b_c,exposure,0.8,17.598902576502354,0.645801305770874,0.33569636940956116,0.8846631050109863,0.4989691972732544
20260505_161704_0c4eecad,teacher_15b,exposure,1.2,17.97512512038707,0.6475242972373962,0.3305682837963104,0.878572940826416,0.5327898859977722
20260505_161704_0c4eecad,student_l1b_c,exposure,1.2,16.523084512214137,0.6309853196144104,0.3391379714012146,0.8797808885574341,0.4981481432914734
20260505_161704_0c4eecad,teacher_15b,gamma,0.8,18.640080567199508,0.6524825096130371,0.32495197653770447,0.8898921012878418,0.5404046773910522
20260505_161704_0c4eecad,student_l1b_c,gamma,0.8,17.701387879903933,0.6455725431442261,0.33249738812446594,0.8904947638511658,0.5011999607086182
20260505_161704_0c4eecad,teacher_15b,gamma,1.2,18.524280908419176,0.6518388986587524,0.3260294198989868,0.8776774406433105,0.5438823699951172
20260505_161704_0c4eecad,student_l1b_c,gamma,1.2,17.217086894442556,0.6400970816612244,0.3380308747291565,0.8657314777374268,0.49655139446258545
20260505_161704_0c4eecad,teacher_15b,blur,1.0,18.007618102449445,0.6278476119041443,0.4933586120605469,0.8982343077659607,0.5221269130706787
20260505_161704_0c4eecad,student_l1b_c,blur,1.0,16.992707998866045,0.6130513548851013,0.4918851852416992,0.8578783869743347,0.49572527408599854
20260505_161704_0c4eecad,teacher_15b,blur,2.0,17.32184043521738,0.5661240816116333,0.6571806073188782,0.7910020351409912,0.4476073086261749
20260505_161704_0c4eecad,student_l1b_c,blur,2.0,16.71599753052927,0.5505174398422241,0.6673862934112549,0.8013442754745483,0.36917129158973694
20260505_161704_0c4eecad,teacher_15b,noise,0.01,17.26009268963184,0.6235027313232422,0.3531703054904938,0.8712023496627808,0.5305755734443665
20260505_161704_0c4eecad,student_l1b_c,noise,0.01,16.995743458849535,0.6202888488769531,0.3552260100841522,0.8904938101768494,0.5041474103927612
20260505_161704_0c4eecad,teacher_15b,noise,0.03,16.232957970299942,0.5259149074554443,0.4824228882789612,0.7919634580612183,0.4260537028312683
20260505_161704_0c4eecad,student_l1b_c,noise,0.03,16.571830337081913,0.5414508581161499,0.4610498547554016,0.8035985827445984,0.47269031405448914
20260505_160207_0c4eecad,teacher_15b,clean,0.0,32.43566629376045,0.885360836982727,0.04127131775021553,0.9895491003990173,0.9670825004577637
20260505_160207_0c4eecad,student_l1b_c,clean,0.0,31.01808193400253,0.8573283553123474,0.06806769967079163,0.9863662719726562,0.9401386380195618
20260505_160207_0c4eecad,teacher_15b,exposure,0.8,30.667027241509746,0.8818752765655518,0.046556249260902405,0.9904286861419678,0.9667134284973145
20260505_160207_0c4eecad,student_l1b_c,exposure,0.8,28.806864840840923,0.8461834192276001,0.07627749443054199,0.9907811880111694,0.9376633763313293
20260505_160207_0c4eecad,teacher_15b,exposure,1.2,31.96036791174066,0.8855125308036804,0.04060414433479309,0.9878584742546082,0.9651161432266235
20260505_160207_0c4eecad,student_l1b_c,exposure,1.2,29.03294463083804,0.8604319095611572,0.070402592420578,0.973663330078125,0.9347922205924988
20260505_160207_0c4eecad,teacher_15b,gamma,0.8,32.38371434214015,0.8849047422409058,0.04177630692720413,0.9907217025756836,0.966610312461853
20260505_160207_0c4eecad,student_l1b_c,gamma,0.8,30.86847510474614,0.8548129796981812,0.06900759786367416,0.9869181513786316,0.9376941919326782
20260505_160207_0c4eecad,teacher_15b,gamma,1.2,32.44700226179747,0.8853139877319336,0.04136238992214203,0.9891678094863892,0.9673883318901062
20260505_160207_0c4eecad,student_l1b_c,gamma,1.2,30.99974418833067,0.8574292659759521,0.06880760192871094,0.9853066205978394,0.9419088363647461
20260505_160207_0c4eecad,teacher_15b,blur,1.0,27.733454226330082,0.796027660369873,0.2738259732723236,0.9649404287338257,0.9449517726898193
20260505_160207_0c4eecad,student_l1b_c,blur,1.0,26.55619930270924,0.757569432258606,0.3107372224330902,0.9314053058624268,0.7199302911758423
20260505_160207_0c4eecad,teacher_15b,blur,2.0,19.948778139317646,0.5282953977584839,0.6653183102607727,0.8457497358322144,0.40669509768486023
20260505_160207_0c4eecad,student_l1b_c,blur,2.0,13.366776857708615,0.4030797481536865,0.8089967370033264,0.8153529763221741,0.39715614914894104
20260505_160207_0c4eecad,teacher_15b,noise,0.01,31.579528231322268,0.8723213076591492,0.053843241184949875,0.9736883044242859,0.951728105545044
20260505_160207_0c4eecad,student_l1b_c,noise,0.01,30.651160493733613,0.8424316644668579,0.07662353664636612,0.9589954614639282,0.9308192729949951
20260505_160207_0c4eecad,teacher_15b,noise,0.03,16.813664658573927,0.6425537467002869,0.28858378529548645,0.9307749271392822,0.6424174308776855
20260505_160207_0c4eecad,student_l1b_c,noise,0.03,13.202783725228942,0.48192843794822693,0.41275495290756226,0.9141055345535278,0.53535395860672
20260505_143802_495498_f00ca076,teacher_15b,clean,0.0,27.252403574829383,0.9136309027671814,0.03911067545413971,0.9861615896224976,0.9646288156509399
20260505_143802_495498_f00ca076,student_l1b_c,clean,0.0,24.433496348198545,0.8848544359207153,0.06700406223535538,0.9790676832199097,0.9561954736709595
20260505_143802_495498_f00ca076,teacher_15b,exposure,0.8,24.87124700823008,0.9104189872741699,0.04366960749030113,0.9866536855697632,0.9640548825263977
20260505_143802_495498_f00ca076,student_l1b_c,exposure,0.8,22.4568168429957,0.8812397718429565,0.07108032703399658,0.9736393690109253,0.9574640989303589
20260505_143802_495498_f00ca076,teacher_15b,exposure,1.2,28.198797675349606,0.9112934470176697,0.03992791473865509,0.9778832197189331,0.9608492851257324
20260505_143802_495498_f00ca076,student_l1b_c,exposure,1.2,26.242955719158335,0.8813914060592651,0.0709516704082489,0.9544906616210938,0.9495786428451538
20260505_143802_495498_f00ca076,teacher_15b,gamma,0.8,27.55788486627415,0.9141238927841187,0.03883154317736626,0.9843876361846924,0.9651065468788147
20260505_143802_495498_f00ca076,student_l1b_c,gamma,0.8,24.643863091931127,0.8855304718017578,0.06645140051841736,0.9789600372314453,0.9554364681243896
20260505_143802_495498_f00ca076,teacher_15b,gamma,1.2,26.966900255026335,0.9131237268447876,0.03961421549320221,0.9830645322799683,0.9640123844146729
20260505_143802_495498_f00ca076,student_l1b_c,gamma,1.2,24.129922614142263,0.8837155103683472,0.06906681507825851,0.9770292043685913,0.9542642831802368
20260505_143802_495498_f00ca076,teacher_15b,blur,1.0,26.144490542455824,0.8669182062149048,0.18539777398109436,0.9502394199371338,0.9207390546798706
20260505_143802_495498_f00ca076,student_l1b_c,blur,1.0,22.793067859880903,0.8306662440299988,0.25114956498146057,0.9089183807373047,0.8423389792442322
20260505_143802_495498_f00ca076,teacher_15b,blur,2.0,23.115961001753853,0.7708917856216431,0.4186495840549469,0.8089381456375122,0.5277950763702393
20260505_143802_495498_f00ca076,student_l1b_c,blur,2.0,22.103874197848814,0.7540371417999268,0.4580116868019104,0.7910897135734558,0.4823170304298401
20260505_143802_495498_f00ca076,teacher_15b,noise,0.01,23.808498907822564,0.8660094141960144,0.13597050309181213,0.946954607963562,0.9371210336685181
20260505_143802_495498_f00ca076,student_l1b_c,noise,0.01,17.651674046616414,0.6969330310821533,0.341438889503479,0.9321849346160889,0.9197005033493042
20260505_143802_495498_f00ca076,teacher_15b,noise,0.03,17.9173683325661,0.5789575576782227,0.5695715546607971,0.7796140313148499,0.6999300718307495
20260505_143802_495498_f00ca076,student_l1b_c,noise,0.03,14.369673627305533,0.3855142593383789,0.7216973304748535,0.7725794911384583,0.6719710230827332
20260505_160831_0c4eecad,teacher_15b,clean,0.0,20.938781894629233,0.6574486494064331,0.1567535102367401,0.9695271253585815,0.8863371014595032
20260505_160831_0c4eecad,student_l1b_c,clean,0.0,19.019658823026692,0.5998470783233643,0.20665636658668518,0.9379123449325562,0.8781984448432922
20260505_160831_0c4eecad,teacher_15b,exposure,0.8,19.929703599160142,0.6366199254989624,0.17086297273635864,0.9675605297088623,0.8918490409851074
20260505_160831_0c4eecad,student_l1b_c,exposure,0.8,17.56076166535276,0.5627870559692383,0.22752034664154053,0.9407379627227783,0.873150646686554
20260505_160831_0c4eecad,teacher_15b,exposure,1.2,20.9115928336278,0.658962607383728,0.15485213696956635,0.9700942039489746,0.8830172419548035
20260505_160831_0c4eecad,student_l1b_c,exposure,1.2,19.21456356610294,0.6070407032966614,0.20106607675552368,0.9327573776245117,0.8774434328079224
20260505_160831_0c4eecad,teacher_15b,gamma,0.8,20.898611512007733,0.6557607054710388,0.15830840170383453,0.9704898595809937,0.8841060400009155
20260505_160831_0c4eecad,student_l1b_c,gamma,0.8,18.870663063880762,0.5952035784721375,0.2105226367712021,0.947528600692749,0.8784573674201965
20260505_160831_0c4eecad,teacher_15b,gamma,1.2,20.94408898338454,0.6580029129981995,0.15637655556201935,0.9664870500564575,0.8883264660835266
20260505_160831_0c4eecad,student_l1b_c,gamma,1.2,19.035339575862437,0.6007224321365356,0.20479117333889008,0.9390740394592285,0.8777240514755249
20260505_160831_0c4eecad,teacher_15b,blur,1.0,16.89813395210679,0.47460246086120605,0.391981840133667,0.9316976070404053,0.7994591593742371
20260505_160831_0c4eecad,student_l1b_c,blur,1.0,14.999917352773252,0.4306710958480835,0.49864327907562256,0.8659616708755493,0.6428942680358887
20260505_160831_0c4eecad,teacher_15b,blur,2.0,12.31354271587148,0.2574402093887329,0.8709301352500916,0.618733286857605,0.31438612937927246
20260505_160831_0c4eecad,student_l1b_c,blur,2.0,11.689709858501374,0.2505648732185364,0.8753107786178589,0.6635203957557678,0.4357248842716217
20260505_160831_0c4eecad,teacher_15b,noise,0.01,20.536147118658214,0.6321624517440796,0.1647576540708542,0.9565531611442566,0.8711800575256348
20260505_160831_0c4eecad,student_l1b_c,noise,0.01,19.034212206955843,0.5843449831008911,0.20955388247966766,0.9394748210906982,0.8803880214691162
20260505_160831_0c4eecad,teacher_15b,noise,0.03,18.867316293619048,0.5293008089065552,0.21639902889728546,0.9182552099227905,0.8363633155822754
20260505_160831_0c4eecad,student_l1b_c,noise,0.03,18.108627398827903,0.48786425590515137,0.28495216369628906,0.9243790507316589,0.778535008430481
20260505_152848_0c4eecad,teacher_15b,clean,0.0,20.113760326538255,0.7491191625595093,0.19729268550872803,0.9206166863441467,0.9355526566505432
20260505_152848_0c4eecad,student_l1b_c,clean,0.0,17.03326681947315,0.6645957231521606,0.30052271485328674,0.8895226716995239,0.9096140265464783
20260505_152848_0c4eecad,teacher_15b,exposure,0.8,19.783433545087334,0.7451000213623047,0.1967967450618744,0.9177624583244324,0.9241371154785156
20260505_152848_0c4eecad,student_l1b_c,exposure,0.8,16.93461175705032,0.6573771238327026,0.3103903830051422,0.885521411895752,0.9147887229919434
20260505_152848_0c4eecad,teacher_15b,exposure,1.2,19.70454446882,0.7418374419212341,0.20379017293453217,0.9158114790916443,0.9357963800430298
20260505_152848_0c4eecad,student_l1b_c,exposure,1.2,16.84372899530565,0.6637974977493286,0.29610833525657654,0.8830896019935608,0.9091795682907104
20260505_152848_0c4eecad,teacher_15b,gamma,0.8,20.24437165118455,0.7488223314285278,0.1964276134967804,0.9211379289627075,0.9369024634361267
20260505_152848_0c4eecad,student_l1b_c,gamma,0.8,16.974615433918927,0.662047803401947,0.2997165620326996,0.891988217830658,0.912306547164917
20260505_152848_0c4eecad,teacher_15b,gamma,1.2,19.965700282244413,0.7491602301597595,0.1980881243944168,0.9208728671073914,0.9340934157371521
20260505_152848_0c4eecad,student_l1b_c,gamma,1.2,17.071194279870767,0.6658658981323242,0.30323275923728943,0.8849068880081177,0.9070030450820923
20260505_152848_0c4eecad,teacher_15b,blur,1.0,18.041362781415646,0.6356942653656006,0.4059537649154663,0.8591620922088623,0.8912819623947144
20260505_152848_0c4eecad,student_l1b_c,blur,1.0,16.26171627853083,0.5831693410873413,0.4818340837955475,0.8058801889419556,0.8788506984710693
20260505_152848_0c4eecad,teacher_15b,blur,2.0,15.359450743061673,0.5050057768821716,0.641327440738678,0.6838569641113281,0.6821835041046143
20260505_152848_0c4eecad,student_l1b_c,blur,2.0,15.237141647512235,0.48058733344078064,0.6732911467552185,0.6741951704025269,0.6733760237693787
20260505_152848_0c4eecad,teacher_15b,noise,0.01,16.911521361457776,0.6712841391563416,0.3533593416213989,0.8876200318336487,0.9070606231689453
20260505_152848_0c4eecad,student_l1b_c,noise,0.01,16.510350800175303,0.6381698846817017,0.37187322974205017,0.8743541240692139,0.8819741010665894
20260505_152848_0c4eecad,teacher_15b,noise,0.03,16.349856112277713,0.5650153160095215,0.4811655879020691,0.8174007534980774,0.8256175518035889
20260505_152848_0c4eecad,student_l1b_c,noise,0.03,16.348391354618727,0.5320640206336975,0.5141870975494385,0.7544829249382019,0.8508402109146118
20260505_122744_601974_a473e239,teacher_15b,clean,0.0,25.85856759159386,0.83809494972229,0.07993947714567184,0.9493539929389954,0.9414473176002502
20260505_122744_601974_a473e239,student_l1b_c,clean,0.0,22.729527432359685,0.7922525405883789,0.18177548050880432,0.93407142162323,0.9029168486595154
20260505_122744_601974_a473e239,teacher_15b,exposure,0.8,26.4471858164669,0.8398299217224121,0.08346840739250183,0.9523675441741943,0.9436053037643433
20260505_122744_601974_a473e239,student_l1b_c,exposure,0.8,23.068871149655447,0.7947062849998474,0.18632493913173676,0.9377968907356262,0.899441123008728
20260505_122744_601974_a473e239,teacher_15b,exposure,1.2,25.101547257248296,0.831514835357666,0.08348741382360458,0.9461880922317505,0.9379656910896301
20260505_122744_601974_a473e239,student_l1b_c,exposure,1.2,21.094777964083626,0.7732317447662354,0.18588101863861084,0.921639621257782,0.906197726726532
20260505_122744_601974_a473e239,teacher_15b,gamma,0.8,25.806968115769124,0.8378245830535889,0.08036722242832184,0.9489037990570068,0.943041205406189
20260505_122744_601974_a473e239,student_l1b_c,gamma,0.8,22.748622224266576,0.7929190397262573,0.17994312942028046,0.9382391571998596,0.9031124711036682
20260505_122744_601974_a473e239,teacher_15b,gamma,1.2,25.92163397711538,0.8383698463439941,0.07977063208818436,0.9503430724143982,0.9397964477539062
20260505_122744_601974_a473e239,student_l1b_c,gamma,1.2,22.844982520237256,0.7925304174423218,0.18270474672317505,0.9327088594436646,0.9025933146476746
20260505_122744_601974_a473e239,teacher_15b,blur,1.0,22.474807848557926,0.7509922981262207,0.30116739869117737,0.930932879447937,0.8873230218887329
20260505_122744_601974_a473e239,student_l1b_c,blur,1.0,20.357819252629326,0.6950294971466064,0.39562809467315674,0.8953380584716797,0.8365306854248047
20260505_122744_601974_a473e239,teacher_15b,blur,2.0,16.23709756195945,0.5983880758285522,0.6260896325111389,0.7302383184432983,0.7355685234069824
20260505_122744_601974_a473e239,student_l1b_c,blur,2.0,17.88687019723219,0.5801705121994019,0.6465656757354736,0.7174113988876343,0.5557655096054077
20260505_122744_601974_a473e239,teacher_15b,noise,0.01,25.249955871517194,0.8037135004997253,0.1080484613776207,0.9378312826156616,0.9274455308914185
20260505_122744_601974_a473e239,student_l1b_c,noise,0.01,18.39855001654267,0.7244049310684204,0.22539176046848297,0.9338966608047485,0.8790597915649414
20260505_122744_601974_a473e239,teacher_15b,noise,0.03,17.34452363994857,0.6438945531845093,0.32146888971328735,0.8939598798751831,0.8334780931472778
20260505_122744_601974_a473e239,student_l1b_c,noise,0.03,14.95724177742223,0.5909571647644043,0.38554632663726807,0.8554357886314392,0.8287651538848877
